sample_id,source_id,parent_id,split,label,logit,probability,checkpoint,seed,matching_policy,transform,transform_parameter,dataset_name,generator_name,generator_checkpoint,capture_source
sid_set_003400560084aacf7de6__matched_clean__fixed_q96,sid_set_003400560084aacf7de6,sid_set_003400560084aacf7de6__source_original,selection_val,ai_generated,6.3377766609191895,0.9982348680496216,epoch_014,42,fixed_q96,clean,,sid_set,unknown,unknown,unknown
sid_set_003c3cfde47fb38406d1__matched_clean__fixed_q96,sid_set_003c3cfde47fb38406d1,sid_set_003c3cfde47fb38406d1__source_original,selection_val,authentic,-9.15781021118164,0.00010538232891121879,epoch_014,42,fixed_q96,clean,,sid_set,unknown,unknown,unknown
sid_set_006ce3b69840ca44c199__matched_clean__fixed_q96,sid_set_006ce3b69840ca44c199,sid_set_006ce3b69840ca44c199__source_original,selection_val,authentic,-7.011247634887695,0.000900870596524328,epoch_014,42,fixed_q96,clean,,sid_set,unknown,unknown,unknown
sid_set_00758a039a7487f193fd__matched_clean__fixed_q96,sid_set_00758a039a7487f193fd,sid_set_00758a039a7487f193fd__source_original,selection_val,ai_generated,7.479458332061768,0.9994357228279114,epoch_014,42,fixed_q96,clean,,sid_set,unknown,unknown,unknown
sid_set_00a03c10b86c6303a0a2__matched_clean__fixed_q96,sid_set_00a03c10b86c6303a0a2,sid_set_00a03c10b86c6303a0a2__source_original,selection_val,authentic,-4.20900297164917,0.01464355830103159,epoch_014,42,fixed_q96,clean,,sid_set,unknown,unknown,unknown
sid_set_00d58ad8c6cd74a0b521__matched_clean__fixed_q96,sid_set_00d58ad8c6cd74a0b521,sid_set_00d58ad8c6cd74a0b521__source_original,selection_val,ai_generated,6.71205472946167,0.9987853169441223,epoch_014,42,fixed_q96,clean,,sid_set,unknown,unknown,unknown
sid_set_00f0e97d3f00e11a4baa__matched_clean__fixed_q96,sid_set_00f0e97d3f00e11a4baa,sid_set_00f0e97d3f00e11a4baa__source_original,selection_val,ai_generated,4.917397975921631,0.9927350282669067,epoch_014,42,fixed_q96,clean,,sid_set,unknown,unknown,unknown
sid_set_00ffbd45bb2138ef9912__matched_clean__fixed_q96,sid_set_00ffbd45bb2138ef9912,sid_set_00ffbd45bb2138ef9912__source_original,selection_val,authentic,-4.829469203948975,0.007927415892481804,epoch_014,42,fixed_q96,clean,,sid_set,unknown,unknown,unknown
sid_set_01191e0157d4e61a1b27__matched_clean__fixed_q96,sid_set_01191e0157d4e61a1b27,sid_set_01191e0157d4e61a1b27__source_original,selection_val,ai_generated,3.4207043647766113,0.9683453440666199,epoch_014,42,fixed_q96,clean,,sid_set,unknown,unknown,unknown
sid_set_013129761f5698fcf504__matched_clean__fixed_q96,sid_set_013129761f5698fcf504,sid_set_013129761f5698fcf504__source_original,selection_val,authentic,-6.586662769317627,0.0013767351629212499,epoch_014,42,fixed_q96,clean,,sid_set,unknown,unknown,unknown
sid_set_018a973921b83333b700__matched_clean__fixed_q96,sid_set_018a973921b83333b700,sid_set_018a973921b83333b700__source_original,selection_val,authentic,-4.780600547790527,0.008321135304868221,epoch_014,42,fixed_q96,clean,,sid_set,unknown,unknown,unknown
sid_set_019f1ee1f99fa3980556__matched_clean__fixed_q96,sid_set_019f1ee1f99fa3980556,sid_set_019f1ee1f99fa3980556__source_original,selection_val,ai_generated,7.6868109703063965,0.9995414018630981,epoch_014,42,fixed_q96,clean,,sid_set,unknown,unknown,unknown
sid_set_01cec863a8678dc85251__matched_clean__fixed_q96,sid_set_01cec863a8678dc85251,sid_set_01cec863a8678dc85251__source_original,selection_val,ai_generated,6.347306251525879,0.9982516169548035,epoch_014,42,fixed_q96,clean,,sid_set,unknown,unknown,unknown
sid_set_01ea24c045a390efaa7b__matched_clean__fixed_q96,sid_set_01ea24c045a390efaa7b,sid_set_01ea24c045a390efaa7b__source_original,selection_val,authentic,-7.326351165771484,0.0006575373699888587,epoch_014,42,fixed_q96,clean,,sid_set,unknown,unknown,unknown
sid_set_02772983bdc16f75dad1__matched_clean__fixed_q96,sid_set_02772983bdc16f75dad1,sid_set_02772983bdc16f75dad1__source_original,selection_val,authentic,-7.472761631011963,0.0005680336616933346,epoch_014,42,fixed_q96,clean,,sid_set,unknown,unknown,unknown
sid_set_02adc3dbf86ec3602cc0__matched_clean__fixed_q96,sid_set_02adc3dbf86ec3602cc0,sid_set_02adc3dbf86ec3602cc0__source_original,selection_val,ai_generated,7.742068767547607,0.9995660185813904,epoch_014,42,fixed_q96,clean,,sid_set,unknown,unknown,unknown
sid_set_02c69e66c2078122bca5__matched_clean__fixed_q96,sid_set_02c69e66c2078122bca5,sid_set_02c69e66c2078122bca5__source_original,selection_val,authentic,-6.5890793800354,0.0013734166277572513,epoch_014,42,fixed_q96,clean,,sid_set,unknown,unknown,unknown
sid_set_032b9a35933f2fee035e__matched_clean__fixed_q96,sid_set_032b9a35933f2fee035e,sid_set_032b9a35933f2fee035e__source_original,selection_val,authentic,-4.276031970977783,0.01370720099657774,epoch_014,42,fixed_q96,clean,,sid_set,unknown,unknown,unknown
sid_set_035b53f827dc01c53851__matched_clean__fixed_q96,sid_set_035b53f827dc01c53851,sid_set_035b53f827dc01c53851__source_original,selection_val,ai_generated,4.935652732849121,0.9928654432296753,epoch_014,42,fixed_q96,clean,,sid_set,unknown,unknown,unknown
sid_set_039b22306575f94903ed__matched_clean__fixed_q96,sid_set_039b22306575f94903ed,sid_set_039b22306575f94903ed__source_original,selection_val,authentic,-8.078563690185547,0.0003100199974142015,epoch_014,42,fixed_q96,clean,,sid_set,unknown,unknown,unknown
sid_set_039d30af18578090de1f__matched_clean__fixed_q96,sid_set_039d30af18578090de1f,sid_set_039d30af18578090de1f__source_original,selection_val,authentic,-6.741739749908447,0.0011791993165388703,epoch_014,42,fixed_q96,clean,,sid_set,unknown,unknown,unknown
sid_set_03d2420e280208eb8327__matched_clean__fixed_q96,sid_set_03d2420e280208eb8327,sid_set_03d2420e280208eb8327__source_original,selection_val,authentic,-10.194117546081543,3.738821760634892e-05,epoch_014,42,fixed_q96,clean,,sid_set,unknown,unknown,unknown
sid_set_03ea3b8e934437658e9b__matched_clean__fixed_q96,sid_set_03ea3b8e934437658e9b,sid_set_03ea3b8e934437658e9b__source_original,selection_val,authentic,-6.131694793701172,0.002168184146285057,epoch_014,42,fixed_q96,clean,,sid_set,unknown,unknown,unknown
sid_set_0419ceda2ef9bcae2a06__matched_clean__fixed_q96,sid_set_0419ceda2ef9bcae2a06,sid_set_0419ceda2ef9bcae2a06__source_original,selection_val,authentic,-6.953444004058838,0.0009544274653308094,epoch_014,42,fixed_q96,clean,,sid_set,unknown,unknown,unknown
sid_set_041de7e281067572cf8d__matched_clean__fixed_q96,sid_set_041de7e281067572cf8d,sid_set_041de7e281067572cf8d__source_original,selection_val,authentic,-10.940317153930664,1.772853829606902e-05,epoch_014,42,fixed_q96,clean,,sid_set,unknown,unknown,unknown
sid_set_042d533796ba2af8cd2b__matched_clean__fixed_q96,sid_set_042d533796ba2af8cd2b,sid_set_042d533796ba2af8cd2b__source_original,selection_val,ai_generated,4.816429615020752,0.9919694066047668,epoch_014,42,fixed_q96,clean,,sid_set,unknown,unknown,unknown
sid_set_04356cbfa3d06287cce0__matched_clean__fixed_q96,sid_set_04356cbfa3d06287cce0,sid_set_04356cbfa3d06287cce0__source_original,selection_val,authentic,-5.558295249938965,0.003840536577627063,epoch_014,42,fixed_q96,clean,,sid_set,unknown,unknown,unknown
sid_set_0498ec0958c9a1469b0c__matched_clean__fixed_q96,sid_set_0498ec0958c9a1469b0c,sid_set_0498ec0958c9a1469b0c__source_original,selection_val,authentic,-4.805026531219482,0.008121976628899574,epoch_014,42,fixed_q96,clean,,sid_set,unknown,unknown,unknown
sid_set_04991d4e0373ac0ffd82__matched_clean__fixed_q96,sid_set_04991d4e0373ac0ffd82,sid_set_04991d4e0373ac0ffd82__source_original,selection_val,ai_generated,5.817145347595215,0.9970327615737915,epoch_014,42,fixed_q96,clean,,sid_set,unknown,unknown,unknown
sid_set_049b1c1ac16117f92239__matched_clean__fixed_q96,sid_set_049b1c1ac16117f92239,sid_set_049b1c1ac16117f92239__source_original,selection_val,ai_generated,5.434258937835693,0.9956544637680054,epoch_014,42,fixed_q96,clean,,sid_set,unknown,unknown,unknown
sid_set_04aae9f9e9f1db4aefd5__matched_clean__fixed_q96,sid_set_04aae9f9e9f1db4aefd5,sid_set_04aae9f9e9f1db4aefd5__source_original,selection_val,ai_generated,1.8671493530273438,0.8661280870437622,epoch_014,42,fixed_q96,clean,,sid_set,unknown,unknown,unknown
sid_set_04d72e000e079ed352f5__matched_clean__fixed_q96,sid_set_04d72e000e079ed352f5,sid_set_04d72e000e079ed352f5__source_original,selection_val,ai_generated,5.954089641571045,0.9974115490913391,epoch_014,42,fixed_q96,clean,,sid_set,unknown,unknown,unknown
sid_set_05033f944fe0bd315f8b__matched_clean__fixed_q96,sid_set_05033f944fe0bd315f8b,sid_set_05033f944fe0bd315f8b__source_original,selection_val,ai_generated,8.153995513916016,0.9997125267982483,epoch_014,42,fixed_q96,clean,,sid_set,unknown,unknown,unknown
sid_set_0558f319e93163ec18a4__matched_clean__fixed_q96,sid_set_0558f319e93163ec18a4,sid_set_0558f319e93163ec18a4__source_original,selection_val,authentic,-5.221476078033447,0.005370356608182192,epoch_014,42,fixed_q96,clean,,sid_set,unknown,unknown,unknown
sid_set_0559277ab884af3f7826__matched_clean__fixed_q96,sid_set_0559277ab884af3f7826,sid_set_0559277ab884af3f7826__source_original,selection_val,authentic,-4.792422771453857,0.008224145509302616,epoch_014,42,fixed_q96,clean,,sid_set,unknown,unknown,unknown
sid_set_05855c296e928232b4d3__matched_clean__fixed_q96,sid_set_05855c296e928232b4d3,sid_set_05855c296e928232b4d3__source_original,selection_val,authentic,-7.765788555145264,0.00042381545063108206,epoch_014,42,fixed_q96,clean,,sid_set,unknown,unknown,unknown
sid_set_05a0b1c8a3304d413288__matched_clean__fixed_q96,sid_set_05a0b1c8a3304d413288,sid_set_05a0b1c8a3304d413288__source_original,selection_val,authentic,-7.088413238525391,0.0008340246276929975,epoch_014,42,fixed_q96,clean,,sid_set,unknown,unknown,unknown
sid_set_05ab9720c68b7474a1fc__matched_clean__fixed_q96,sid_set_05ab9720c68b7474a1fc,sid_set_05ab9720c68b7474a1fc__source_original,selection_val,ai_generated,10.681373596191406,0.9999769926071167,epoch_014,42,fixed_q96,clean,,sid_set,unknown,unknown,unknown
sid_set_05b7592580c7290b1ae1__matched_clean__fixed_q96,sid_set_05b7592580c7290b1ae1,sid_set_05b7592580c7290b1ae1__source_original,selection_val,ai_generated,2.4215874671936035,0.9184587597846985,epoch_014,42,fixed_q96,clean,,sid_set,unknown,unknown,unknown
sid_set_05cc7d97882d600fd02e__matched_clean__fixed_q96,sid_set_05cc7d97882d600fd02e,sid_set_05cc7d97882d600fd02e__source_original,selection_val,ai_generated,6.17043399810791,0.9979140162467957,epoch_014,42,fixed_q96,clean,,sid_set,unknown,unknown,unknown
sid_set_062cac694590e3b81508__matched_clean__fixed_q96,sid_set_062cac694590e3b81508,sid_set_062cac694590e3b81508__source_original,selection_val,authentic,-1.8141343593597412,0.14013919234275818,epoch_014,42,fixed_q96,clean,,sid_set,unknown,unknown,unknown
sid_set_0667494ffb457298dfdd__matched_clean__fixed_q96,sid_set_0667494ffb457298dfdd,sid_set_0667494ffb457298dfdd__source_original,selection_val,ai_generated,2.65826416015625,0.9345184564590454,epoch_014,42,fixed_q96,clean,,sid_set,unknown,unknown,unknown
sid_set_066f100a702b8e1feaf0__matched_clean__fixed_q96,sid_set_066f100a702b8e1feaf0,sid_set_066f100a702b8e1feaf0__source_original,selection_val,authentic,-7.272556781768799,0.0006938526639714837,epoch_014,42,fixed_q96,clean,,sid_set,unknown,unknown,unknown
sid_set_0673611b2820f8513f14__matched_clean__fixed_q96,sid_set_0673611b2820f8513f14,sid_set_0673611b2820f8513f14__source_original,selection_val,authentic,-7.461896896362305,0.000574235338717699,epoch_014,42,fixed_q96,clean,,sid_set,unknown,unknown,unknown
sid_set_067de27858532d90795c__matched_clean__fixed_q96,sid_set_067de27858532d90795c,sid_set_067de27858532d90795c__source_original,selection_val,authentic,-6.349287509918213,0.0017449419246986508,epoch_014,42,fixed_q96,clean,,sid_set,unknown,unknown,unknown
sid_set_06ab5432914d932a7fb1__matched_clean__fixed_q96,sid_set_06ab5432914d932a7fb1,sid_set_06ab5432914d932a7fb1__source_original,selection_val,authentic,-7.7569580078125,0.0004275729297660291,epoch_014,42,fixed_q96,clean,,sid_set,unknown,unknown,unknown
sid_set_06c03fcb9e6eb9be3fd3__matched_clean__fixed_q96,sid_set_06c03fcb9e6eb9be3fd3,sid_set_06c03fcb9e6eb9be3fd3__source_original,selection_val,authentic,-6.5770583152771,0.0013900031335651875,epoch_014,42,fixed_q96,clean,,sid_set,unknown,unknown,unknown
sid_set_06c1a1df49614b6d4844__matched_clean__fixed_q96,sid_set_06c1a1df49614b6d4844,sid_set_06c1a1df49614b6d4844__source_original,selection_val,ai_generated,8.950211524963379,0.9998703002929688,epoch_014,42,fixed_q96,clean,,sid_set,unknown,unknown,unknown
sid_set_06d3568069dbbb6b933d__matched_clean__fixed_q96,sid_set_06d3568069dbbb6b933d,sid_set_06d3568069dbbb6b933d__source_original,selection_val,authentic,-5.385354042053223,0.0045623076148331165,epoch_014,42,fixed_q96,clean,,sid_set,unknown,unknown,unknown
sid_set_06d8178366ba8b91375a__matched_clean__fixed_q96,sid_set_06d8178366ba8b91375a,sid_set_06d8178366ba8b91375a__source_original,selection_val,authentic,-2.3797008991241455,0.0847337543964386,epoch_014,42,fixed_q96,clean,,sid_set,unknown,unknown,unknown
sid_set_06d950f58d170b94e7a8__matched_clean__fixed_q96,sid_set_06d950f58d170b94e7a8,sid_set_06d950f58d170b94e7a8__source_original,selection_val,ai_generated,8.374523162841797,0.999769389629364,epoch_014,42,fixed_q96,clean,,sid_set,unknown,unknown,unknown
sid_set_071c575bac2d2242220d__matched_clean__fixed_q96,sid_set_071c575bac2d2242220d,sid_set_071c575bac2d2242220d__source_original,selection_val,ai_generated,5.8971943855285645,0.997260332107544,epoch_014,42,fixed_q96,clean,,sid_set,unknown,unknown,unknown
sid_set_072417e8340d67f6ad2d__matched_clean__fixed_q96,sid_set_072417e8340d67f6ad2d,sid_set_072417e8340d67f6ad2d__source_original,selection_val,authentic,-6.6654558181762695,0.0012725542765110731,epoch_014,42,fixed_q96,clean,,sid_set,unknown,unknown,unknown
sid_set_075b88b949fa3023577e__matched_clean__fixed_q96,sid_set_075b88b949fa3023577e,sid_set_075b88b949fa3023577e__source_original,selection_val,ai_generated,5.84852933883667,0.9971241354942322,epoch_014,42,fixed_q96,clean,,sid_set,unknown,unknown,unknown
sid_set_077aef332961f26c3996__matched_clean__fixed_q96,sid_set_077aef332961f26c3996,sid_set_077aef332961f26c3996__source_original,selection_val,ai_generated,7.069890975952148,0.9991503953933716,epoch_014,42,fixed_q96,clean,,sid_set,unknown,unknown,unknown
sid_set_079db4dfbdd60f58a440__matched_clean__fixed_q96,sid_set_079db4dfbdd60f58a440,sid_set_079db4dfbdd60f58a440__source_original,selection_val,ai_generated,7.548207759857178,0.9994732737541199,epoch_014,42,fixed_q96,clean,,sid_set,unknown,unknown,unknown
sid_set_07c70168a1ada1ce482e__matched_clean__fixed_q96,sid_set_07c70168a1ada1ce482e,sid_set_07c70168a1ada1ce482e__source_original,selection_val,ai_generated,7.047216415405273,0.99913090467453,epoch_014,42,fixed_q96,clean,,sid_set,unknown,unknown,unknown
sid_set_07e7b14841934144e95e__matched_clean__fixed_q96,sid_set_07e7b14841934144e95e,sid_set_07e7b14841934144e95e__source_original,selection_val,authentic,-5.179149150848389,0.005601246375590563,epoch_014,42,fixed_q96,clean,,sid_set,unknown,unknown,unknown
sid_set_0803708fb4b51afce8fc__matched_clean__fixed_q96,sid_set_0803708fb4b51afce8fc,sid_set_0803708fb4b51afce8fc__source_original,selection_val,ai_generated,6.365837574005127,0.9982836246490479,epoch_014,42,fixed_q96,clean,,sid_set,unknown,unknown,unknown
sid_set_0815941588100ddc6ccf__matched_clean__fixed_q96,sid_set_0815941588100ddc6ccf,sid_set_0815941588100ddc6ccf__source_original,selection_val,authentic,-1.652221441268921,0.16080893576145172,epoch_014,42,fixed_q96,clean,,sid_set,unknown,unknown,unknown
sid_set_082b98f13e80f40201d9__matched_clean__fixed_q96,sid_set_082b98f13e80f40201d9,sid_set_082b98f13e80f40201d9__source_original,selection_val,ai_generated,5.787628173828125,0.9969441294670105,epoch_014,42,fixed_q96,clean,,sid_set,unknown,unknown,unknown
sid_set_0841a8e6c919da28b9c1__matched_clean__fixed_q96,sid_set_0841a8e6c919da28b9c1,sid_set_0841a8e6c919da28b9c1__source_original,selection_val,ai_generated,8.077712059020996,0.9996896982192993,epoch_014,42,fixed_q96,clean,,sid_set,unknown,unknown,unknown
sid_set_0853ee4faadb6e594103__matched_clean__fixed_q96,sid_set_0853ee4faadb6e594103,sid_set_0853ee4faadb6e594103__source_original,selection_val,authentic,-8.1962890625,0.00027559869340620935,epoch_014,42,fixed_q96,clean,,sid_set,unknown,unknown,unknown
sid_set_088e28d9487568e032da__matched_clean__fixed_q96,sid_set_088e28d9487568e032da,sid_set_088e28d9487568e032da__source_original,selection_val,ai_generated,5.2282538414001465,0.9946657419204712,epoch_014,42,fixed_q96,clean,,sid_set,unknown,unknown,unknown
sid_set_08b18f594783c7fd225e__matched_clean__fixed_q96,sid_set_08b18f594783c7fd225e,sid_set_08b18f594783c7fd225e__source_original,selection_val,ai_generated,7.285431861877441,0.9993150234222412,epoch_014,42,fixed_q96,clean,,sid_set,unknown,unknown,unknown
sid_set_0902580583df4927b301__matched_clean__fixed_q96,sid_set_0902580583df4927b301,sid_set_0902580583df4927b301__source_original,selection_val,authentic,-5.766191482543945,0.0031218852382153273,epoch_014,42,fixed_q96,clean,,sid_set,unknown,unknown,unknown
sid_set_09218eef2c0597272d4f__matched_clean__fixed_q96,sid_set_09218eef2c0597272d4f,sid_set_09218eef2c0597272d4f__source_original,selection_val,ai_generated,7.237678527832031,0.9992815852165222,epoch_014,42,fixed_q96,clean,,sid_set,unknown,unknown,unknown
sid_set_092ffa50d7e0813e18f8__matched_clean__fixed_q96,sid_set_092ffa50d7e0813e18f8,sid_set_092ffa50d7e0813e18f8__source_original,selection_val,ai_generated,7.481320858001709,0.9994367957115173,epoch_014,42,fixed_q96,clean,,sid_set,unknown,unknown,unknown
sid_set_09622716711648512bb2__matched_clean__fixed_q96,sid_set_09622716711648512bb2,sid_set_09622716711648512bb2__source_original,selection_val,ai_generated,8.725787162780762,0.9998376369476318,epoch_014,42,fixed_q96,clean,,sid_set,unknown,unknown,unknown
sid_set_09bc24707877810e1043__matched_clean__fixed_q96,sid_set_09bc24707877810e1043,sid_set_09bc24707877810e1043__source_original,selection_val,ai_generated,3.461477279663086,0.9695715308189392,epoch_014,42,fixed_q96,clean,,sid_set,unknown,unknown,unknown
sid_set_0a1376a5a6c91d84ae67__matched_clean__fixed_q96,sid_set_0a1376a5a6c91d84ae67,sid_set_0a1376a5a6c91d84ae67__source_original,selection_val,ai_generated,7.461713790893555,0.9994256496429443,epoch_014,42,fixed_q96,clean,,sid_set,unknown,unknown,unknown
sid_set_0a1f01042186a2c603b4__matched_clean__fixed_q96,sid_set_0a1f01042186a2c603b4,sid_set_0a1f01042186a2c603b4__source_original,selection_val,authentic,-7.300406455993652,0.00067480857251212,epoch_014,42,fixed_q96,clean,,sid_set,unknown,unknown,unknown
sid_set_0a5182479ea9c2f62d0f__matched_clean__fixed_q96,sid_set_0a5182479ea9c2f62d0f,sid_set_0a5182479ea9c2f62d0f__source_original,selection_val,authentic,-10.223949432373047,3.628936974564567e-05,epoch_014,42,fixed_q96,clean,,sid_set,unknown,unknown,unknown
sid_set_0abe07ed796044364bb5__matched_clean__fixed_q96,sid_set_0abe07ed796044364bb5,sid_set_0abe07ed796044364bb5__source_original,selection_val,authentic,-5.629469394683838,0.0035776346921920776,epoch_014,42,fixed_q96,clean,,sid_set,unknown,unknown,unknown
sid_set_0b193e8e46bf53edbb19__matched_clean__fixed_q96,sid_set_0b193e8e46bf53edbb19,sid_set_0b193e8e46bf53edbb19__source_original,selection_val,authentic,-5.032257556915283,0.006481777876615524,epoch_014,42,fixed_q96,clean,,sid_set,unknown,unknown,unknown
sid_set_0b328a58364cf92ef5e1__matched_clean__fixed_q96,sid_set_0b328a58364cf92ef5e1,sid_set_0b328a58364cf92ef5e1__source_original,selection_val,ai_generated,2.738487482070923,0.9392598867416382,epoch_014,42,fixed_q96,clean,,sid_set,unknown,unknown,unknown
sid_set_0b334099fc05e066c8a4__matched_clean__fixed_q96,sid_set_0b334099fc05e066c8a4,sid_set_0b334099fc05e066c8a4__source_original,selection_val,ai_generated,6.066756725311279,0.9976866245269775,epoch_014,42,fixed_q96,clean,,sid_set,unknown,unknown,unknown
sid_set_0b462aab11c87428ba40__matched_clean__fixed_q96,sid_set_0b462aab11c87428ba40,sid_set_0b462aab11c87428ba40__source_original,selection_val,authentic,-4.903530120849609,0.007365685887634754,epoch_014,42,fixed_q96,clean,,sid_set,unknown,unknown,unknown
sid_set_0b46c8b9780208d3a985__matched_clean__fixed_q96,sid_set_0b46c8b9780208d3a985,sid_set_0b46c8b9780208d3a985__source_original,selection_val,ai_generated,9.9039945602417,0.9999500513076782,epoch_014,42,fixed_q96,clean,,sid_set,unknown,unknown,unknown
sid_set_0b5130b07de06e052928__matched_clean__fixed_q96,sid_set_0b5130b07de06e052928,sid_set_0b5130b07de06e052928__source_original,selection_val,authentic,-7.2902069091796875,0.0006817217799834907,epoch_014,42,fixed_q96,clean,,sid_set,unknown,unknown,unknown
sid_set_0b92ead51cb35a358ca3__matched_clean__fixed_q96,sid_set_0b92ead51cb35a358ca3,sid_set_0b92ead51cb35a358ca3__source_original,selection_val,ai_generated,4.988687515258789,0.9932315349578857,epoch_014,42,fixed_q96,clean,,sid_set,unknown,unknown,unknown
sid_set_0b9bfff1b474e57109a8__matched_clean__fixed_q96,sid_set_0b9bfff1b474e57109a8,sid_set_0b9bfff1b474e57109a8__source_original,selection_val,ai_generated,6.958241939544678,0.9990500807762146,epoch_014,42,fixed_q96,clean,,sid_set,unknown,unknown,unknown
sid_set_0c0a54ce3cc4b8ea74ec__matched_clean__fixed_q96,sid_set_0c0a54ce3cc4b8ea74ec,sid_set_0c0a54ce3cc4b8ea74ec__source_original,selection_val,ai_generated,6.413061141967773,0.9983627200126648,epoch_014,42,fixed_q96,clean,,sid_set,unknown,unknown,unknown
sid_set_0c27fd743412436a9c43__matched_clean__fixed_q96,sid_set_0c27fd743412436a9c43,sid_set_0c27fd743412436a9c43__source_original,selection_val,authentic,-7.137312412261963,0.0007942542433738708,epoch_014,42,fixed_q96,clean,,sid_set,unknown,unknown,unknown
sid_set_0c3a140dafe3e6846451__matched_clean__fixed_q96,sid_set_0c3a140dafe3e6846451,sid_set_0c3a140dafe3e6846451__source_original,selection_val,ai_generated,6.126039505004883,0.9978195428848267,epoch_014,42,fixed_q96,clean,,sid_set,unknown,unknown,unknown
sid_set_0c40296bfec51ee0a847__matched_clean__fixed_q96,sid_set_0c40296bfec51ee0a847,sid_set_0c40296bfec51ee0a847__source_original,selection_val,ai_generated,7.026453495025635,0.9991126656532288,epoch_014,42,fixed_q96,clean,,sid_set,unknown,unknown,unknown
sid_set_0c9836ef568ac77c1b8d__matched_clean__fixed_q96,sid_set_0c9836ef568ac77c1b8d,sid_set_0c9836ef568ac77c1b8d__source_original,selection_val,ai_generated,7.315247058868408,0.9993351101875305,epoch_014,42,fixed_q96,clean,,sid_set,unknown,unknown,unknown
sid_set_0cee3db642f5f841b57a__matched_clean__fixed_q96,sid_set_0cee3db642f5f841b57a,sid_set_0cee3db642f5f841b57a__source_original,selection_val,ai_generated,6.2792487144470215,0.9981287121772766,epoch_014,42,fixed_q96,clean,,sid_set,unknown,unknown,unknown
sid_set_0d87904af63b3add14f1__matched_clean__fixed_q96,sid_set_0d87904af63b3add14f1,sid_set_0d87904af63b3add14f1__source_original,selection_val,ai_generated,5.968647480010986,0.997448742389679,epoch_014,42,fixed_q96,clean,,sid_set,unknown,unknown,unknown
sid_set_0db5ee3626d965a1354e__matched_clean__fixed_q96,sid_set_0db5ee3626d965a1354e,sid_set_0db5ee3626d965a1354e__source_original,selection_val,authentic,-0.42143526673316956,0.396173357963562,epoch_014,42,fixed_q96,clean,,sid_set,unknown,unknown,unknown
sid_set_0dc2349adb37a683002c__matched_clean__fixed_q96,sid_set_0dc2349adb37a683002c,sid_set_0dc2349adb37a683002c__source_original,selection_val,ai_generated,6.422923564910889,0.9983787536621094,epoch_014,42,fixed_q96,clean,,sid_set,unknown,unknown,unknown
sid_set_0dd3906806fe6b47ab5e__matched_clean__fixed_q96,sid_set_0dd3906806fe6b47ab5e,sid_set_0dd3906806fe6b47ab5e__source_original,selection_val,ai_generated,7.983521938323975,0.9996590614318848,epoch_014,42,fixed_q96,clean,,sid_set,unknown,unknown,unknown
sid_set_0ded9bc45d16fb5b4043__matched_clean__fixed_q96,sid_set_0ded9bc45d16fb5b4043,sid_set_0ded9bc45d16fb5b4043__source_original,selection_val,authentic,-8.77181339263916,0.00015501814777962863,epoch_014,42,fixed_q96,clean,,sid_set,unknown,unknown,unknown
sid_set_0df2de209ccf173ad95d__matched_clean__fixed_q96,sid_set_0df2de209ccf173ad95d,sid_set_0df2de209ccf173ad95d__source_original,selection_val,ai_generated,6.384807109832764,0.9983158111572266,epoch_014,42,fixed_q96,clean,,sid_set,unknown,unknown,unknown
sid_set_0df474dc8e44f82b1479__matched_clean__fixed_q96,sid_set_0df474dc8e44f82b1479,sid_set_0df474dc8e44f82b1479__source_original,selection_val,authentic,-4.4679341316223145,0.011340898461639881,epoch_014,42,fixed_q96,clean,,sid_set,unknown,unknown,unknown
sid_set_0e2bb59f1d1eff406666__matched_clean__fixed_q96,sid_set_0e2bb59f1d1eff406666,sid_set_0e2bb59f1d1eff406666__source_original,selection_val,authentic,-8.511933326721191,0.00020101433619856834,epoch_014,42,fixed_q96,clean,,sid_set,unknown,unknown,unknown
sid_set_0e3cf1697edf163e569d__matched_clean__fixed_q96,sid_set_0e3cf1697edf163e569d,sid_set_0e3cf1697edf163e569d__source_original,selection_val,ai_generated,5.513028621673584,0.99598228931427,epoch_014,42,fixed_q96,clean,,sid_set,unknown,unknown,unknown
sid_set_0e44abc0c2ea5190e713__matched_clean__fixed_q96,sid_set_0e44abc0c2ea5190e713,sid_set_0e44abc0c2ea5190e713__source_original,selection_val,ai_generated,5.743087291717529,0.9968054294586182,epoch_014,42,fixed_q96,clean,,sid_set,unknown,unknown,unknown
sid_set_0e64b14afc8dcc395e98__matched_clean__fixed_q96,sid_set_0e64b14afc8dcc395e98,sid_set_0e64b14afc8dcc395e98__source_original,selection_val,ai_generated,8.932290077209473,0.9998679161071777,epoch_014,42,fixed_q96,clean,,sid_set,unknown,unknown,unknown
sid_set_0e844eb2b116706f3684__matched_clean__fixed_q96,sid_set_0e844eb2b116706f3684,sid_set_0e844eb2b116706f3684__source_original,selection_val,authentic,-5.128567695617676,0.00589014170691371,epoch_014,42,fixed_q96,clean,,sid_set,unknown,unknown,unknown
sid_set_0e867d4b62e8392f3143__matched_clean__fixed_q96,sid_set_0e867d4b62e8392f3143,sid_set_0e867d4b62e8392f3143__source_original,selection_val,authentic,-9.436247825622559,7.977282803039998e-05,epoch_014,42,fixed_q96,clean,,sid_set,unknown,unknown,unknown
sid_set_0f2aff5c7415f8e709f6__matched_clean__fixed_q96,sid_set_0f2aff5c7415f8e709f6,sid_set_0f2aff5c7415f8e709f6__source_original,selection_val,authentic,-7.3335771560668945,0.0006528061931021512,epoch_014,42,fixed_q96,clean,,sid_set,unknown,unknown,unknown
sid_set_0f47bb2b877279917392__matched_clean__fixed_q96,sid_set_0f47bb2b877279917392,sid_set_0f47bb2b877279917392__source_original,selection_val,ai_generated,5.4707489013671875,0.9958095550537109,epoch_014,42,fixed_q96,clean,,sid_set,unknown,unknown,unknown
sid_set_0f50a21db9233363f387__matched_clean__fixed_q96,sid_set_0f50a21db9233363f387,sid_set_0f50a21db9233363f387__source_original,selection_val,authentic,-9.12603759765625,0.00010878399189095944,epoch_014,42,fixed_q96,clean,,sid_set,unknown,unknown,unknown
sid_set_0f6be40c62455553189a__matched_clean__fixed_q96,sid_set_0f6be40c62455553189a,sid_set_0f6be40c62455553189a__source_original,selection_val,ai_generated,4.8214616775512695,0.9920094013214111,epoch_014,42,fixed_q96,clean,,sid_set,unknown,unknown,unknown
sid_set_0fdd832345c3fd023cde__matched_clean__fixed_q96,sid_set_0fdd832345c3fd023cde,sid_set_0fdd832345c3fd023cde__source_original,selection_val,authentic,-0.711933970451355,0.32917162775993347,epoch_014,42,fixed_q96,clean,,sid_set,unknown,unknown,unknown
sid_set_10037af98b0c31253c61__matched_clean__fixed_q96,sid_set_10037af98b0c31253c61,sid_set_10037af98b0c31253c61__source_original,selection_val,authentic,-4.449799060821533,0.011546045541763306,epoch_014,42,fixed_q96,clean,,sid_set,unknown,unknown,unknown
sid_set_10176049fd49f0cf20ac__matched_clean__fixed_q96,sid_set_10176049fd49f0cf20ac,sid_set_10176049fd49f0cf20ac__source_original,selection_val,ai_generated,7.534560203552246,0.9994660019874573,epoch_014,42,fixed_q96,clean,,sid_set,unknown,unknown,unknown
sid_set_101a9824675f9a58bd4b__matched_clean__fixed_q96,sid_set_101a9824675f9a58bd4b,sid_set_101a9824675f9a58bd4b__source_original,selection_val,authentic,-5.027085781097412,0.006515168119221926,epoch_014,42,fixed_q96,clean,,sid_set,unknown,unknown,unknown
sid_set_101dd8a11506baf02734__matched_clean__fixed_q96,sid_set_101dd8a11506baf02734,sid_set_101dd8a11506baf02734__source_original,selection_val,authentic,-5.535782814025879,0.003927633631974459,epoch_014,42,fixed_q96,clean,,sid_set,unknown,unknown,unknown
sid_set_1067ab79fb0da83ea14a__matched_clean__fixed_q96,sid_set_1067ab79fb0da83ea14a,sid_set_1067ab79fb0da83ea14a__source_original,selection_val,ai_generated,4.234392166137695,0.9857183694839478,epoch_014,42,fixed_q96,clean,,sid_set,unknown,unknown,unknown
sid_set_10ce4bd730c2e4aa2aef__matched_clean__fixed_q96,sid_set_10ce4bd730c2e4aa2aef,sid_set_10ce4bd730c2e4aa2aef__source_original,selection_val,ai_generated,7.036318302154541,0.999121367931366,epoch_014,42,fixed_q96,clean,,sid_set,unknown,unknown,unknown
sid_set_10fa2acc90e6dd8aff6c__matched_clean__fixed_q96,sid_set_10fa2acc90e6dd8aff6c,sid_set_10fa2acc90e6dd8aff6c__source_original,selection_val,ai_generated,5.739572048187256,0.9967941641807556,epoch_014,42,fixed_q96,clean,,sid_set,unknown,unknown,unknown
sid_set_116397db217dedbdcf62__matched_clean__fixed_q96,sid_set_116397db217dedbdcf62,sid_set_116397db217dedbdcf62__source_original,selection_val,ai_generated,5.926759243011475,0.9973400235176086,epoch_014,42,fixed_q96,clean,,sid_set,unknown,unknown,unknown
sid_set_11db3c77ad32b42a201e__matched_clean__fixed_q96,sid_set_11db3c77ad32b42a201e,sid_set_11db3c77ad32b42a201e__source_original,selection_val,ai_generated,4.041783332824707,0.9827371835708618,epoch_014,42,fixed_q96,clean,,sid_set,unknown,unknown,unknown
sid_set_11e471aef17bd2a87fa9__matched_clean__fixed_q96,sid_set_11e471aef17bd2a87fa9,sid_set_11e471aef17bd2a87fa9__source_original,selection_val,ai_generated,5.821756362915039,0.9970464110374451,epoch_014,42,fixed_q96,clean,,sid_set,unknown,unknown,unknown
sid_set_11f76f08ab4575b6555c__matched_clean__fixed_q96,sid_set_11f76f08ab4575b6555c,sid_set_11f76f08ab4575b6555c__source_original,selection_val,authentic,-9.428963661193848,8.035598148126155e-05,epoch_014,42,fixed_q96,clean,,sid_set,unknown,unknown,unknown
sid_set_121edbeadbf2c7ba0312__matched_clean__fixed_q96,sid_set_121edbeadbf2c7ba0312,sid_set_121edbeadbf2c7ba0312__source_original,selection_val,ai_generated,8.678475379943848,0.9998297691345215,epoch_014,42,fixed_q96,clean,,sid_set,unknown,unknown,unknown
sid_set_1260355d8e04a5080bc0__matched_clean__fixed_q96,sid_set_1260355d8e04a5080bc0,sid_set_1260355d8e04a5080bc0__source_original,selection_val,authentic,-6.563621997833252,0.0014087791787460446,epoch_014,42,fixed_q96,clean,,sid_set,unknown,unknown,unknown
sid_set_1284c78a9ad1ce84125d__matched_clean__fixed_q96,sid_set_1284c78a9ad1ce84125d,sid_set_1284c78a9ad1ce84125d__source_original,selection_val,ai_generated,6.4183430671691895,0.9983713030815125,epoch_014,42,fixed_q96,clean,,sid_set,unknown,unknown,unknown
sid_set_12d2686a435c38114b80__matched_clean__fixed_q96,sid_set_12d2686a435c38114b80,sid_set_12d2686a435c38114b80__source_original,selection_val,ai_generated,6.997706890106201,0.999086856842041,epoch_014,42,fixed_q96,clean,,sid_set,unknown,unknown,unknown
sid_set_12eddf8e00a3b77678f1__matched_clean__fixed_q96,sid_set_12eddf8e00a3b77678f1,sid_set_12eddf8e00a3b77678f1__source_original,selection_val,ai_generated,5.141282558441162,0.9941838383674622,epoch_014,42,fixed_q96,clean,,sid_set,unknown,unknown,unknown
sid_set_12ee0e3f4c8486a1ba00__matched_clean__fixed_q96,sid_set_12ee0e3f4c8486a1ba00,sid_set_12ee0e3f4c8486a1ba00__source_original,selection_val,ai_generated,8.080535888671875,0.9996906518936157,epoch_014,42,fixed_q96,clean,,sid_set,unknown,unknown,unknown
sid_set_12f07d71989020b65453__matched_clean__fixed_q96,sid_set_12f07d71989020b65453,sid_set_12f07d71989020b65453__source_original,selection_val,ai_generated,6.5006489753723145,0.9984997510910034,epoch_014,42,fixed_q96,clean,,sid_set,unknown,unknown,unknown
sid_set_133eadf203627ac82088__matched_clean__fixed_q96,sid_set_133eadf203627ac82088,sid_set_133eadf203627ac82088__source_original,selection_val,authentic,-5.318800449371338,0.004874746780842543,epoch_014,42,fixed_q96,clean,,sid_set,unknown,unknown,unknown
sid_set_13cdae4ba38f34e45fba__matched_clean__fixed_q96,sid_set_13cdae4ba38f34e45fba,sid_set_13cdae4ba38f34e45fba__source_original,selection_val,authentic,-6.960590362548828,0.0009476375998929143,epoch_014,42,fixed_q96,clean,,sid_set,unknown,unknown,unknown
sid_set_13dbd8d3b5b9463c21fc__matched_clean__fixed_q96,sid_set_13dbd8d3b5b9463c21fc,sid_set_13dbd8d3b5b9463c21fc__source_original,selection_val,ai_generated,5.511206150054932,0.9959750771522522,epoch_014,42,fixed_q96,clean,,sid_set,unknown,unknown,unknown
sid_set_13ee43f94bb753f42488__matched_clean__fixed_q96,sid_set_13ee43f94bb753f42488,sid_set_13ee43f94bb753f42488__source_original,selection_val,authentic,-6.314037799835205,0.0018074344843626022,epoch_014,42,fixed_q96,clean,,sid_set,unknown,unknown,unknown
sid_set_13fac7778160679f74c2__matched_clean__fixed_q96,sid_set_13fac7778160679f74c2,sid_set_13fac7778160679f74c2__source_original,selection_val,authentic,-4.881204605102539,0.0075307260267436504,epoch_014,42,fixed_q96,clean,,sid_set,unknown,unknown,unknown
sid_set_1409a09d7d0349f0604a__matched_clean__fixed_q96,sid_set_1409a09d7d0349f0604a,sid_set_1409a09d7d0349f0604a__source_original,selection_val,authentic,-6.185095310211182,0.0020556708332151175,epoch_014,42,fixed_q96,clean,,sid_set,unknown,unknown,unknown
sid_set_141d4626fed379a32892__matched_clean__fixed_q96,sid_set_141d4626fed379a32892,sid_set_141d4626fed379a32892__source_original,selection_val,ai_generated,9.422285079956055,0.999919056892395,epoch_014,42,fixed_q96,clean,,sid_set,unknown,unknown,unknown
sid_set_141f4c95b6a9c58740fe__matched_clean__fixed_q96,sid_set_141f4c95b6a9c58740fe,sid_set_141f4c95b6a9c58740fe__source_original,selection_val,authentic,-5.885217189788818,0.0027725340332835913,epoch_014,42,fixed_q96,clean,,sid_set,unknown,unknown,unknown
sid_set_142e2706718bc3fe5372__matched_clean__fixed_q96,sid_set_142e2706718bc3fe5372,sid_set_142e2706718bc3fe5372__source_original,selection_val,authentic,-5.348578453063965,0.004732403438538313,epoch_014,42,fixed_q96,clean,,sid_set,unknown,unknown,unknown
sid_set_1472a7c6ab03fa287b18__matched_clean__fixed_q96,sid_set_1472a7c6ab03fa287b18,sid_set_1472a7c6ab03fa287b18__source_original,selection_val,ai_generated,8.738109588623047,0.9998396635055542,epoch_014,42,fixed_q96,clean,,sid_set,unknown,unknown,unknown
sid_set_14ee7a864601b9fb44e9__matched_clean__fixed_q96,sid_set_14ee7a864601b9fb44e9,sid_set_14ee7a864601b9fb44e9__source_original,selection_val,authentic,-7.474510669708252,0.0005670415703207254,epoch_014,42,fixed_q96,clean,,sid_set,unknown,unknown,unknown
sid_set_1529f51f58b6009d1c8f__matched_clean__fixed_q96,sid_set_1529f51f58b6009d1c8f,sid_set_1529f51f58b6009d1c8f__source_original,selection_val,ai_generated,7.378221035003662,0.9993757605552673,epoch_014,42,fixed_q96,clean,,sid_set,unknown,unknown,unknown
sid_set_1540125c6d038b543981__matched_clean__fixed_q96,sid_set_1540125c6d038b543981,sid_set_1540125c6d038b543981__source_original,selection_val,ai_generated,2.845665693283081,0.9450942277908325,epoch_014,42,fixed_q96,clean,,sid_set,unknown,unknown,unknown
sid_set_1570384b76d4c2db96a4__matched_clean__fixed_q96,sid_set_1570384b76d4c2db96a4,sid_set_1570384b76d4c2db96a4__source_original,selection_val,ai_generated,6.784098148345947,0.9988695979118347,epoch_014,42,fixed_q96,clean,,sid_set,unknown,unknown,unknown
sid_set_158fcb92d361e87c4f9f__matched_clean__fixed_q96,sid_set_158fcb92d361e87c4f9f,sid_set_158fcb92d361e87c4f9f__source_original,selection_val,authentic,-6.393996715545654,0.0016687726601958275,epoch_014,42,fixed_q96,clean,,sid_set,unknown,unknown,unknown
sid_set_15a09dc7dae47f94d498__matched_clean__fixed_q96,sid_set_15a09dc7dae47f94d498,sid_set_15a09dc7dae47f94d498__source_original,selection_val,authentic,-8.180678367614746,0.0002799335343297571,epoch_014,42,fixed_q96,clean,,sid_set,unknown,unknown,unknown
sid_set_15df0e2113fabc469b71__matched_clean__fixed_q96,sid_set_15df0e2113fabc469b71,sid_set_15df0e2113fabc469b71__source_original,selection_val,authentic,-7.19745397567749,0.0007479292107746005,epoch_014,42,fixed_q96,clean,,sid_set,unknown,unknown,unknown
sid_set_162402d6dd7ada57d15d__matched_clean__fixed_q96,sid_set_162402d6dd7ada57d15d,sid_set_162402d6dd7ada57d15d__source_original,selection_val,ai_generated,5.616447925567627,0.9963756203651428,epoch_014,42,fixed_q96,clean,,sid_set,unknown,unknown,unknown
sid_set_1637a02ab0fe79800948__matched_clean__fixed_q96,sid_set_1637a02ab0fe79800948,sid_set_1637a02ab0fe79800948__source_original,selection_val,ai_generated,2.5979862213134766,0.9307318329811096,epoch_014,42,fixed_q96,clean,,sid_set,unknown,unknown,unknown
sid_set_16867458a9eb6562edc2__matched_clean__fixed_q96,sid_set_16867458a9eb6562edc2,sid_set_16867458a9eb6562edc2__source_original,selection_val,ai_generated,4.900578022003174,0.9926127195358276,epoch_014,42,fixed_q96,clean,,sid_set,unknown,unknown,unknown
sid_set_168c567748725445dd65__matched_clean__fixed_q96,sid_set_168c567748725445dd65,sid_set_168c567748725445dd65__source_original,selection_val,ai_generated,7.452606201171875,0.9994204044342041,epoch_014,42,fixed_q96,clean,,sid_set,unknown,unknown,unknown
sid_set_16c80a7f47490a985230__matched_clean__fixed_q96,sid_set_16c80a7f47490a985230,sid_set_16c80a7f47490a985230__source_original,selection_val,authentic,-6.294309616088867,0.0018433795776218176,epoch_014,42,fixed_q96,clean,,sid_set,unknown,unknown,unknown
sid_set_16d95181618355d3fe8d__matched_clean__fixed_q96,sid_set_16d95181618355d3fe8d,sid_set_16d95181618355d3fe8d__source_original,selection_val,ai_generated,4.407192230224609,0.9879574179649353,epoch_014,42,fixed_q96,clean,,sid_set,unknown,unknown,unknown
sid_set_17084d9dc585f9fc8d38__matched_clean__fixed_q96,sid_set_17084d9dc585f9fc8d38,sid_set_17084d9dc585f9fc8d38__source_original,selection_val,authentic,-3.1496353149414062,0.04110565036535263,epoch_014,42,fixed_q96,clean,,sid_set,unknown,unknown,unknown
sid_set_170e332f0227e8363b91__matched_clean__fixed_q96,sid_set_170e332f0227e8363b91,sid_set_170e332f0227e8363b91__source_original,selection_val,ai_generated,8.34893798828125,0.9997634291648865,epoch_014,42,fixed_q96,clean,,sid_set,unknown,unknown,unknown
sid_set_1711b82f84fdb84e2870__matched_clean__fixed_q96,sid_set_1711b82f84fdb84e2870,sid_set_1711b82f84fdb84e2870__source_original,selection_val,authentic,-2.8116657733917236,0.05669702589511871,epoch_014,42,fixed_q96,clean,,sid_set,unknown,unknown,unknown
sid_set_17574e79d4cda6cf8cfa__matched_clean__fixed_q96,sid_set_17574e79d4cda6cf8cfa,sid_set_17574e79d4cda6cf8cfa__source_original,selection_val,ai_generated,3.9551267623901367,0.9812038540840149,epoch_014,42,fixed_q96,clean,,sid_set,unknown,unknown,unknown
sid_set_1775e266363831cd301e__matched_clean__fixed_q96,sid_set_1775e266363831cd301e,sid_set_1775e266363831cd301e__source_original,selection_val,ai_generated,6.477357864379883,0.9984644651412964,epoch_014,42,fixed_q96,clean,,sid_set,unknown,unknown,unknown
sid_set_17a262aabfd5dc964d85__matched_clean__fixed_q96,sid_set_17a262aabfd5dc964d85,sid_set_17a262aabfd5dc964d85__source_original,selection_val,ai_generated,3.498934745788574,0.970657467842102,epoch_014,42,fixed_q96,clean,,sid_set,unknown,unknown,unknown
sid_set_18030a402f94a489d0cb__matched_clean__fixed_q96,sid_set_18030a402f94a489d0cb,sid_set_18030a402f94a489d0cb__source_original,selection_val,ai_generated,7.239925384521484,0.9992831349372864,epoch_014,42,fixed_q96,clean,,sid_set,unknown,unknown,unknown
sid_set_184960b7590aa24e0681__matched_clean__fixed_q96,sid_set_184960b7590aa24e0681,sid_set_184960b7590aa24e0681__source_original,selection_val,ai_generated,2.902608871459961,0.947975218296051,epoch_014,42,fixed_q96,clean,,sid_set,unknown,unknown,unknown
sid_set_186e280446ca21385ad3__matched_clean__fixed_q96,sid_set_186e280446ca21385ad3,sid_set_186e280446ca21385ad3__source_original,selection_val,authentic,-7.559803485870361,0.0005207063513807952,epoch_014,42,fixed_q96,clean,,sid_set,unknown,unknown,unknown
sid_set_1907f1e472ba5696e264__matched_clean__fixed_q96,sid_set_1907f1e472ba5696e264,sid_set_1907f1e472ba5696e264__source_original,selection_val,authentic,-4.118922233581543,0.016001809388399124,epoch_014,42,fixed_q96,clean,,sid_set,unknown,unknown,unknown
sid_set_1909ee2342b461756813__matched_clean__fixed_q96,sid_set_1909ee2342b461756813,sid_set_1909ee2342b461756813__source_original,selection_val,ai_generated,4.49749231338501,0.9889857769012451,epoch_014,42,fixed_q96,clean,,sid_set,unknown,unknown,unknown
sid_set_1938317c2a4e279c6fef__matched_clean__fixed_q96,sid_set_1938317c2a4e279c6fef,sid_set_1938317c2a4e279c6fef__source_original,selection_val,authentic,-7.633975505828857,0.00048350004362873733,epoch_014,42,fixed_q96,clean,,sid_set,unknown,unknown,unknown
sid_set_19407c4f454335d233f8__matched_clean__fixed_q96,sid_set_19407c4f454335d233f8,sid_set_19407c4f454335d233f8__source_original,selection_val,ai_generated,6.303660869598389,0.998173713684082,epoch_014,42,fixed_q96,clean,,sid_set,unknown,unknown,unknown
sid_set_195c71651006be97a405__matched_clean__fixed_q96,sid_set_195c71651006be97a405,sid_set_195c71651006be97a405__source_original,selection_val,authentic,-7.268338680267334,0.0006967835361137986,epoch_014,42,fixed_q96,clean,,sid_set,unknown,unknown,unknown
sid_set_196d01b6dffc915898d9__matched_clean__fixed_q96,sid_set_196d01b6dffc915898d9,sid_set_196d01b6dffc915898d9__source_original,selection_val,ai_generated,9.74248218536377,0.9999412298202515,epoch_014,42,fixed_q96,clean,,sid_set,unknown,unknown,unknown
sid_set_1973682d0c109619b4aa__matched_clean__fixed_q96,sid_set_1973682d0c109619b4aa,sid_set_1973682d0c109619b4aa__source_original,selection_val,ai_generated,10.736973762512207,0.9999783039093018,epoch_014,42,fixed_q96,clean,,sid_set,unknown,unknown,unknown
sid_set_198d1489659fc5890e6a__matched_clean__fixed_q96,sid_set_198d1489659fc5890e6a,sid_set_198d1489659fc5890e6a__source_original,selection_val,authentic,-5.163786888122559,0.00568746542558074,epoch_014,42,fixed_q96,clean,,sid_set,unknown,unknown,unknown
sid_set_19f344787af0ae8ba553__matched_clean__fixed_q96,sid_set_19f344787af0ae8ba553,sid_set_19f344787af0ae8ba553__source_original,selection_val,authentic,-3.862002372741699,0.02059287391602993,epoch_014,42,fixed_q96,clean,,sid_set,unknown,unknown,unknown
sid_set_003400560084aacf7de6__matched_clean__fixed_q96__benchmark__jpeg_q90,sid_set_003400560084aacf7de6,sid_set_003400560084aacf7de6__matched_clean__fixed_q96,selection_val,ai_generated,6.422820568084717,0.9983785152435303,epoch_014,42,fixed_q96,jpeg,"{""cell_id"":""jpeg_q90"",""name"":""jpeg"",""output_format"":""JPEG"",""parameter"":90,""stochastic"":false}",sid_set,unknown,unknown,unknown
sid_set_003400560084aacf7de6__matched_clean__fixed_q96__benchmark__jpeg_q70,sid_set_003400560084aacf7de6,sid_set_003400560084aacf7de6__matched_clean__fixed_q96,selection_val,ai_generated,5.368556022644043,0.995360791683197,epoch_014,42,fixed_q96,jpeg,"{""cell_id"":""jpeg_q70"",""name"":""jpeg"",""output_format"":""JPEG"",""parameter"":70,""stochastic"":false}",sid_set,unknown,unknown,unknown
sid_set_003400560084aacf7de6__matched_clean__fixed_q96__benchmark__jpeg_q50,sid_set_003400560084aacf7de6,sid_set_003400560084aacf7de6__matched_clean__fixed_q96,selection_val,ai_generated,6.123480796813965,0.9978139400482178,epoch_014,42,fixed_q96,jpeg,"{""cell_id"":""jpeg_q50"",""name"":""jpeg"",""output_format"":""JPEG"",""parameter"":50,""stochastic"":false}",sid_set,unknown,unknown,unknown
sid_set_003400560084aacf7de6__matched_clean__fixed_q96__benchmark__jpeg_q30,sid_set_003400560084aacf7de6,sid_set_003400560084aacf7de6__matched_clean__fixed_q96,selection_val,ai_generated,5.547831058502197,0.9961192607879639,epoch_014,42,fixed_q96,jpeg,"{""cell_id"":""jpeg_q30"",""name"":""jpeg"",""output_format"":""JPEG"",""parameter"":30,""stochastic"":false}",sid_set,unknown,unknown,unknown
sid_set_003400560084aacf7de6__matched_clean__fixed_q96__benchmark__blur_sigma_0.5,sid_set_003400560084aacf7de6,sid_set_003400560084aacf7de6__matched_clean__fixed_q96,selection_val,ai_generated,5.276072025299072,0.9949134588241577,epoch_014,42,fixed_q96,blur,"{""cell_id"":""blur_sigma_0.5"",""name"":""blur"",""output_format"":""PNG"",""parameter"":0.5,""stochastic"":false}",sid_set,unknown,unknown,unknown
sid_set_003400560084aacf7de6__matched_clean__fixed_q96__benchmark__blur_sigma_1.0,sid_set_003400560084aacf7de6,sid_set_003400560084aacf7de6__matched_clean__fixed_q96,selection_val,ai_generated,5.2679972648620605,0.994872510433197,epoch_014,42,fixed_q96,blur,"{""cell_id"":""blur_sigma_1.0"",""name"":""blur"",""output_format"":""PNG"",""parameter"":1.0,""stochastic"":false}",sid_set,unknown,unknown,unknown
sid_set_003400560084aacf7de6__matched_clean__fixed_q96__benchmark__blur_sigma_2.0,sid_set_003400560084aacf7de6,sid_set_003400560084aacf7de6__matched_clean__fixed_q96,selection_val,ai_generated,5.2956156730651855,0.9950114488601685,epoch_014,42,fixed_q96,blur,"{""cell_id"":""blur_sigma_2.0"",""name"":""blur"",""output_format"":""PNG"",""parameter"":2.0,""stochastic"":false}",sid_set,unknown,unknown,unknown
sid_set_003400560084aacf7de6__matched_clean__fixed_q96__benchmark__resize_scale_0.5,sid_set_003400560084aacf7de6,sid_set_003400560084aacf7de6__matched_clean__fixed_q96,selection_val,ai_generated,5.645366668701172,0.9964786171913147,epoch_014,42,fixed_q96,resize,"{""cell_id"":""resize_scale_0.5"",""name"":""resize"",""output_format"":""PNG"",""parameter"":0.5,""stochastic"":false}",sid_set,unknown,unknown,unknown
sid_set_003400560084aacf7de6__matched_clean__fixed_q96__benchmark__resize_scale_0.25,sid_set_003400560084aacf7de6,sid_set_003400560084aacf7de6__matched_clean__fixed_q96,selection_val,ai_generated,4.738012790679932,0.9913199543952942,epoch_014,42,fixed_q96,resize,"{""cell_id"":""resize_scale_0.25"",""name"":""resize"",""output_format"":""PNG"",""parameter"":0.25,""stochastic"":false}",sid_set,unknown,unknown,unknown
sid_set_003400560084aacf7de6__matched_clean__fixed_q96__benchmark__noise_sigma_0.02,sid_set_003400560084aacf7de6,sid_set_003400560084aacf7de6__matched_clean__fixed_q96,selection_val,ai_generated,5.101038455963135,0.9939464926719666,epoch_014,42,fixed_q96,noise,"{""cell_id"":""noise_sigma_0.02"",""name"":""noise"",""output_format"":""PNG"",""parameter"":0.02,""stochastic"":true}",sid_set,unknown,unknown,unknown
sid_set_003400560084aacf7de6__matched_clean__fixed_q96__benchmark__noise_sigma_0.05,sid_set_003400560084aacf7de6,sid_set_003400560084aacf7de6__matched_clean__fixed_q96,selection_val,ai_generated,4.300779342651367,0.9866233468055725,epoch_014,42,fixed_q96,noise,"{""cell_id"":""noise_sigma_0.05"",""name"":""noise"",""output_format"":""PNG"",""parameter"":0.05,""stochastic"":true}",sid_set,unknown,unknown,unknown
sid_set_003400560084aacf7de6__matched_clean__fixed_q96__benchmark__noise_sigma_0.1,sid_set_003400560084aacf7de6,sid_set_003400560084aacf7de6__matched_clean__fixed_q96,selection_val,ai_generated,4.401092529296875,0.9878847002983093,epoch_014,42,fixed_q96,noise,"{""cell_id"":""noise_sigma_0.1"",""name"":""noise"",""output_format"":""PNG"",""parameter"":0.1,""stochastic"":true}",sid_set,unknown,unknown,unknown
sid_set_003400560084aacf7de6__matched_clean__fixed_q96__benchmark__color_jitter_0.2,sid_set_003400560084aacf7de6,sid_set_003400560084aacf7de6__matched_clean__fixed_q96,selection_val,ai_generated,6.54665470123291,0.9985671043395996,epoch_014,42,fixed_q96,color_jitter,"{""cell_id"":""color_jitter_0.2"",""name"":""color_jitter"",""output_format"":""PNG"",""parameter"":0.2,""stochastic"":true}",sid_set,unknown,unknown,unknown
sid_set_003400560084aacf7de6__matched_clean__fixed_q96__benchmark__center_crop_0.8,sid_set_003400560084aacf7de6,sid_set_003400560084aacf7de6__matched_clean__fixed_q96,selection_val,ai_generated,6.296387672424316,0.9981604218482971,epoch_014,42,fixed_q96,center_crop,"{""cell_id"":""center_crop_0.8"",""name"":""center_crop"",""output_format"":""PNG"",""parameter"":0.8,""stochastic"":false}",sid_set,unknown,unknown,unknown
sid_set_003c3cfde47fb38406d1__matched_clean__fixed_q96__benchmark__jpeg_q90,sid_set_003c3cfde47fb38406d1,sid_set_003c3cfde47fb38406d1__matched_clean__fixed_q96,selection_val,authentic,-8.979702949523926,0.0001259244018001482,epoch_014,42,fixed_q96,jpeg,"{""cell_id"":""jpeg_q90"",""name"":""jpeg"",""output_format"":""JPEG"",""parameter"":90,""stochastic"":false}",sid_set,unknown,unknown,unknown
sid_set_003c3cfde47fb38406d1__matched_clean__fixed_q96__benchmark__jpeg_q70,sid_set_003c3cfde47fb38406d1,sid_set_003c3cfde47fb38406d1__matched_clean__fixed_q96,selection_val,authentic,-8.491657257080078,0.00020513086928986013,epoch_014,42,fixed_q96,jpeg,"{""cell_id"":""jpeg_q70"",""name"":""jpeg"",""output_format"":""JPEG"",""parameter"":70,""stochastic"":false}",sid_set,unknown,unknown,unknown
sid_set_003c3cfde47fb38406d1__matched_clean__fixed_q96__benchmark__jpeg_q50,sid_set_003c3cfde47fb38406d1,sid_set_003c3cfde47fb38406d1__matched_clean__fixed_q96,selection_val,authentic,-8.10417366027832,0.0003021835582330823,epoch_014,42,fixed_q96,jpeg,"{""cell_id"":""jpeg_q50"",""name"":""jpeg"",""output_format"":""JPEG"",""parameter"":50,""stochastic"":false}",sid_set,unknown,unknown,unknown
sid_set_003c3cfde47fb38406d1__matched_clean__fixed_q96__benchmark__jpeg_q30,sid_set_003c3cfde47fb38406d1,sid_set_003c3cfde47fb38406d1__matched_clean__fixed_q96,selection_val,authentic,-7.9846014976501465,0.00034055221476592124,epoch_014,42,fixed_q96,jpeg,"{""cell_id"":""jpeg_q30"",""name"":""jpeg"",""output_format"":""JPEG"",""parameter"":30,""stochastic"":false}",sid_set,unknown,unknown,unknown
sid_set_003c3cfde47fb38406d1__matched_clean__fixed_q96__benchmark__blur_sigma_0.5,sid_set_003c3cfde47fb38406d1,sid_set_003c3cfde47fb38406d1__matched_clean__fixed_q96,selection_val,authentic,-9.812503814697266,5.475956277223304e-05,epoch_014,42,fixed_q96,blur,"{""cell_id"":""blur_sigma_0.5"",""name"":""blur"",""output_format"":""PNG"",""parameter"":0.5,""stochastic"":false}",sid_set,unknown,unknown,unknown
sid_set_003c3cfde47fb38406d1__matched_clean__fixed_q96__benchmark__blur_sigma_1.0,sid_set_003c3cfde47fb38406d1,sid_set_003c3cfde47fb38406d1__matched_clean__fixed_q96,selection_val,authentic,-8.495278358459473,0.00020438956562429667,epoch_014,42,fixed_q96,blur,"{""cell_id"":""blur_sigma_1.0"",""name"":""blur"",""output_format"":""PNG"",""parameter"":1.0,""stochastic"":false}",sid_set,unknown,unknown,unknown
sid_set_003c3cfde47fb38406d1__matched_clean__fixed_q96__benchmark__blur_sigma_2.0,sid_set_003c3cfde47fb38406d1,sid_set_003c3cfde47fb38406d1__matched_clean__fixed_q96,selection_val,authentic,-6.241125583648682,0.0019438760355114937,epoch_014,42,fixed_q96,blur,"{""cell_id"":""blur_sigma_2.0"",""name"":""blur"",""output_format"":""PNG"",""parameter"":2.0,""stochastic"":false}",sid_set,unknown,unknown,unknown
sid_set_003c3cfde47fb38406d1__matched_clean__fixed_q96__benchmark__resize_scale_0.5,sid_set_003c3cfde47fb38406d1,sid_set_003c3cfde47fb38406d1__matched_clean__fixed_q96,selection_val,authentic,-6.8528151512146,0.0010553624015301466,epoch_014,42,fixed_q96,resize,"{""cell_id"":""resize_scale_0.5"",""name"":""resize"",""output_format"":""PNG"",""parameter"":0.5,""stochastic"":false}",sid_set,unknown,unknown,unknown
sid_set_003c3cfde47fb38406d1__matched_clean__fixed_q96__benchmark__resize_scale_0.25,sid_set_003c3cfde47fb38406d1,sid_set_003c3cfde47fb38406d1__matched_clean__fixed_q96,selection_val,authentic,-5.456362724304199,0.004250907804816961,epoch_014,42,fixed_q96,resize,"{""cell_id"":""resize_scale_0.25"",""name"":""resize"",""output_format"":""PNG"",""parameter"":0.25,""stochastic"":false}",sid_set,unknown,unknown,unknown
sid_set_003c3cfde47fb38406d1__matched_clean__fixed_q96__benchmark__noise_sigma_0.02,sid_set_003c3cfde47fb38406d1,sid_set_003c3cfde47fb38406d1__matched_clean__fixed_q96,selection_val,authentic,-8.055818557739258,0.0003171499993186444,epoch_014,42,fixed_q96,noise,"{""cell_id"":""noise_sigma_0.02"",""name"":""noise"",""output_format"":""PNG"",""parameter"":0.02,""stochastic"":true}",sid_set,unknown,unknown,unknown
sid_set_003c3cfde47fb38406d1__matched_clean__fixed_q96__benchmark__noise_sigma_0.05,sid_set_003c3cfde47fb38406d1,sid_set_003c3cfde47fb38406d1__matched_clean__fixed_q96,selection_val,authentic,-6.930434226989746,0.000976621638983488,epoch_014,42,fixed_q96,noise,"{""cell_id"":""noise_sigma_0.05"",""name"":""noise"",""output_format"":""PNG"",""parameter"":0.05,""stochastic"":true}",sid_set,unknown,unknown,unknown
sid_set_003c3cfde47fb38406d1__matched_clean__fixed_q96__benchmark__noise_sigma_0.1,sid_set_003c3cfde47fb38406d1,sid_set_003c3cfde47fb38406d1__matched_clean__fixed_q96,selection_val,authentic,-5.497288703918457,0.004081143066287041,epoch_014,42,fixed_q96,noise,"{""cell_id"":""noise_sigma_0.1"",""name"":""noise"",""output_format"":""PNG"",""parameter"":0.1,""stochastic"":true}",sid_set,unknown,unknown,unknown
sid_set_003c3cfde47fb38406d1__matched_clean__fixed_q96__benchmark__color_jitter_0.2,sid_set_003c3cfde47fb38406d1,sid_set_003c3cfde47fb38406d1__matched_clean__fixed_q96,selection_val,authentic,-9.174084663391113,0.00010368134826421738,epoch_014,42,fixed_q96,color_jitter,"{""cell_id"":""color_jitter_0.2"",""name"":""color_jitter"",""output_format"":""PNG"",""parameter"":0.2,""stochastic"":true}",sid_set,unknown,unknown,unknown
sid_set_003c3cfde47fb38406d1__matched_clean__fixed_q96__benchmark__center_crop_0.8,sid_set_003c3cfde47fb38406d1,sid_set_003c3cfde47fb38406d1__matched_clean__fixed_q96,selection_val,authentic,-9.525787353515625,7.294095848919824e-05,epoch_014,42,fixed_q96,center_crop,"{""cell_id"":""center_crop_0.8"",""name"":""center_crop"",""output_format"":""PNG"",""parameter"":0.8,""stochastic"":false}",sid_set,unknown,unknown,unknown
sid_set_006ce3b69840ca44c199__matched_clean__fixed_q96__benchmark__jpeg_q90,sid_set_006ce3b69840ca44c199,sid_set_006ce3b69840ca44c199__matched_clean__fixed_q96,selection_val,authentic,-7.356140613555908,0.0006382509018294513,epoch_014,42,fixed_q96,jpeg,"{""cell_id"":""jpeg_q90"",""name"":""jpeg"",""output_format"":""JPEG"",""parameter"":90,""stochastic"":false}",sid_set,unknown,unknown,unknown
sid_set_006ce3b69840ca44c199__matched_clean__fixed_q96__benchmark__jpeg_q70,sid_set_006ce3b69840ca44c199,sid_set_006ce3b69840ca44c199__matched_clean__fixed_q96,selection_val,authentic,-6.100016117095947,0.002237812615931034,epoch_014,42,fixed_q96,jpeg,"{""cell_id"":""jpeg_q70"",""name"":""jpeg"",""output_format"":""JPEG"",""parameter"":70,""stochastic"":false}",sid_set,unknown,unknown,unknown
sid_set_006ce3b69840ca44c199__matched_clean__fixed_q96__benchmark__jpeg_q50,sid_set_006ce3b69840ca44c199,sid_set_006ce3b69840ca44c199__matched_clean__fixed_q96,selection_val,authentic,-6.841882705688477,0.0010669509647414088,epoch_014,42,fixed_q96,jpeg,"{""cell_id"":""jpeg_q50"",""name"":""jpeg"",""output_format"":""JPEG"",""parameter"":50,""stochastic"":false}",sid_set,unknown,unknown,unknown
sid_set_006ce3b69840ca44c199__matched_clean__fixed_q96__benchmark__jpeg_q30,sid_set_006ce3b69840ca44c199,sid_set_006ce3b69840ca44c199__matched_clean__fixed_q96,selection_val,authentic,-6.412623405456543,0.0016380270244553685,epoch_014,42,fixed_q96,jpeg,"{""cell_id"":""jpeg_q30"",""name"":""jpeg"",""output_format"":""JPEG"",""parameter"":30,""stochastic"":false}",sid_set,unknown,unknown,unknown
sid_set_006ce3b69840ca44c199__matched_clean__fixed_q96__benchmark__blur_sigma_0.5,sid_set_006ce3b69840ca44c199,sid_set_006ce3b69840ca44c199__matched_clean__fixed_q96,selection_val,authentic,-8.322803497314453,0.00024285490508191288,epoch_014,42,fixed_q96,blur,"{""cell_id"":""blur_sigma_0.5"",""name"":""blur"",""output_format"":""PNG"",""parameter"":0.5,""stochastic"":false}",sid_set,unknown,unknown,unknown
sid_set_006ce3b69840ca44c199__matched_clean__fixed_q96__benchmark__blur_sigma_1.0,sid_set_006ce3b69840ca44c199,sid_set_006ce3b69840ca44c199__matched_clean__fixed_q96,selection_val,authentic,-7.880082130432129,0.00037805899046361446,epoch_014,42,fixed_q96,blur,"{""cell_id"":""blur_sigma_1.0"",""name"":""blur"",""output_format"":""PNG"",""parameter"":1.0,""stochastic"":false}",sid_set,unknown,unknown,unknown
sid_set_006ce3b69840ca44c199__matched_clean__fixed_q96__benchmark__blur_sigma_2.0,sid_set_006ce3b69840ca44c199,sid_set_006ce3b69840ca44c199__matched_clean__fixed_q96,selection_val,authentic,-7.410486221313477,0.0006045108893886209,epoch_014,42,fixed_q96,blur,"{""cell_id"":""blur_sigma_2.0"",""name"":""blur"",""output_format"":""PNG"",""parameter"":2.0,""stochastic"":false}",sid_set,unknown,unknown,unknown
sid_set_006ce3b69840ca44c199__matched_clean__fixed_q96__benchmark__resize_scale_0.5,sid_set_006ce3b69840ca44c199,sid_set_006ce3b69840ca44c199__matched_clean__fixed_q96,selection_val,authentic,-7.712588787078857,0.00044696248369291425,epoch_014,42,fixed_q96,resize,"{""cell_id"":""resize_scale_0.5"",""name"":""resize"",""output_format"":""PNG"",""parameter"":0.5,""stochastic"":false}",sid_set,unknown,unknown,unknown
sid_set_006ce3b69840ca44c199__matched_clean__fixed_q96__benchmark__resize_scale_0.25,sid_set_006ce3b69840ca44c199,sid_set_006ce3b69840ca44c199__matched_clean__fixed_q96,selection_val,authentic,-7.301638603210449,0.0006739781820215285,epoch_014,42,fixed_q96,resize,"{""cell_id"":""resize_scale_0.25"",""name"":""resize"",""output_format"":""PNG"",""parameter"":0.25,""stochastic"":false}",sid_set,unknown,unknown,unknown
sid_set_006ce3b69840ca44c199__matched_clean__fixed_q96__benchmark__noise_sigma_0.02,sid_set_006ce3b69840ca44c199,sid_set_006ce3b69840ca44c199__matched_clean__fixed_q96,selection_val,authentic,-6.177925109863281,0.0020704325288534164,epoch_014,42,fixed_q96,noise,"{""cell_id"":""noise_sigma_0.02"",""name"":""noise"",""output_format"":""PNG"",""parameter"":0.02,""stochastic"":true}",sid_set,unknown,unknown,unknown
sid_set_006ce3b69840ca44c199__matched_clean__fixed_q96__benchmark__noise_sigma_0.05,sid_set_006ce3b69840ca44c199,sid_set_006ce3b69840ca44c199__matched_clean__fixed_q96,selection_val,authentic,-5.4341607093811035,0.004345927387475967,epoch_014,42,fixed_q96,noise,"{""cell_id"":""noise_sigma_0.05"",""name"":""noise"",""output_format"":""PNG"",""parameter"":0.05,""stochastic"":true}",sid_set,unknown,unknown,unknown
sid_set_006ce3b69840ca44c199__matched_clean__fixed_q96__benchmark__noise_sigma_0.1,sid_set_006ce3b69840ca44c199,sid_set_006ce3b69840ca44c199__matched_clean__fixed_q96,selection_val,authentic,-5.332777976989746,0.004807408899068832,epoch_014,42,fixed_q96,noise,"{""cell_id"":""noise_sigma_0.1"",""name"":""noise"",""output_format"":""PNG"",""parameter"":0.1,""stochastic"":true}",sid_set,unknown,unknown,unknown
sid_set_006ce3b69840ca44c199__matched_clean__fixed_q96__benchmark__color_jitter_0.2,sid_set_006ce3b69840ca44c199,sid_set_006ce3b69840ca44c199__matched_clean__fixed_q96,selection_val,authentic,-6.789447784423828,0.001124324626289308,epoch_014,42,fixed_q96,color_jitter,"{""cell_id"":""color_jitter_0.2"",""name"":""color_jitter"",""output_format"":""PNG"",""parameter"":0.2,""stochastic"":true}",sid_set,unknown,unknown,unknown
sid_set_006ce3b69840ca44c199__matched_clean__fixed_q96__benchmark__center_crop_0.8,sid_set_006ce3b69840ca44c199,sid_set_006ce3b69840ca44c199__matched_clean__fixed_q96,selection_val,authentic,-7.110584735870361,0.0008157514967024326,epoch_014,42,fixed_q96,center_crop,"{""cell_id"":""center_crop_0.8"",""name"":""center_crop"",""output_format"":""PNG"",""parameter"":0.8,""stochastic"":false}",sid_set,unknown,unknown,unknown
sid_set_00758a039a7487f193fd__matched_clean__fixed_q96__benchmark__jpeg_q90,sid_set_00758a039a7487f193fd,sid_set_00758a039a7487f193fd__matched_clean__fixed_q96,selection_val,ai_generated,7.1091837882995605,0.9991831183433533,epoch_014,42,fixed_q96,jpeg,"{""cell_id"":""jpeg_q90"",""name"":""jpeg"",""output_format"":""JPEG"",""parameter"":90,""stochastic"":false}",sid_set,unknown,unknown,unknown
sid_set_00758a039a7487f193fd__matched_clean__fixed_q96__benchmark__jpeg_q70,sid_set_00758a039a7487f193fd,sid_set_00758a039a7487f193fd__matched_clean__fixed_q96,selection_val,ai_generated,6.319100856781006,0.9982016086578369,epoch_014,42,fixed_q96,jpeg,"{""cell_id"":""jpeg_q70"",""name"":""jpeg"",""output_format"":""JPEG"",""parameter"":70,""stochastic"":false}",sid_set,unknown,unknown,unknown
sid_set_00758a039a7487f193fd__matched_clean__fixed_q96__benchmark__jpeg_q50,sid_set_00758a039a7487f193fd,sid_set_00758a039a7487f193fd__matched_clean__fixed_q96,selection_val,ai_generated,5.724116802215576,0.9967443943023682,epoch_014,42,fixed_q96,jpeg,"{""cell_id"":""jpeg_q50"",""name"":""jpeg"",""output_format"":""JPEG"",""parameter"":50,""stochastic"":false}",sid_set,unknown,unknown,unknown
sid_set_00758a039a7487f193fd__matched_clean__fixed_q96__benchmark__jpeg_q30,sid_set_00758a039a7487f193fd,sid_set_00758a039a7487f193fd__matched_clean__fixed_q96,selection_val,ai_generated,4.320887565612793,0.9868861436843872,epoch_014,42,fixed_q96,jpeg,"{""cell_id"":""jpeg_q30"",""name"":""jpeg"",""output_format"":""JPEG"",""parameter"":30,""stochastic"":false}",sid_set,unknown,unknown,unknown
sid_set_00758a039a7487f193fd__matched_clean__fixed_q96__benchmark__blur_sigma_0.5,sid_set_00758a039a7487f193fd,sid_set_00758a039a7487f193fd__matched_clean__fixed_q96,selection_val,ai_generated,6.398974895477295,0.9983395338058472,epoch_014,42,fixed_q96,blur,"{""cell_id"":""blur_sigma_0.5"",""name"":""blur"",""output_format"":""PNG"",""parameter"":0.5,""stochastic"":false}",sid_set,unknown,unknown,unknown
sid_set_00758a039a7487f193fd__matched_clean__fixed_q96__benchmark__blur_sigma_1.0,sid_set_00758a039a7487f193fd,sid_set_00758a039a7487f193fd__matched_clean__fixed_q96,selection_val,ai_generated,5.830520153045654,0.9970719814300537,epoch_014,42,fixed_q96,blur,"{""cell_id"":""blur_sigma_1.0"",""name"":""blur"",""output_format"":""PNG"",""parameter"":1.0,""stochastic"":false}",sid_set,unknown,unknown,unknown
sid_set_00758a039a7487f193fd__matched_clean__fixed_q96__benchmark__blur_sigma_2.0,sid_set_00758a039a7487f193fd,sid_set_00758a039a7487f193fd__matched_clean__fixed_q96,selection_val,ai_generated,5.6146087646484375,0.9963690042495728,epoch_014,42,fixed_q96,blur,"{""cell_id"":""blur_sigma_2.0"",""name"":""blur"",""output_format"":""PNG"",""parameter"":2.0,""stochastic"":false}",sid_set,unknown,unknown,unknown
sid_set_00758a039a7487f193fd__matched_clean__fixed_q96__benchmark__resize_scale_0.5,sid_set_00758a039a7487f193fd,sid_set_00758a039a7487f193fd__matched_clean__fixed_q96,selection_val,ai_generated,6.115767955780029,0.9977971315383911,epoch_014,42,fixed_q96,resize,"{""cell_id"":""resize_scale_0.5"",""name"":""resize"",""output_format"":""PNG"",""parameter"":0.5,""stochastic"":false}",sid_set,unknown,unknown,unknown
sid_set_00758a039a7487f193fd__matched_clean__fixed_q96__benchmark__resize_scale_0.25,sid_set_00758a039a7487f193fd,sid_set_00758a039a7487f193fd__matched_clean__fixed_q96,selection_val,ai_generated,4.904600143432617,0.9926421046257019,epoch_014,42,fixed_q96,resize,"{""cell_id"":""resize_scale_0.25"",""name"":""resize"",""output_format"":""PNG"",""parameter"":0.25,""stochastic"":false}",sid_set,unknown,unknown,unknown
sid_set_00758a039a7487f193fd__matched_clean__fixed_q96__benchmark__noise_sigma_0.02,sid_set_00758a039a7487f193fd,sid_set_00758a039a7487f193fd__matched_clean__fixed_q96,selection_val,ai_generated,6.4269938468933105,0.9983853101730347,epoch_014,42,fixed_q96,noise,"{""cell_id"":""noise_sigma_0.02"",""name"":""noise"",""output_format"":""PNG"",""parameter"":0.02,""stochastic"":true}",sid_set,unknown,unknown,unknown
sid_set_00758a039a7487f193fd__matched_clean__fixed_q96__benchmark__noise_sigma_0.05,sid_set_00758a039a7487f193fd,sid_set_00758a039a7487f193fd__matched_clean__fixed_q96,selection_val,ai_generated,5.39702844619751,0.9954903721809387,epoch_014,42,fixed_q96,noise,"{""cell_id"":""noise_sigma_0.05"",""name"":""noise"",""output_format"":""PNG"",""parameter"":0.05,""stochastic"":true}",sid_set,unknown,unknown,unknown
sid_set_00758a039a7487f193fd__matched_clean__fixed_q96__benchmark__noise_sigma_0.1,sid_set_00758a039a7487f193fd,sid_set_00758a039a7487f193fd__matched_clean__fixed_q96,selection_val,ai_generated,4.409354209899902,0.9879831075668335,epoch_014,42,fixed_q96,noise,"{""cell_id"":""noise_sigma_0.1"",""name"":""noise"",""output_format"":""PNG"",""parameter"":0.1,""stochastic"":true}",sid_set,unknown,unknown,unknown
sid_set_00758a039a7487f193fd__matched_clean__fixed_q96__benchmark__color_jitter_0.2,sid_set_00758a039a7487f193fd,sid_set_00758a039a7487f193fd__matched_clean__fixed_q96,selection_val,ai_generated,6.257173538208008,0.9980870485305786,epoch_014,42,fixed_q96,color_jitter,"{""cell_id"":""color_jitter_0.2"",""name"":""color_jitter"",""output_format"":""PNG"",""parameter"":0.2,""stochastic"":true}",sid_set,unknown,unknown,unknown
sid_set_00758a039a7487f193fd__matched_clean__fixed_q96__benchmark__center_crop_0.8,sid_set_00758a039a7487f193fd,sid_set_00758a039a7487f193fd__matched_clean__fixed_q96,selection_val,ai_generated,8.18443489074707,0.999721109867096,epoch_014,42,fixed_q96,center_crop,"{""cell_id"":""center_crop_0.8"",""name"":""center_crop"",""output_format"":""PNG"",""parameter"":0.8,""stochastic"":false}",sid_set,unknown,unknown,unknown
sid_set_00a03c10b86c6303a0a2__matched_clean__fixed_q96__benchmark__jpeg_q90,sid_set_00a03c10b86c6303a0a2,sid_set_00a03c10b86c6303a0a2__matched_clean__fixed_q96,selection_val,authentic,-4.15553092956543,0.015435476787388325,epoch_014,42,fixed_q96,jpeg,"{""cell_id"":""jpeg_q90"",""name"":""jpeg"",""output_format"":""JPEG"",""parameter"":90,""stochastic"":false}",sid_set,unknown,unknown,unknown
sid_set_00a03c10b86c6303a0a2__matched_clean__fixed_q96__benchmark__jpeg_q70,sid_set_00a03c10b86c6303a0a2,sid_set_00a03c10b86c6303a0a2__matched_clean__fixed_q96,selection_val,authentic,-3.6990907192230225,0.02414843812584877,epoch_014,42,fixed_q96,jpeg,"{""cell_id"":""jpeg_q70"",""name"":""jpeg"",""output_format"":""JPEG"",""parameter"":70,""stochastic"":false}",sid_set,unknown,unknown,unknown
sid_set_00a03c10b86c6303a0a2__matched_clean__fixed_q96__benchmark__jpeg_q50,sid_set_00a03c10b86c6303a0a2,sid_set_00a03c10b86c6303a0a2__matched_clean__fixed_q96,selection_val,authentic,-3.5549402236938477,0.027788793668150902,epoch_014,42,fixed_q96,jpeg,"{""cell_id"":""jpeg_q50"",""name"":""jpeg"",""output_format"":""JPEG"",""parameter"":50,""stochastic"":false}",sid_set,unknown,unknown,unknown
sid_set_00a03c10b86c6303a0a2__matched_clean__fixed_q96__benchmark__jpeg_q30,sid_set_00a03c10b86c6303a0a2,sid_set_00a03c10b86c6303a0a2__matched_clean__fixed_q96,selection_val,authentic,-3.6963553428649902,0.02421298436820507,epoch_014,42,fixed_q96,jpeg,"{""cell_id"":""jpeg_q30"",""name"":""jpeg"",""output_format"":""JPEG"",""parameter"":30,""stochastic"":false}",sid_set,unknown,unknown,unknown
sid_set_00a03c10b86c6303a0a2__matched_clean__fixed_q96__benchmark__blur_sigma_0.5,sid_set_00a03c10b86c6303a0a2,sid_set_00a03c10b86c6303a0a2__matched_clean__fixed_q96,selection_val,authentic,-4.813878059387207,0.008050978183746338,epoch_014,42,fixed_q96,blur,"{""cell_id"":""blur_sigma_0.5"",""name"":""blur"",""output_format"":""PNG"",""parameter"":0.5,""stochastic"":false}",sid_set,unknown,unknown,unknown
sid_set_00a03c10b86c6303a0a2__matched_clean__fixed_q96__benchmark__blur_sigma_1.0,sid_set_00a03c10b86c6303a0a2,sid_set_00a03c10b86c6303a0a2__matched_clean__fixed_q96,selection_val,authentic,-4.38004207611084,0.012369900941848755,epoch_014,42,fixed_q96,blur,"{""cell_id"":""blur_sigma_1.0"",""name"":""blur"",""output_format"":""PNG"",""parameter"":1.0,""stochastic"":false}",sid_set,unknown,unknown,unknown
sid_set_00a03c10b86c6303a0a2__matched_clean__fixed_q96__benchmark__blur_sigma_2.0,sid_set_00a03c10b86c6303a0a2,sid_set_00a03c10b86c6303a0a2__matched_clean__fixed_q96,selection_val,authentic,-3.024134874343872,0.046347375959157944,epoch_014,42,fixed_q96,blur,"{""cell_id"":""blur_sigma_2.0"",""name"":""blur"",""output_format"":""PNG"",""parameter"":2.0,""stochastic"":false}",sid_set,unknown,unknown,unknown
sid_set_00a03c10b86c6303a0a2__matched_clean__fixed_q96__benchmark__resize_scale_0.5,sid_set_00a03c10b86c6303a0a2,sid_set_00a03c10b86c6303a0a2__matched_clean__fixed_q96,selection_val,authentic,-2.577993154525757,0.07056824117898941,epoch_014,42,fixed_q96,resize,"{""cell_id"":""resize_scale_0.5"",""name"":""resize"",""output_format"":""PNG"",""parameter"":0.5,""stochastic"":false}",sid_set,unknown,unknown,unknown
sid_set_00a03c10b86c6303a0a2__matched_clean__fixed_q96__benchmark__resize_scale_0.25,sid_set_00a03c10b86c6303a0a2,sid_set_00a03c10b86c6303a0a2__matched_clean__fixed_q96,selection_val,authentic,-2.590320587158203,0.06976397335529327,epoch_014,42,fixed_q96,resize,"{""cell_id"":""resize_scale_0.25"",""name"":""resize"",""output_format"":""PNG"",""parameter"":0.25,""stochastic"":false}",sid_set,unknown,unknown,unknown
sid_set_00a03c10b86c6303a0a2__matched_clean__fixed_q96__benchmark__noise_sigma_0.02,sid_set_00a03c10b86c6303a0a2,sid_set_00a03c10b86c6303a0a2__matched_clean__fixed_q96,selection_val,authentic,-4.150243282318115,0.015516040846705437,epoch_014,42,fixed_q96,noise,"{""cell_id"":""noise_sigma_0.02"",""name"":""noise"",""output_format"":""PNG"",""parameter"":0.02,""stochastic"":true}",sid_set,unknown,unknown,unknown
sid_set_00a03c10b86c6303a0a2__matched_clean__fixed_q96__benchmark__noise_sigma_0.05,sid_set_00a03c10b86c6303a0a2,sid_set_00a03c10b86c6303a0a2__matched_clean__fixed_q96,selection_val,authentic,-4.908567428588867,0.00732894754037261,epoch_014,42,fixed_q96,noise,"{""cell_id"":""noise_sigma_0.05"",""name"":""noise"",""output_format"":""PNG"",""parameter"":0.05,""stochastic"":true}",sid_set,unknown,unknown,unknown
sid_set_00a03c10b86c6303a0a2__matched_clean__fixed_q96__benchmark__noise_sigma_0.1,sid_set_00a03c10b86c6303a0a2,sid_set_00a03c10b86c6303a0a2__matched_clean__fixed_q96,selection_val,authentic,-4.516219139099121,0.010812093503773212,epoch_014,42,fixed_q96,noise,"{""cell_id"":""noise_sigma_0.1"",""name"":""noise"",""output_format"":""PNG"",""parameter"":0.1,""stochastic"":true}",sid_set,unknown,unknown,unknown
sid_set_00a03c10b86c6303a0a2__matched_clean__fixed_q96__benchmark__color_jitter_0.2,sid_set_00a03c10b86c6303a0a2,sid_set_00a03c10b86c6303a0a2__matched_clean__fixed_q96,selection_val,authentic,-6.0558576583862305,0.0023386089596897364,epoch_014,42,fixed_q96,color_jitter,"{""cell_id"":""color_jitter_0.2"",""name"":""color_jitter"",""output_format"":""PNG"",""parameter"":0.2,""stochastic"":true}",sid_set,unknown,unknown,unknown
sid_set_00a03c10b86c6303a0a2__matched_clean__fixed_q96__benchmark__center_crop_0.8,sid_set_00a03c10b86c6303a0a2,sid_set_00a03c10b86c6303a0a2__matched_clean__fixed_q96,selection_val,authentic,-2.7717621326446533,0.05886930972337723,epoch_014,42,fixed_q96,center_crop,"{""cell_id"":""center_crop_0.8"",""name"":""center_crop"",""output_format"":""PNG"",""parameter"":0.8,""stochastic"":false}",sid_set,unknown,unknown,unknown
sid_set_00d58ad8c6cd74a0b521__matched_clean__fixed_q96__benchmark__jpeg_q90,sid_set_00d58ad8c6cd74a0b521,sid_set_00d58ad8c6cd74a0b521__matched_clean__fixed_q96,selection_val,ai_generated,6.315733909606934,0.9981955885887146,epoch_014,42,fixed_q96,jpeg,"{""cell_id"":""jpeg_q90"",""name"":""jpeg"",""output_format"":""JPEG"",""parameter"":90,""stochastic"":false}",sid_set,unknown,unknown,unknown
sid_set_00d58ad8c6cd74a0b521__matched_clean__fixed_q96__benchmark__jpeg_q70,sid_set_00d58ad8c6cd74a0b521,sid_set_00d58ad8c6cd74a0b521__matched_clean__fixed_q96,selection_val,ai_generated,6.1951069831848145,0.9979647397994995,epoch_014,42,fixed_q96,jpeg,"{""cell_id"":""jpeg_q70"",""name"":""jpeg"",""output_format"":""JPEG"",""parameter"":70,""stochastic"":false}",sid_set,unknown,unknown,unknown
sid_set_00d58ad8c6cd74a0b521__matched_clean__fixed_q96__benchmark__jpeg_q50,sid_set_00d58ad8c6cd74a0b521,sid_set_00d58ad8c6cd74a0b521__matched_clean__fixed_q96,selection_val,ai_generated,5.241935729980469,0.9947378039360046,epoch_014,42,fixed_q96,jpeg,"{""cell_id"":""jpeg_q50"",""name"":""jpeg"",""output_format"":""JPEG"",""parameter"":50,""stochastic"":false}",sid_set,unknown,unknown,unknown
sid_set_00d58ad8c6cd74a0b521__matched_clean__fixed_q96__benchmark__jpeg_q30,sid_set_00d58ad8c6cd74a0b521,sid_set_00d58ad8c6cd74a0b521__matched_clean__fixed_q96,selection_val,ai_generated,5.171834945678711,0.9943578839302063,epoch_014,42,fixed_q96,jpeg,"{""cell_id"":""jpeg_q30"",""name"":""jpeg"",""output_format"":""JPEG"",""parameter"":30,""stochastic"":false}",sid_set,unknown,unknown,unknown
sid_set_00d58ad8c6cd74a0b521__matched_clean__fixed_q96__benchmark__blur_sigma_0.5,sid_set_00d58ad8c6cd74a0b521,sid_set_00d58ad8c6cd74a0b521__matched_clean__fixed_q96,selection_val,ai_generated,5.257943153381348,0.9948209524154663,epoch_014,42,fixed_q96,blur,"{""cell_id"":""blur_sigma_0.5"",""name"":""blur"",""output_format"":""PNG"",""parameter"":0.5,""stochastic"":false}",sid_set,unknown,unknown,unknown
sid_set_00d58ad8c6cd74a0b521__matched_clean__fixed_q96__benchmark__blur_sigma_1.0,sid_set_00d58ad8c6cd74a0b521,sid_set_00d58ad8c6cd74a0b521__matched_clean__fixed_q96,selection_val,ai_generated,4.548398494720459,0.9895267486572266,epoch_014,42,fixed_q96,blur,"{""cell_id"":""blur_sigma_1.0"",""name"":""blur"",""output_format"":""PNG"",""parameter"":1.0,""stochastic"":false}",sid_set,unknown,unknown,unknown
sid_set_00d58ad8c6cd74a0b521__matched_clean__fixed_q96__benchmark__blur_sigma_2.0,sid_set_00d58ad8c6cd74a0b521,sid_set_00d58ad8c6cd74a0b521__matched_clean__fixed_q96,selection_val,ai_generated,4.269383907318115,0.9862026572227478,epoch_014,42,fixed_q96,blur,"{""cell_id"":""blur_sigma_2.0"",""name"":""blur"",""output_format"":""PNG"",""parameter"":2.0,""stochastic"":false}",sid_set,unknown,unknown,unknown
sid_set_00d58ad8c6cd74a0b521__matched_clean__fixed_q96__benchmark__resize_scale_0.5,sid_set_00d58ad8c6cd74a0b521,sid_set_00d58ad8c6cd74a0b521__matched_clean__fixed_q96,selection_val,ai_generated,4.576661109924316,0.9898155927658081,epoch_014,42,fixed_q96,resize,"{""cell_id"":""resize_scale_0.5"",""name"":""resize"",""output_format"":""PNG"",""parameter"":0.5,""stochastic"":false}",sid_set,unknown,unknown,unknown
sid_set_00d58ad8c6cd74a0b521__matched_clean__fixed_q96__benchmark__resize_scale_0.25,sid_set_00d58ad8c6cd74a0b521,sid_set_00d58ad8c6cd74a0b521__matched_clean__fixed_q96,selection_val,ai_generated,3.1199285984039307,0.9577072858810425,epoch_014,42,fixed_q96,resize,"{""cell_id"":""resize_scale_0.25"",""name"":""resize"",""output_format"":""PNG"",""parameter"":0.25,""stochastic"":false}",sid_set,unknown,unknown,unknown
sid_set_00d58ad8c6cd74a0b521__matched_clean__fixed_q96__benchmark__noise_sigma_0.02,sid_set_00d58ad8c6cd74a0b521,sid_set_00d58ad8c6cd74a0b521__matched_clean__fixed_q96,selection_val,ai_generated,5.535368919372559,0.9960707426071167,epoch_014,42,fixed_q96,noise,"{""cell_id"":""noise_sigma_0.02"",""name"":""noise"",""output_format"":""PNG"",""parameter"":0.02,""stochastic"":true}",sid_set,unknown,unknown,unknown
sid_set_00d58ad8c6cd74a0b521__matched_clean__fixed_q96__benchmark__noise_sigma_0.05,sid_set_00d58ad8c6cd74a0b521,sid_set_00d58ad8c6cd74a0b521__matched_clean__fixed_q96,selection_val,ai_generated,3.948016405105591,0.9810722470283508,epoch_014,42,fixed_q96,noise,"{""cell_id"":""noise_sigma_0.05"",""name"":""noise"",""output_format"":""PNG"",""parameter"":0.05,""stochastic"":true}",sid_set,unknown,unknown,unknown
sid_set_00d58ad8c6cd74a0b521__matched_clean__fixed_q96__benchmark__noise_sigma_0.1,sid_set_00d58ad8c6cd74a0b521,sid_set_00d58ad8c6cd74a0b521__matched_clean__fixed_q96,selection_val,ai_generated,3.485104560852051,0.9702610373497009,epoch_014,42,fixed_q96,noise,"{""cell_id"":""noise_sigma_0.1"",""name"":""noise"",""output_format"":""PNG"",""parameter"":0.1,""stochastic"":true}",sid_set,unknown,unknown,unknown
sid_set_00d58ad8c6cd74a0b521__matched_clean__fixed_q96__benchmark__color_jitter_0.2,sid_set_00d58ad8c6cd74a0b521,sid_set_00d58ad8c6cd74a0b521__matched_clean__fixed_q96,selection_val,ai_generated,6.011860370635986,0.9975564479827881,epoch_014,42,fixed_q96,color_jitter,"{""cell_id"":""color_jitter_0.2"",""name"":""color_jitter"",""output_format"":""PNG"",""parameter"":0.2,""stochastic"":true}",sid_set,unknown,unknown,unknown
sid_set_00d58ad8c6cd74a0b521__matched_clean__fixed_q96__benchmark__center_crop_0.8,sid_set_00d58ad8c6cd74a0b521,sid_set_00d58ad8c6cd74a0b521__matched_clean__fixed_q96,selection_val,ai_generated,5.914585113525391,0.997307538986206,epoch_014,42,fixed_q96,center_crop,"{""cell_id"":""center_crop_0.8"",""name"":""center_crop"",""output_format"":""PNG"",""parameter"":0.8,""stochastic"":false}",sid_set,unknown,unknown,unknown
sid_set_00f0e97d3f00e11a4baa__matched_clean__fixed_q96__benchmark__jpeg_q90,sid_set_00f0e97d3f00e11a4baa,sid_set_00f0e97d3f00e11a4baa__matched_clean__fixed_q96,selection_val,ai_generated,4.873892784118652,0.9924144148826599,epoch_014,42,fixed_q96,jpeg,"{""cell_id"":""jpeg_q90"",""name"":""jpeg"",""output_format"":""JPEG"",""parameter"":90,""stochastic"":false}",sid_set,unknown,unknown,unknown
sid_set_00f0e97d3f00e11a4baa__matched_clean__fixed_q96__benchmark__jpeg_q70,sid_set_00f0e97d3f00e11a4baa,sid_set_00f0e97d3f00e11a4baa__matched_clean__fixed_q96,selection_val,ai_generated,4.724365234375,0.9912017583847046,epoch_014,42,fixed_q96,jpeg,"{""cell_id"":""jpeg_q70"",""name"":""jpeg"",""output_format"":""JPEG"",""parameter"":70,""stochastic"":false}",sid_set,unknown,unknown,unknown
sid_set_00f0e97d3f00e11a4baa__matched_clean__fixed_q96__benchmark__jpeg_q50,sid_set_00f0e97d3f00e11a4baa,sid_set_00f0e97d3f00e11a4baa__matched_clean__fixed_q96,selection_val,ai_generated,4.219936370849609,0.9855133891105652,epoch_014,42,fixed_q96,jpeg,"{""cell_id"":""jpeg_q50"",""name"":""jpeg"",""output_format"":""JPEG"",""parameter"":50,""stochastic"":false}",sid_set,unknown,unknown,unknown
sid_set_00f0e97d3f00e11a4baa__matched_clean__fixed_q96__benchmark__jpeg_q30,sid_set_00f0e97d3f00e11a4baa,sid_set_00f0e97d3f00e11a4baa__matched_clean__fixed_q96,selection_val,ai_generated,4.1123223304748535,0.9838939309120178,epoch_014,42,fixed_q96,jpeg,"{""cell_id"":""jpeg_q30"",""name"":""jpeg"",""output_format"":""JPEG"",""parameter"":30,""stochastic"":false}",sid_set,unknown,unknown,unknown
sid_set_00f0e97d3f00e11a4baa__matched_clean__fixed_q96__benchmark__blur_sigma_0.5,sid_set_00f0e97d3f00e11a4baa,sid_set_00f0e97d3f00e11a4baa__matched_clean__fixed_q96,selection_val,ai_generated,3.817138195037842,0.9784825444221497,epoch_014,42,fixed_q96,blur,"{""cell_id"":""blur_sigma_0.5"",""name"":""blur"",""output_format"":""PNG"",""parameter"":0.5,""stochastic"":false}",sid_set,unknown,unknown,unknown
sid_set_00f0e97d3f00e11a4baa__matched_clean__fixed_q96__benchmark__blur_sigma_1.0,sid_set_00f0e97d3f00e11a4baa,sid_set_00f0e97d3f00e11a4baa__matched_clean__fixed_q96,selection_val,ai_generated,4.645909309387207,0.9904905557632446,epoch_014,42,fixed_q96,blur,"{""cell_id"":""blur_sigma_1.0"",""name"":""blur"",""output_format"":""PNG"",""parameter"":1.0,""stochastic"":false}",sid_set,unknown,unknown,unknown
sid_set_00f0e97d3f00e11a4baa__matched_clean__fixed_q96__benchmark__blur_sigma_2.0,sid_set_00f0e97d3f00e11a4baa,sid_set_00f0e97d3f00e11a4baa__matched_clean__fixed_q96,selection_val,ai_generated,5.179990291595459,0.9944033622741699,epoch_014,42,fixed_q96,blur,"{""cell_id"":""blur_sigma_2.0"",""name"":""blur"",""output_format"":""PNG"",""parameter"":2.0,""stochastic"":false}",sid_set,unknown,unknown,unknown
sid_set_00f0e97d3f00e11a4baa__matched_clean__fixed_q96__benchmark__resize_scale_0.5,sid_set_00f0e97d3f00e11a4baa,sid_set_00f0e97d3f00e11a4baa__matched_clean__fixed_q96,selection_val,ai_generated,5.848898410797119,0.9971252083778381,epoch_014,42,fixed_q96,resize,"{""cell_id"":""resize_scale_0.5"",""name"":""resize"",""output_format"":""PNG"",""parameter"":0.5,""stochastic"":false}",sid_set,unknown,unknown,unknown
sid_set_00f0e97d3f00e11a4baa__matched_clean__fixed_q96__benchmark__resize_scale_0.25,sid_set_00f0e97d3f00e11a4baa,sid_set_00f0e97d3f00e11a4baa__matched_clean__fixed_q96,selection_val,ai_generated,5.723113536834717,0.9967411160469055,epoch_014,42,fixed_q96,resize,"{""cell_id"":""resize_scale_0.25"",""name"":""resize"",""output_format"":""PNG"",""parameter"":0.25,""stochastic"":false}",sid_set,unknown,unknown,unknown
sid_set_00f0e97d3f00e11a4baa__matched_clean__fixed_q96__benchmark__noise_sigma_0.02,sid_set_00f0e97d3f00e11a4baa,sid_set_00f0e97d3f00e11a4baa__matched_clean__fixed_q96,selection_val,ai_generated,4.497145652770996,0.9889820218086243,epoch_014,42,fixed_q96,noise,"{""cell_id"":""noise_sigma_0.02"",""name"":""noise"",""output_format"":""PNG"",""parameter"":0.02,""stochastic"":true}",sid_set,unknown,unknown,unknown
sid_set_00f0e97d3f00e11a4baa__matched_clean__fixed_q96__benchmark__noise_sigma_0.05,sid_set_00f0e97d3f00e11a4baa,sid_set_00f0e97d3f00e11a4baa__matched_clean__fixed_q96,selection_val,ai_generated,3.760700225830078,0.9772616624832153,epoch_014,42,fixed_q96,noise,"{""cell_id"":""noise_sigma_0.05"",""name"":""noise"",""output_format"":""PNG"",""parameter"":0.05,""stochastic"":true}",sid_set,unknown,unknown,unknown
sid_set_00f0e97d3f00e11a4baa__matched_clean__fixed_q96__benchmark__noise_sigma_0.1,sid_set_00f0e97d3f00e11a4baa,sid_set_00f0e97d3f00e11a4baa__matched_clean__fixed_q96,selection_val,ai_generated,2.789487838745117,0.9421051740646362,epoch_014,42,fixed_q96,noise,"{""cell_id"":""noise_sigma_0.1"",""name"":""noise"",""output_format"":""PNG"",""parameter"":0.1,""stochastic"":true}",sid_set,unknown,unknown,unknown
sid_set_00f0e97d3f00e11a4baa__matched_clean__fixed_q96__benchmark__color_jitter_0.2,sid_set_00f0e97d3f00e11a4baa,sid_set_00f0e97d3f00e11a4baa__matched_clean__fixed_q96,selection_val,ai_generated,5.638858318328857,0.9964556694030762,epoch_014,42,fixed_q96,color_jitter,"{""cell_id"":""color_jitter_0.2"",""name"":""color_jitter"",""output_format"":""PNG"",""parameter"":0.2,""stochastic"":true}",sid_set,unknown,unknown,unknown
sid_set_00f0e97d3f00e11a4baa__matched_clean__fixed_q96__benchmark__center_crop_0.8,sid_set_00f0e97d3f00e11a4baa,sid_set_00f0e97d3f00e11a4baa__matched_clean__fixed_q96,selection_val,ai_generated,4.99786901473999,0.9932929277420044,epoch_014,42,fixed_q96,center_crop,"{""cell_id"":""center_crop_0.8"",""name"":""center_crop"",""output_format"":""PNG"",""parameter"":0.8,""stochastic"":false}",sid_set,unknown,unknown,unknown
sid_set_00ffbd45bb2138ef9912__matched_clean__fixed_q96__benchmark__jpeg_q90,sid_set_00ffbd45bb2138ef9912,sid_set_00ffbd45bb2138ef9912__matched_clean__fixed_q96,selection_val,authentic,-4.578091144561768,0.010169998742640018,epoch_014,42,fixed_q96,jpeg,"{""cell_id"":""jpeg_q90"",""name"":""jpeg"",""output_format"":""JPEG"",""parameter"":90,""stochastic"":false}",sid_set,unknown,unknown,unknown
sid_set_00ffbd45bb2138ef9912__matched_clean__fixed_q96__benchmark__jpeg_q70,sid_set_00ffbd45bb2138ef9912,sid_set_00ffbd45bb2138ef9912__matched_clean__fixed_q96,selection_val,authentic,-4.581210613250732,0.010138644836843014,epoch_014,42,fixed_q96,jpeg,"{""cell_id"":""jpeg_q70"",""name"":""jpeg"",""output_format"":""JPEG"",""parameter"":70,""stochastic"":false}",sid_set,unknown,unknown,unknown
sid_set_00ffbd45bb2138ef9912__matched_clean__fixed_q96__benchmark__jpeg_q50,sid_set_00ffbd45bb2138ef9912,sid_set_00ffbd45bb2138ef9912__matched_clean__fixed_q96,selection_val,authentic,-4.557912349700928,0.010375150479376316,epoch_014,42,fixed_q96,jpeg,"{""cell_id"":""jpeg_q50"",""name"":""jpeg"",""output_format"":""JPEG"",""parameter"":50,""stochastic"":false}",sid_set,unknown,unknown,unknown
sid_set_00ffbd45bb2138ef9912__matched_clean__fixed_q96__benchmark__jpeg_q30,sid_set_00ffbd45bb2138ef9912,sid_set_00ffbd45bb2138ef9912__matched_clean__fixed_q96,selection_val,authentic,-5.2902021408081055,0.005015459377318621,epoch_014,42,fixed_q96,jpeg,"{""cell_id"":""jpeg_q30"",""name"":""jpeg"",""output_format"":""JPEG"",""parameter"":30,""stochastic"":false}",sid_set,unknown,unknown,unknown
sid_set_00ffbd45bb2138ef9912__matched_clean__fixed_q96__benchmark__blur_sigma_0.5,sid_set_00ffbd45bb2138ef9912,sid_set_00ffbd45bb2138ef9912__matched_clean__fixed_q96,selection_val,authentic,-5.946218967437744,0.002608887618407607,epoch_014,42,fixed_q96,blur,"{""cell_id"":""blur_sigma_0.5"",""name"":""blur"",""output_format"":""PNG"",""parameter"":0.5,""stochastic"":false}",sid_set,unknown,unknown,unknown
sid_set_00ffbd45bb2138ef9912__matched_clean__fixed_q96__benchmark__blur_sigma_1.0,sid_set_00ffbd45bb2138ef9912,sid_set_00ffbd45bb2138ef9912__matched_clean__fixed_q96,selection_val,authentic,-5.410825729370117,0.004448075778782368,epoch_014,42,fixed_q96,blur,"{""cell_id"":""blur_sigma_1.0"",""name"":""blur"",""output_format"":""PNG"",""parameter"":1.0,""stochastic"":false}",sid_set,unknown,unknown,unknown
sid_set_00ffbd45bb2138ef9912__matched_clean__fixed_q96__benchmark__blur_sigma_2.0,sid_set_00ffbd45bb2138ef9912,sid_set_00ffbd45bb2138ef9912__matched_clean__fixed_q96,selection_val,authentic,-3.5400686264038086,0.028193408623337746,epoch_014,42,fixed_q96,blur,"{""cell_id"":""blur_sigma_2.0"",""name"":""blur"",""output_format"":""PNG"",""parameter"":2.0,""stochastic"":false}",sid_set,unknown,unknown,unknown
sid_set_00ffbd45bb2138ef9912__matched_clean__fixed_q96__benchmark__resize_scale_0.5,sid_set_00ffbd45bb2138ef9912,sid_set_00ffbd45bb2138ef9912__matched_clean__fixed_q96,selection_val,authentic,-4.378001689910889,0.012394852936267853,epoch_014,42,fixed_q96,resize,"{""cell_id"":""resize_scale_0.5"",""name"":""resize"",""output_format"":""PNG"",""parameter"":0.5,""stochastic"":false}",sid_set,unknown,unknown,unknown
sid_set_00ffbd45bb2138ef9912__matched_clean__fixed_q96__benchmark__resize_scale_0.25,sid_set_00ffbd45bb2138ef9912,sid_set_00ffbd45bb2138ef9912__matched_clean__fixed_q96,selection_val,authentic,-3.2745680809020996,0.036454033106565475,epoch_014,42,fixed_q96,resize,"{""cell_id"":""resize_scale_0.25"",""name"":""resize"",""output_format"":""PNG"",""parameter"":0.25,""stochastic"":false}",sid_set,unknown,unknown,unknown
sid_set_00ffbd45bb2138ef9912__matched_clean__fixed_q96__benchmark__noise_sigma_0.02,sid_set_00ffbd45bb2138ef9912,sid_set_00ffbd45bb2138ef9912__matched_clean__fixed_q96,selection_val,authentic,-3.8188812732696533,0.02148079313337803,epoch_014,42,fixed_q96,noise,"{""cell_id"":""noise_sigma_0.02"",""name"":""noise"",""output_format"":""PNG"",""parameter"":0.02,""stochastic"":true}",sid_set,unknown,unknown,unknown
sid_set_00ffbd45bb2138ef9912__matched_clean__fixed_q96__benchmark__noise_sigma_0.05,sid_set_00ffbd45bb2138ef9912,sid_set_00ffbd45bb2138ef9912__matched_clean__fixed_q96,selection_val,authentic,-3.3725147247314453,0.0331655777990818,epoch_014,42,fixed_q96,noise,"{""cell_id"":""noise_sigma_0.05"",""name"":""noise"",""output_format"":""PNG"",""parameter"":0.05,""stochastic"":true}",sid_set,unknown,unknown,unknown
sid_set_00ffbd45bb2138ef9912__matched_clean__fixed_q96__benchmark__noise_sigma_0.1,sid_set_00ffbd45bb2138ef9912,sid_set_00ffbd45bb2138ef9912__matched_clean__fixed_q96,selection_val,authentic,-2.6390960216522217,0.06666425615549088,epoch_014,42,fixed_q96,noise,"{""cell_id"":""noise_sigma_0.1"",""name"":""noise"",""output_format"":""PNG"",""parameter"":0.1,""stochastic"":true}",sid_set,unknown,unknown,unknown
sid_set_00ffbd45bb2138ef9912__matched_clean__fixed_q96__benchmark__color_jitter_0.2,sid_set_00ffbd45bb2138ef9912,sid_set_00ffbd45bb2138ef9912__matched_clean__fixed_q96,selection_val,authentic,-4.966426849365234,0.006919784005731344,epoch_014,42,fixed_q96,color_jitter,"{""cell_id"":""color_jitter_0.2"",""name"":""color_jitter"",""output_format"":""PNG"",""parameter"":0.2,""stochastic"":true}",sid_set,unknown,unknown,unknown
sid_set_00ffbd45bb2138ef9912__matched_clean__fixed_q96__benchmark__center_crop_0.8,sid_set_00ffbd45bb2138ef9912,sid_set_00ffbd45bb2138ef9912__matched_clean__fixed_q96,selection_val,authentic,-5.118960857391357,0.005946661811321974,epoch_014,42,fixed_q96,center_crop,"{""cell_id"":""center_crop_0.8"",""name"":""center_crop"",""output_format"":""PNG"",""parameter"":0.8,""stochastic"":false}",sid_set,unknown,unknown,unknown
sid_set_01191e0157d4e61a1b27__matched_clean__fixed_q96__benchmark__jpeg_q90,sid_set_01191e0157d4e61a1b27,sid_set_01191e0157d4e61a1b27__matched_clean__fixed_q96,selection_val,ai_generated,2.3862481117248535,0.9157726168632507,epoch_014,42,fixed_q96,jpeg,"{""cell_id"":""jpeg_q90"",""name"":""jpeg"",""output_format"":""JPEG"",""parameter"":90,""stochastic"":false}",sid_set,unknown,unknown,unknown
sid_set_01191e0157d4e61a1b27__matched_clean__fixed_q96__benchmark__jpeg_q70,sid_set_01191e0157d4e61a1b27,sid_set_01191e0157d4e61a1b27__matched_clean__fixed_q96,selection_val,ai_generated,2.6848158836364746,0.9361247420310974,epoch_014,42,fixed_q96,jpeg,"{""cell_id"":""jpeg_q70"",""name"":""jpeg"",""output_format"":""JPEG"",""parameter"":70,""stochastic"":false}",sid_set,unknown,unknown,unknown
sid_set_01191e0157d4e61a1b27__matched_clean__fixed_q96__benchmark__jpeg_q50,sid_set_01191e0157d4e61a1b27,sid_set_01191e0157d4e61a1b27__matched_clean__fixed_q96,selection_val,ai_generated,2.463796854019165,0.9215645790100098,epoch_014,42,fixed_q96,jpeg,"{""cell_id"":""jpeg_q50"",""name"":""jpeg"",""output_format"":""JPEG"",""parameter"":50,""stochastic"":false}",sid_set,unknown,unknown,unknown
sid_set_01191e0157d4e61a1b27__matched_clean__fixed_q96__benchmark__jpeg_q30,sid_set_01191e0157d4e61a1b27,sid_set_01191e0157d4e61a1b27__matched_clean__fixed_q96,selection_val,ai_generated,2.33311128616333,0.9115824699401855,epoch_014,42,fixed_q96,jpeg,"{""cell_id"":""jpeg_q30"",""name"":""jpeg"",""output_format"":""JPEG"",""parameter"":30,""stochastic"":false}",sid_set,unknown,unknown,unknown
sid_set_01191e0157d4e61a1b27__matched_clean__fixed_q96__benchmark__blur_sigma_0.5,sid_set_01191e0157d4e61a1b27,sid_set_01191e0157d4e61a1b27__matched_clean__fixed_q96,selection_val,ai_generated,2.629274845123291,0.9327220320701599,epoch_014,42,fixed_q96,blur,"{""cell_id"":""blur_sigma_0.5"",""name"":""blur"",""output_format"":""PNG"",""parameter"":0.5,""stochastic"":false}",sid_set,unknown,unknown,unknown
sid_set_01191e0157d4e61a1b27__matched_clean__fixed_q96__benchmark__blur_sigma_1.0,sid_set_01191e0157d4e61a1b27,sid_set_01191e0157d4e61a1b27__matched_clean__fixed_q96,selection_val,ai_generated,3.249885082244873,0.9626689553260803,epoch_014,42,fixed_q96,blur,"{""cell_id"":""blur_sigma_1.0"",""name"":""blur"",""output_format"":""PNG"",""parameter"":1.0,""stochastic"":false}",sid_set,unknown,unknown,unknown
sid_set_01191e0157d4e61a1b27__matched_clean__fixed_q96__benchmark__blur_sigma_2.0,sid_set_01191e0157d4e61a1b27,sid_set_01191e0157d4e61a1b27__matched_clean__fixed_q96,selection_val,ai_generated,2.914611339569092,0.9485640525817871,epoch_014,42,fixed_q96,blur,"{""cell_id"":""blur_sigma_2.0"",""name"":""blur"",""output_format"":""PNG"",""parameter"":2.0,""stochastic"":false}",sid_set,unknown,unknown,unknown
sid_set_01191e0157d4e61a1b27__matched_clean__fixed_q96__benchmark__resize_scale_0.5,sid_set_01191e0157d4e61a1b27,sid_set_01191e0157d4e61a1b27__matched_clean__fixed_q96,selection_val,ai_generated,3.0860366821289062,0.9563130736351013,epoch_014,42,fixed_q96,resize,"{""cell_id"":""resize_scale_0.5"",""name"":""resize"",""output_format"":""PNG"",""parameter"":0.5,""stochastic"":false}",sid_set,unknown,unknown,unknown
sid_set_01191e0157d4e61a1b27__matched_clean__fixed_q96__benchmark__resize_scale_0.25,sid_set_01191e0157d4e61a1b27,sid_set_01191e0157d4e61a1b27__matched_clean__fixed_q96,selection_val,ai_generated,2.66321063041687,0.9348205924034119,epoch_014,42,fixed_q96,resize,"{""cell_id"":""resize_scale_0.25"",""name"":""resize"",""output_format"":""PNG"",""parameter"":0.25,""stochastic"":false}",sid_set,unknown,unknown,unknown
sid_set_01191e0157d4e61a1b27__matched_clean__fixed_q96__benchmark__noise_sigma_0.02,sid_set_01191e0157d4e61a1b27,sid_set_01191e0157d4e61a1b27__matched_clean__fixed_q96,selection_val,ai_generated,3.587280750274658,0.9730716943740845,epoch_014,42,fixed_q96,noise,"{""cell_id"":""noise_sigma_0.02"",""name"":""noise"",""output_format"":""PNG"",""parameter"":0.02,""stochastic"":true}",sid_set,unknown,unknown,unknown
sid_set_01191e0157d4e61a1b27__matched_clean__fixed_q96__benchmark__noise_sigma_0.05,sid_set_01191e0157d4e61a1b27,sid_set_01191e0157d4e61a1b27__matched_clean__fixed_q96,selection_val,ai_generated,2.9462802410125732,0.950087308883667,epoch_014,42,fixed_q96,noise,"{""cell_id"":""noise_sigma_0.05"",""name"":""noise"",""output_format"":""PNG"",""parameter"":0.05,""stochastic"":true}",sid_set,unknown,unknown,unknown
sid_set_01191e0157d4e61a1b27__matched_clean__fixed_q96__benchmark__noise_sigma_0.1,sid_set_01191e0157d4e61a1b27,sid_set_01191e0157d4e61a1b27__matched_clean__fixed_q96,selection_val,ai_generated,2.267195701599121,0.9061235189437866,epoch_014,42,fixed_q96,noise,"{""cell_id"":""noise_sigma_0.1"",""name"":""noise"",""output_format"":""PNG"",""parameter"":0.1,""stochastic"":true}",sid_set,unknown,unknown,unknown
sid_set_01191e0157d4e61a1b27__matched_clean__fixed_q96__benchmark__color_jitter_0.2,sid_set_01191e0157d4e61a1b27,sid_set_01191e0157d4e61a1b27__matched_clean__fixed_q96,selection_val,ai_generated,3.735684871673584,0.9766989946365356,epoch_014,42,fixed_q96,color_jitter,"{""cell_id"":""color_jitter_0.2"",""name"":""color_jitter"",""output_format"":""PNG"",""parameter"":0.2,""stochastic"":true}",sid_set,unknown,unknown,unknown
sid_set_01191e0157d4e61a1b27__matched_clean__fixed_q96__benchmark__center_crop_0.8,sid_set_01191e0157d4e61a1b27,sid_set_01191e0157d4e61a1b27__matched_clean__fixed_q96,selection_val,ai_generated,4.2673869132995605,0.9861753582954407,epoch_014,42,fixed_q96,center_crop,"{""cell_id"":""center_crop_0.8"",""name"":""center_crop"",""output_format"":""PNG"",""parameter"":0.8,""stochastic"":false}",sid_set,unknown,unknown,unknown
sid_set_013129761f5698fcf504__matched_clean__fixed_q96__benchmark__jpeg_q90,sid_set_013129761f5698fcf504,sid_set_013129761f5698fcf504__matched_clean__fixed_q96,selection_val,authentic,-6.570291996002197,0.0013994269538670778,epoch_014,42,fixed_q96,jpeg,"{""cell_id"":""jpeg_q90"",""name"":""jpeg"",""output_format"":""JPEG"",""parameter"":90,""stochastic"":false}",sid_set,unknown,unknown,unknown
sid_set_013129761f5698fcf504__matched_clean__fixed_q96__benchmark__jpeg_q70,sid_set_013129761f5698fcf504,sid_set_013129761f5698fcf504__matched_clean__fixed_q96,selection_val,authentic,-6.548067569732666,0.001430831733159721,epoch_014,42,fixed_q96,jpeg,"{""cell_id"":""jpeg_q70"",""name"":""jpeg"",""output_format"":""JPEG"",""parameter"":70,""stochastic"":false}",sid_set,unknown,unknown,unknown
sid_set_013129761f5698fcf504__matched_clean__fixed_q96__benchmark__jpeg_q50,sid_set_013129761f5698fcf504,sid_set_013129761f5698fcf504__matched_clean__fixed_q96,selection_val,authentic,-6.693202495574951,0.0012377735693007708,epoch_014,42,fixed_q96,jpeg,"{""cell_id"":""jpeg_q50"",""name"":""jpeg"",""output_format"":""JPEG"",""parameter"":50,""stochastic"":false}",sid_set,unknown,unknown,unknown
sid_set_013129761f5698fcf504__matched_clean__fixed_q96__benchmark__jpeg_q30,sid_set_013129761f5698fcf504,sid_set_013129761f5698fcf504__matched_clean__fixed_q96,selection_val,authentic,-7.3845601081848145,0.0006203785887919366,epoch_014,42,fixed_q96,jpeg,"{""cell_id"":""jpeg_q30"",""name"":""jpeg"",""output_format"":""JPEG"",""parameter"":30,""stochastic"":false}",sid_set,unknown,unknown,unknown
sid_set_013129761f5698fcf504__matched_clean__fixed_q96__benchmark__blur_sigma_0.5,sid_set_013129761f5698fcf504,sid_set_013129761f5698fcf504__matched_clean__fixed_q96,selection_val,authentic,-6.520671844482422,0.0014705137582495809,epoch_014,42,fixed_q96,blur,"{""cell_id"":""blur_sigma_0.5"",""name"":""blur"",""output_format"":""PNG"",""parameter"":0.5,""stochastic"":false}",sid_set,unknown,unknown,unknown
sid_set_013129761f5698fcf504__matched_clean__fixed_q96__benchmark__blur_sigma_1.0,sid_set_013129761f5698fcf504,sid_set_013129761f5698fcf504__matched_clean__fixed_q96,selection_val,authentic,-5.501232147216797,0.004065146204084158,epoch_014,42,fixed_q96,blur,"{""cell_id"":""blur_sigma_1.0"",""name"":""blur"",""output_format"":""PNG"",""parameter"":1.0,""stochastic"":false}",sid_set,unknown,unknown,unknown
sid_set_013129761f5698fcf504__matched_clean__fixed_q96__benchmark__blur_sigma_2.0,sid_set_013129761f5698fcf504,sid_set_013129761f5698fcf504__matched_clean__fixed_q96,selection_val,authentic,-4.22942590713501,0.014351774007081985,epoch_014,42,fixed_q96,blur,"{""cell_id"":""blur_sigma_2.0"",""name"":""blur"",""output_format"":""PNG"",""parameter"":2.0,""stochastic"":false}",sid_set,unknown,unknown,unknown
sid_set_013129761f5698fcf504__matched_clean__fixed_q96__benchmark__resize_scale_0.5,sid_set_013129761f5698fcf504,sid_set_013129761f5698fcf504__matched_clean__fixed_q96,selection_val,authentic,-4.886828899383545,0.007488805800676346,epoch_014,42,fixed_q96,resize,"{""cell_id"":""resize_scale_0.5"",""name"":""resize"",""output_format"":""PNG"",""parameter"":0.5,""stochastic"":false}",sid_set,unknown,unknown,unknown
sid_set_013129761f5698fcf504__matched_clean__fixed_q96__benchmark__resize_scale_0.25,sid_set_013129761f5698fcf504,sid_set_013129761f5698fcf504__matched_clean__fixed_q96,selection_val,authentic,-4.4848856925964355,0.011152397841215134,epoch_014,42,fixed_q96,resize,"{""cell_id"":""resize_scale_0.25"",""name"":""resize"",""output_format"":""PNG"",""parameter"":0.25,""stochastic"":false}",sid_set,unknown,unknown,unknown
sid_set_013129761f5698fcf504__matched_clean__fixed_q96__benchmark__noise_sigma_0.02,sid_set_013129761f5698fcf504,sid_set_013129761f5698fcf504__matched_clean__fixed_q96,selection_val,authentic,-4.610542297363281,0.009848466143012047,epoch_014,42,fixed_q96,noise,"{""cell_id"":""noise_sigma_0.02"",""name"":""noise"",""output_format"":""PNG"",""parameter"":0.02,""stochastic"":true}",sid_set,unknown,unknown,unknown
sid_set_013129761f5698fcf504__matched_clean__fixed_q96__benchmark__noise_sigma_0.05,sid_set_013129761f5698fcf504,sid_set_013129761f5698fcf504__matched_clean__fixed_q96,selection_val,authentic,-4.278523921966553,0.013673551380634308,epoch_014,42,fixed_q96,noise,"{""cell_id"":""noise_sigma_0.05"",""name"":""noise"",""output_format"":""PNG"",""parameter"":0.05,""stochastic"":true}",sid_set,unknown,unknown,unknown
sid_set_013129761f5698fcf504__matched_clean__fixed_q96__benchmark__noise_sigma_0.1,sid_set_013129761f5698fcf504,sid_set_013129761f5698fcf504__matched_clean__fixed_q96,selection_val,authentic,-3.7094907760620117,0.02390456758439541,epoch_014,42,fixed_q96,noise,"{""cell_id"":""noise_sigma_0.1"",""name"":""noise"",""output_format"":""PNG"",""parameter"":0.1,""stochastic"":true}",sid_set,unknown,unknown,unknown
sid_set_013129761f5698fcf504__matched_clean__fixed_q96__benchmark__color_jitter_0.2,sid_set_013129761f5698fcf504,sid_set_013129761f5698fcf504__matched_clean__fixed_q96,selection_val,authentic,-5.96490478515625,0.0025607149582356215,epoch_014,42,fixed_q96,color_jitter,"{""cell_id"":""color_jitter_0.2"",""name"":""color_jitter"",""output_format"":""PNG"",""parameter"":0.2,""stochastic"":true}",sid_set,unknown,unknown,unknown
sid_set_013129761f5698fcf504__matched_clean__fixed_q96__benchmark__center_crop_0.8,sid_set_013129761f5698fcf504,sid_set_013129761f5698fcf504__matched_clean__fixed_q96,selection_val,authentic,-7.113449573516846,0.0008134196978062391,epoch_014,42,fixed_q96,center_crop,"{""cell_id"":""center_crop_0.8"",""name"":""center_crop"",""output_format"":""PNG"",""parameter"":0.8,""stochastic"":false}",sid_set,unknown,unknown,unknown
sid_set_018a973921b83333b700__matched_clean__fixed_q96__benchmark__jpeg_q90,sid_set_018a973921b83333b700,sid_set_018a973921b83333b700__matched_clean__fixed_q96,selection_val,authentic,-4.53963041305542,0.010564551688730717,epoch_014,42,fixed_q96,jpeg,"{""cell_id"":""jpeg_q90"",""name"":""jpeg"",""output_format"":""JPEG"",""parameter"":90,""stochastic"":false}",sid_set,unknown,unknown,unknown
sid_set_018a973921b83333b700__matched_clean__fixed_q96__benchmark__jpeg_q70,sid_set_018a973921b83333b700,sid_set_018a973921b83333b700__matched_clean__fixed_q96,selection_val,authentic,-4.003758907318115,0.017919937148690224,epoch_014,42,fixed_q96,jpeg,"{""cell_id"":""jpeg_q70"",""name"":""jpeg"",""output_format"":""JPEG"",""parameter"":70,""stochastic"":false}",sid_set,unknown,unknown,unknown
sid_set_018a973921b83333b700__matched_clean__fixed_q96__benchmark__jpeg_q50,sid_set_018a973921b83333b700,sid_set_018a973921b83333b700__matched_clean__fixed_q96,selection_val,authentic,-4.397274017333984,0.012161138467490673,epoch_014,42,fixed_q96,jpeg,"{""cell_id"":""jpeg_q50"",""name"":""jpeg"",""output_format"":""JPEG"",""parameter"":50,""stochastic"":false}",sid_set,unknown,unknown,unknown
sid_set_018a973921b83333b700__matched_clean__fixed_q96__benchmark__jpeg_q30,sid_set_018a973921b83333b700,sid_set_018a973921b83333b700__matched_clean__fixed_q96,selection_val,authentic,-4.106423377990723,0.016199808567762375,epoch_014,42,fixed_q96,jpeg,"{""cell_id"":""jpeg_q30"",""name"":""jpeg"",""output_format"":""JPEG"",""parameter"":30,""stochastic"":false}",sid_set,unknown,unknown,unknown
sid_set_018a973921b83333b700__matched_clean__fixed_q96__benchmark__blur_sigma_0.5,sid_set_018a973921b83333b700,sid_set_018a973921b83333b700__matched_clean__fixed_q96,selection_val,authentic,-5.135541915893555,0.0058494447730481625,epoch_014,42,fixed_q96,blur,"{""cell_id"":""blur_sigma_0.5"",""name"":""blur"",""output_format"":""PNG"",""parameter"":0.5,""stochastic"":false}",sid_set,unknown,unknown,unknown
sid_set_018a973921b83333b700__matched_clean__fixed_q96__benchmark__blur_sigma_1.0,sid_set_018a973921b83333b700,sid_set_018a973921b83333b700__matched_clean__fixed_q96,selection_val,authentic,-4.59803581237793,0.009971173480153084,epoch_014,42,fixed_q96,blur,"{""cell_id"":""blur_sigma_1.0"",""name"":""blur"",""output_format"":""PNG"",""parameter"":1.0,""stochastic"":false}",sid_set,unknown,unknown,unknown
sid_set_018a973921b83333b700__matched_clean__fixed_q96__benchmark__blur_sigma_2.0,sid_set_018a973921b83333b700,sid_set_018a973921b83333b700__matched_clean__fixed_q96,selection_val,authentic,-3.2456793785095215,0.037482455372810364,epoch_014,42,fixed_q96,blur,"{""cell_id"":""blur_sigma_2.0"",""name"":""blur"",""output_format"":""PNG"",""parameter"":2.0,""stochastic"":false}",sid_set,unknown,unknown,unknown
sid_set_018a973921b83333b700__matched_clean__fixed_q96__benchmark__resize_scale_0.5,sid_set_018a973921b83333b700,sid_set_018a973921b83333b700__matched_clean__fixed_q96,selection_val,authentic,-3.7225592136383057,0.023601531982421875,epoch_014,42,fixed_q96,resize,"{""cell_id"":""resize_scale_0.5"",""name"":""resize"",""output_format"":""PNG"",""parameter"":0.5,""stochastic"":false}",sid_set,unknown,unknown,unknown
sid_set_018a973921b83333b700__matched_clean__fixed_q96__benchmark__resize_scale_0.25,sid_set_018a973921b83333b700,sid_set_018a973921b83333b700__matched_clean__fixed_q96,selection_val,authentic,-2.9170548915863037,0.051316890865564346,epoch_014,42,fixed_q96,resize,"{""cell_id"":""resize_scale_0.25"",""name"":""resize"",""output_format"":""PNG"",""parameter"":0.25,""stochastic"":false}",sid_set,unknown,unknown,unknown
sid_set_018a973921b83333b700__matched_clean__fixed_q96__benchmark__noise_sigma_0.02,sid_set_018a973921b83333b700,sid_set_018a973921b83333b700__matched_clean__fixed_q96,selection_val,authentic,-3.375492811203003,0.033070217818021774,epoch_014,42,fixed_q96,noise,"{""cell_id"":""noise_sigma_0.02"",""name"":""noise"",""output_format"":""PNG"",""parameter"":0.02,""stochastic"":true}",sid_set,unknown,unknown,unknown
sid_set_018a973921b83333b700__matched_clean__fixed_q96__benchmark__noise_sigma_0.05,sid_set_018a973921b83333b700,sid_set_018a973921b83333b700__matched_clean__fixed_q96,selection_val,authentic,-3.017982244491577,0.04662007465958595,epoch_014,42,fixed_q96,noise,"{""cell_id"":""noise_sigma_0.05"",""name"":""noise"",""output_format"":""PNG"",""parameter"":0.05,""stochastic"":true}",sid_set,unknown,unknown,unknown
sid_set_018a973921b83333b700__matched_clean__fixed_q96__benchmark__noise_sigma_0.1,sid_set_018a973921b83333b700,sid_set_018a973921b83333b700__matched_clean__fixed_q96,selection_val,authentic,-2.4643197059631348,0.07839766889810562,epoch_014,42,fixed_q96,noise,"{""cell_id"":""noise_sigma_0.1"",""name"":""noise"",""output_format"":""PNG"",""parameter"":0.1,""stochastic"":true}",sid_set,unknown,unknown,unknown
sid_set_018a973921b83333b700__matched_clean__fixed_q96__benchmark__color_jitter_0.2,sid_set_018a973921b83333b700,sid_set_018a973921b83333b700__matched_clean__fixed_q96,selection_val,authentic,-5.305297374725342,0.004940690007060766,epoch_014,42,fixed_q96,color_jitter,"{""cell_id"":""color_jitter_0.2"",""name"":""color_jitter"",""output_format"":""PNG"",""parameter"":0.2,""stochastic"":true}",sid_set,unknown,unknown,unknown
sid_set_018a973921b83333b700__matched_clean__fixed_q96__benchmark__center_crop_0.8,sid_set_018a973921b83333b700,sid_set_018a973921b83333b700__matched_clean__fixed_q96,selection_val,authentic,-5.1111860275268555,0.005992798134684563,epoch_014,42,fixed_q96,center_crop,"{""cell_id"":""center_crop_0.8"",""name"":""center_crop"",""output_format"":""PNG"",""parameter"":0.8,""stochastic"":false}",sid_set,unknown,unknown,unknown
sid_set_019f1ee1f99fa3980556__matched_clean__fixed_q96__benchmark__jpeg_q90,sid_set_019f1ee1f99fa3980556,sid_set_019f1ee1f99fa3980556__matched_clean__fixed_q96,selection_val,ai_generated,7.212215900421143,0.9992629885673523,epoch_014,42,fixed_q96,jpeg,"{""cell_id"":""jpeg_q90"",""name"":""jpeg"",""output_format"":""JPEG"",""parameter"":90,""stochastic"":false}",sid_set,unknown,unknown,unknown
sid_set_019f1ee1f99fa3980556__matched_clean__fixed_q96__benchmark__jpeg_q70,sid_set_019f1ee1f99fa3980556,sid_set_019f1ee1f99fa3980556__matched_clean__fixed_q96,selection_val,ai_generated,7.812281131744385,0.9995954632759094,epoch_014,42,fixed_q96,jpeg,"{""cell_id"":""jpeg_q70"",""name"":""jpeg"",""output_format"":""JPEG"",""parameter"":70,""stochastic"":false}",sid_set,unknown,unknown,unknown
sid_set_019f1ee1f99fa3980556__matched_clean__fixed_q96__benchmark__jpeg_q50,sid_set_019f1ee1f99fa3980556,sid_set_019f1ee1f99fa3980556__matched_clean__fixed_q96,selection_val,ai_generated,7.95147705078125,0.9996479749679565,epoch_014,42,fixed_q96,jpeg,"{""cell_id"":""jpeg_q50"",""name"":""jpeg"",""output_format"":""JPEG"",""parameter"":50,""stochastic"":false}",sid_set,unknown,unknown,unknown
sid_set_019f1ee1f99fa3980556__matched_clean__fixed_q96__benchmark__jpeg_q30,sid_set_019f1ee1f99fa3980556,sid_set_019f1ee1f99fa3980556__matched_clean__fixed_q96,selection_val,ai_generated,7.299375534057617,0.9993245601654053,epoch_014,42,fixed_q96,jpeg,"{""cell_id"":""jpeg_q30"",""name"":""jpeg"",""output_format"":""JPEG"",""parameter"":30,""stochastic"":false}",sid_set,unknown,unknown,unknown
sid_set_019f1ee1f99fa3980556__matched_clean__fixed_q96__benchmark__blur_sigma_0.5,sid_set_019f1ee1f99fa3980556,sid_set_019f1ee1f99fa3980556__matched_clean__fixed_q96,selection_val,ai_generated,6.733848571777344,0.9988114833831787,epoch_014,42,fixed_q96,blur,"{""cell_id"":""blur_sigma_0.5"",""name"":""blur"",""output_format"":""PNG"",""parameter"":0.5,""stochastic"":false}",sid_set,unknown,unknown,unknown
sid_set_019f1ee1f99fa3980556__matched_clean__fixed_q96__benchmark__blur_sigma_1.0,sid_set_019f1ee1f99fa3980556,sid_set_019f1ee1f99fa3980556__matched_clean__fixed_q96,selection_val,ai_generated,5.851186275482178,0.9971317052841187,epoch_014,42,fixed_q96,blur,"{""cell_id"":""blur_sigma_1.0"",""name"":""blur"",""output_format"":""PNG"",""parameter"":1.0,""stochastic"":false}",sid_set,unknown,unknown,unknown
sid_set_019f1ee1f99fa3980556__matched_clean__fixed_q96__benchmark__blur_sigma_2.0,sid_set_019f1ee1f99fa3980556,sid_set_019f1ee1f99fa3980556__matched_clean__fixed_q96,selection_val,ai_generated,4.478506088256836,0.9887769818305969,epoch_014,42,fixed_q96,blur,"{""cell_id"":""blur_sigma_2.0"",""name"":""blur"",""output_format"":""PNG"",""parameter"":2.0,""stochastic"":false}",sid_set,unknown,unknown,unknown
sid_set_019f1ee1f99fa3980556__matched_clean__fixed_q96__benchmark__resize_scale_0.5,sid_set_019f1ee1f99fa3980556,sid_set_019f1ee1f99fa3980556__matched_clean__fixed_q96,selection_val,ai_generated,5.799919128417969,0.9969813227653503,epoch_014,42,fixed_q96,resize,"{""cell_id"":""resize_scale_0.5"",""name"":""resize"",""output_format"":""PNG"",""parameter"":0.5,""stochastic"":false}",sid_set,unknown,unknown,unknown
sid_set_019f1ee1f99fa3980556__matched_clean__fixed_q96__benchmark__resize_scale_0.25,sid_set_019f1ee1f99fa3980556,sid_set_019f1ee1f99fa3980556__matched_clean__fixed_q96,selection_val,ai_generated,3.9849581718444824,0.9817461967468262,epoch_014,42,fixed_q96,resize,"{""cell_id"":""resize_scale_0.25"",""name"":""resize"",""output_format"":""PNG"",""parameter"":0.25,""stochastic"":false}",sid_set,unknown,unknown,unknown
sid_set_019f1ee1f99fa3980556__matched_clean__fixed_q96__benchmark__noise_sigma_0.02,sid_set_019f1ee1f99fa3980556,sid_set_019f1ee1f99fa3980556__matched_clean__fixed_q96,selection_val,ai_generated,6.0606794357299805,0.9976726174354553,epoch_014,42,fixed_q96,noise,"{""cell_id"":""noise_sigma_0.02"",""name"":""noise"",""output_format"":""PNG"",""parameter"":0.02,""stochastic"":true}",sid_set,unknown,unknown,unknown
sid_set_019f1ee1f99fa3980556__matched_clean__fixed_q96__benchmark__noise_sigma_0.05,sid_set_019f1ee1f99fa3980556,sid_set_019f1ee1f99fa3980556__matched_clean__fixed_q96,selection_val,ai_generated,5.039062976837158,0.993561863899231,epoch_014,42,fixed_q96,noise,"{""cell_id"":""noise_sigma_0.05"",""name"":""noise"",""output_format"":""PNG"",""parameter"":0.05,""stochastic"":true}",sid_set,unknown,unknown,unknown
sid_set_019f1ee1f99fa3980556__matched_clean__fixed_q96__benchmark__noise_sigma_0.1,sid_set_019f1ee1f99fa3980556,sid_set_019f1ee1f99fa3980556__matched_clean__fixed_q96,selection_val,ai_generated,3.68293833732605,0.9754679799079895,epoch_014,42,fixed_q96,noise,"{""cell_id"":""noise_sigma_0.1"",""name"":""noise"",""output_format"":""PNG"",""parameter"":0.1,""stochastic"":true}",sid_set,unknown,unknown,unknown
sid_set_019f1ee1f99fa3980556__matched_clean__fixed_q96__benchmark__color_jitter_0.2,sid_set_019f1ee1f99fa3980556,sid_set_019f1ee1f99fa3980556__matched_clean__fixed_q96,selection_val,ai_generated,7.085252285003662,0.9991633892059326,epoch_014,42,fixed_q96,color_jitter,"{""cell_id"":""color_jitter_0.2"",""name"":""color_jitter"",""output_format"":""PNG"",""parameter"":0.2,""stochastic"":true}",sid_set,unknown,unknown,unknown
sid_set_019f1ee1f99fa3980556__matched_clean__fixed_q96__benchmark__center_crop_0.8,sid_set_019f1ee1f99fa3980556,sid_set_019f1ee1f99fa3980556__matched_clean__fixed_q96,selection_val,ai_generated,6.792115211486816,0.9988786578178406,epoch_014,42,fixed_q96,center_crop,"{""cell_id"":""center_crop_0.8"",""name"":""center_crop"",""output_format"":""PNG"",""parameter"":0.8,""stochastic"":false}",sid_set,unknown,unknown,unknown
sid_set_01cec863a8678dc85251__matched_clean__fixed_q96__benchmark__jpeg_q90,sid_set_01cec863a8678dc85251,sid_set_01cec863a8678dc85251__matched_clean__fixed_q96,selection_val,ai_generated,5.6200456619262695,0.9963886737823486,epoch_014,42,fixed_q96,jpeg,"{""cell_id"":""jpeg_q90"",""name"":""jpeg"",""output_format"":""JPEG"",""parameter"":90,""stochastic"":false}",sid_set,unknown,unknown,unknown
sid_set_01cec863a8678dc85251__matched_clean__fixed_q96__benchmark__jpeg_q70,sid_set_01cec863a8678dc85251,sid_set_01cec863a8678dc85251__matched_clean__fixed_q96,selection_val,ai_generated,5.678192615509033,0.9965919256210327,epoch_014,42,fixed_q96,jpeg,"{""cell_id"":""jpeg_q70"",""name"":""jpeg"",""output_format"":""JPEG"",""parameter"":70,""stochastic"":false}",sid_set,unknown,unknown,unknown
sid_set_01cec863a8678dc85251__matched_clean__fixed_q96__benchmark__jpeg_q50,sid_set_01cec863a8678dc85251,sid_set_01cec863a8678dc85251__matched_clean__fixed_q96,selection_val,ai_generated,5.880912780761719,0.9972155094146729,epoch_014,42,fixed_q96,jpeg,"{""cell_id"":""jpeg_q50"",""name"":""jpeg"",""output_format"":""JPEG"",""parameter"":50,""stochastic"":false}",sid_set,unknown,unknown,unknown
sid_set_01cec863a8678dc85251__matched_clean__fixed_q96__benchmark__jpeg_q30,sid_set_01cec863a8678dc85251,sid_set_01cec863a8678dc85251__matched_clean__fixed_q96,selection_val,ai_generated,4.092154502868652,0.9835711717605591,epoch_014,42,fixed_q96,jpeg,"{""cell_id"":""jpeg_q30"",""name"":""jpeg"",""output_format"":""JPEG"",""parameter"":30,""stochastic"":false}",sid_set,unknown,unknown,unknown
sid_set_01cec863a8678dc85251__matched_clean__fixed_q96__benchmark__blur_sigma_0.5,sid_set_01cec863a8678dc85251,sid_set_01cec863a8678dc85251__matched_clean__fixed_q96,selection_val,ai_generated,4.897997856140137,0.9925937056541443,epoch_014,42,fixed_q96,blur,"{""cell_id"":""blur_sigma_0.5"",""name"":""blur"",""output_format"":""PNG"",""parameter"":0.5,""stochastic"":false}",sid_set,unknown,unknown,unknown
sid_set_01cec863a8678dc85251__matched_clean__fixed_q96__benchmark__blur_sigma_1.0,sid_set_01cec863a8678dc85251,sid_set_01cec863a8678dc85251__matched_clean__fixed_q96,selection_val,ai_generated,4.427886486053467,0.9882012009620667,epoch_014,42,fixed_q96,blur,"{""cell_id"":""blur_sigma_1.0"",""name"":""blur"",""output_format"":""PNG"",""parameter"":1.0,""stochastic"":false}",sid_set,unknown,unknown,unknown
sid_set_01cec863a8678dc85251__matched_clean__fixed_q96__benchmark__blur_sigma_2.0,sid_set_01cec863a8678dc85251,sid_set_01cec863a8678dc85251__matched_clean__fixed_q96,selection_val,ai_generated,4.064648628234863,0.9831207990646362,epoch_014,42,fixed_q96,blur,"{""cell_id"":""blur_sigma_2.0"",""name"":""blur"",""output_format"":""PNG"",""parameter"":2.0,""stochastic"":false}",sid_set,unknown,unknown,unknown
sid_set_01cec863a8678dc85251__matched_clean__fixed_q96__benchmark__resize_scale_0.5,sid_set_01cec863a8678dc85251,sid_set_01cec863a8678dc85251__matched_clean__fixed_q96,selection_val,ai_generated,4.105899333953857,0.9837918281555176,epoch_014,42,fixed_q96,resize,"{""cell_id"":""resize_scale_0.5"",""name"":""resize"",""output_format"":""PNG"",""parameter"":0.5,""stochastic"":false}",sid_set,unknown,unknown,unknown
sid_set_01cec863a8678dc85251__matched_clean__fixed_q96__benchmark__resize_scale_0.25,sid_set_01cec863a8678dc85251,sid_set_01cec863a8678dc85251__matched_clean__fixed_q96,selection_val,ai_generated,3.085629940032959,0.9562960863113403,epoch_014,42,fixed_q96,resize,"{""cell_id"":""resize_scale_0.25"",""name"":""resize"",""output_format"":""PNG"",""parameter"":0.25,""stochastic"":false}",sid_set,unknown,unknown,unknown
sid_set_01cec863a8678dc85251__matched_clean__fixed_q96__benchmark__noise_sigma_0.02,sid_set_01cec863a8678dc85251,sid_set_01cec863a8678dc85251__matched_clean__fixed_q96,selection_val,ai_generated,4.6312031745910645,0.9903510212898254,epoch_014,42,fixed_q96,noise,"{""cell_id"":""noise_sigma_0.02"",""name"":""noise"",""output_format"":""PNG"",""parameter"":0.02,""stochastic"":true}",sid_set,unknown,unknown,unknown
sid_set_01cec863a8678dc85251__matched_clean__fixed_q96__benchmark__noise_sigma_0.05,sid_set_01cec863a8678dc85251,sid_set_01cec863a8678dc85251__matched_clean__fixed_q96,selection_val,ai_generated,3.324613571166992,0.9652636051177979,epoch_014,42,fixed_q96,noise,"{""cell_id"":""noise_sigma_0.05"",""name"":""noise"",""output_format"":""PNG"",""parameter"":0.05,""stochastic"":true}",sid_set,unknown,unknown,unknown
sid_set_01cec863a8678dc85251__matched_clean__fixed_q96__benchmark__noise_sigma_0.1,sid_set_01cec863a8678dc85251,sid_set_01cec863a8678dc85251__matched_clean__fixed_q96,selection_val,ai_generated,2.396108627319336,0.9165301322937012,epoch_014,42,fixed_q96,noise,"{""cell_id"":""noise_sigma_0.1"",""name"":""noise"",""output_format"":""PNG"",""parameter"":0.1,""stochastic"":true}",sid_set,unknown,unknown,unknown
sid_set_01cec863a8678dc85251__matched_clean__fixed_q96__benchmark__color_jitter_0.2,sid_set_01cec863a8678dc85251,sid_set_01cec863a8678dc85251__matched_clean__fixed_q96,selection_val,ai_generated,5.756354331970215,0.9968473315238953,epoch_014,42,fixed_q96,color_jitter,"{""cell_id"":""color_jitter_0.2"",""name"":""color_jitter"",""output_format"":""PNG"",""parameter"":0.2,""stochastic"":true}",sid_set,unknown,unknown,unknown
sid_set_01cec863a8678dc85251__matched_clean__fixed_q96__benchmark__center_crop_0.8,sid_set_01cec863a8678dc85251,sid_set_01cec863a8678dc85251__matched_clean__fixed_q96,selection_val,ai_generated,4.9511566162109375,0.9929745197296143,epoch_014,42,fixed_q96,center_crop,"{""cell_id"":""center_crop_0.8"",""name"":""center_crop"",""output_format"":""PNG"",""parameter"":0.8,""stochastic"":false}",sid_set,unknown,unknown,unknown
sid_set_01ea24c045a390efaa7b__matched_clean__fixed_q96__benchmark__jpeg_q90,sid_set_01ea24c045a390efaa7b,sid_set_01ea24c045a390efaa7b__matched_clean__fixed_q96,selection_val,authentic,-7.434749126434326,0.0005900287069380283,epoch_014,42,fixed_q96,jpeg,"{""cell_id"":""jpeg_q90"",""name"":""jpeg"",""output_format"":""JPEG"",""parameter"":90,""stochastic"":false}",sid_set,unknown,unknown,unknown
sid_set_01ea24c045a390efaa7b__matched_clean__fixed_q96__benchmark__jpeg_q70,sid_set_01ea24c045a390efaa7b,sid_set_01ea24c045a390efaa7b__matched_clean__fixed_q96,selection_val,authentic,-6.233826637268066,0.0019580882508307695,epoch_014,42,fixed_q96,jpeg,"{""cell_id"":""jpeg_q70"",""name"":""jpeg"",""output_format"":""JPEG"",""parameter"":70,""stochastic"":false}",sid_set,unknown,unknown,unknown
sid_set_01ea24c045a390efaa7b__matched_clean__fixed_q96__benchmark__jpeg_q50,sid_set_01ea24c045a390efaa7b,sid_set_01ea24c045a390efaa7b__matched_clean__fixed_q96,selection_val,authentic,-6.5251264572143555,0.0014639872824773192,epoch_014,42,fixed_q96,jpeg,"{""cell_id"":""jpeg_q50"",""name"":""jpeg"",""output_format"":""JPEG"",""parameter"":50,""stochastic"":false}",sid_set,unknown,unknown,unknown
sid_set_01ea24c045a390efaa7b__matched_clean__fixed_q96__benchmark__jpeg_q30,sid_set_01ea24c045a390efaa7b,sid_set_01ea24c045a390efaa7b__matched_clean__fixed_q96,selection_val,authentic,-6.083716869354248,0.002274502534419298,epoch_014,42,fixed_q96,jpeg,"{""cell_id"":""jpeg_q30"",""name"":""jpeg"",""output_format"":""JPEG"",""parameter"":30,""stochastic"":false}",sid_set,unknown,unknown,unknown
sid_set_01ea24c045a390efaa7b__matched_clean__fixed_q96__benchmark__blur_sigma_0.5,sid_set_01ea24c045a390efaa7b,sid_set_01ea24c045a390efaa7b__matched_clean__fixed_q96,selection_val,authentic,-8.193243026733398,0.0002764392411336303,epoch_014,42,fixed_q96,blur,"{""cell_id"":""blur_sigma_0.5"",""name"":""blur"",""output_format"":""PNG"",""parameter"":0.5,""stochastic"":false}",sid_set,unknown,unknown,unknown
sid_set_01ea24c045a390efaa7b__matched_clean__fixed_q96__benchmark__blur_sigma_1.0,sid_set_01ea24c045a390efaa7b,sid_set_01ea24c045a390efaa7b__matched_clean__fixed_q96,selection_val,authentic,-7.711366176605225,0.00044750908273272216,epoch_014,42,fixed_q96,blur,"{""cell_id"":""blur_sigma_1.0"",""name"":""blur"",""output_format"":""PNG"",""parameter"":1.0,""stochastic"":false}",sid_set,unknown,unknown,unknown
sid_set_01ea24c045a390efaa7b__matched_clean__fixed_q96__benchmark__blur_sigma_2.0,sid_set_01ea24c045a390efaa7b,sid_set_01ea24c045a390efaa7b__matched_clean__fixed_q96,selection_val,authentic,-6.294656753540039,0.0018427410395815969,epoch_014,42,fixed_q96,blur,"{""cell_id"":""blur_sigma_2.0"",""name"":""blur"",""output_format"":""PNG"",""parameter"":2.0,""stochastic"":false}",sid_set,unknown,unknown,unknown
sid_set_01ea24c045a390efaa7b__matched_clean__fixed_q96__benchmark__resize_scale_0.5,sid_set_01ea24c045a390efaa7b,sid_set_01ea24c045a390efaa7b__matched_clean__fixed_q96,selection_val,authentic,-6.421905517578125,0.0016229177126660943,epoch_014,42,fixed_q96,resize,"{""cell_id"":""resize_scale_0.5"",""name"":""resize"",""output_format"":""PNG"",""parameter"":0.5,""stochastic"":false}",sid_set,unknown,unknown,unknown
sid_set_01ea24c045a390efaa7b__matched_clean__fixed_q96__benchmark__resize_scale_0.25,sid_set_01ea24c045a390efaa7b,sid_set_01ea24c045a390efaa7b__matched_clean__fixed_q96,selection_val,authentic,-5.305446624755859,0.004939956124871969,epoch_014,42,fixed_q96,resize,"{""cell_id"":""resize_scale_0.25"",""name"":""resize"",""output_format"":""PNG"",""parameter"":0.25,""stochastic"":false}",sid_set,unknown,unknown,unknown
sid_set_01ea24c045a390efaa7b__matched_clean__fixed_q96__benchmark__noise_sigma_0.02,sid_set_01ea24c045a390efaa7b,sid_set_01ea24c045a390efaa7b__matched_clean__fixed_q96,selection_val,authentic,-6.43086576461792,0.0016084640519693494,epoch_014,42,fixed_q96,noise,"{""cell_id"":""noise_sigma_0.02"",""name"":""noise"",""output_format"":""PNG"",""parameter"":0.02,""stochastic"":true}",sid_set,unknown,unknown,unknown
sid_set_01ea24c045a390efaa7b__matched_clean__fixed_q96__benchmark__noise_sigma_0.05,sid_set_01ea24c045a390efaa7b,sid_set_01ea24c045a390efaa7b__matched_clean__fixed_q96,selection_val,authentic,-5.458444118499756,0.004242106806486845,epoch_014,42,fixed_q96,noise,"{""cell_id"":""noise_sigma_0.05"",""name"":""noise"",""output_format"":""PNG"",""parameter"":0.05,""stochastic"":true}",sid_set,unknown,unknown,unknown
sid_set_01ea24c045a390efaa7b__matched_clean__fixed_q96__benchmark__noise_sigma_0.1,sid_set_01ea24c045a390efaa7b,sid_set_01ea24c045a390efaa7b__matched_clean__fixed_q96,selection_val,authentic,-3.5391740798950195,0.028217926621437073,epoch_014,42,fixed_q96,noise,"{""cell_id"":""noise_sigma_0.1"",""name"":""noise"",""output_format"":""PNG"",""parameter"":0.1,""stochastic"":true}",sid_set,unknown,unknown,unknown
sid_set_01ea24c045a390efaa7b__matched_clean__fixed_q96__benchmark__color_jitter_0.2,sid_set_01ea24c045a390efaa7b,sid_set_01ea24c045a390efaa7b__matched_clean__fixed_q96,selection_val,authentic,-7.084871768951416,0.0008369810529984534,epoch_014,42,fixed_q96,color_jitter,"{""cell_id"":""color_jitter_0.2"",""name"":""color_jitter"",""output_format"":""PNG"",""parameter"":0.2,""stochastic"":true}",sid_set,unknown,unknown,unknown
sid_set_01ea24c045a390efaa7b__matched_clean__fixed_q96__benchmark__center_crop_0.8,sid_set_01ea24c045a390efaa7b,sid_set_01ea24c045a390efaa7b__matched_clean__fixed_q96,selection_val,authentic,-7.785378932952881,0.00041559699457138777,epoch_014,42,fixed_q96,center_crop,"{""cell_id"":""center_crop_0.8"",""name"":""center_crop"",""output_format"":""PNG"",""parameter"":0.8,""stochastic"":false}",sid_set,unknown,unknown,unknown
sid_set_02772983bdc16f75dad1__matched_clean__fixed_q96__benchmark__jpeg_q90,sid_set_02772983bdc16f75dad1,sid_set_02772983bdc16f75dad1__matched_clean__fixed_q96,selection_val,authentic,-7.711566925048828,0.0004474192683119327,epoch_014,42,fixed_q96,jpeg,"{""cell_id"":""jpeg_q90"",""name"":""jpeg"",""output_format"":""JPEG"",""parameter"":90,""stochastic"":false}",sid_set,unknown,unknown,unknown
sid_set_02772983bdc16f75dad1__matched_clean__fixed_q96__benchmark__jpeg_q70,sid_set_02772983bdc16f75dad1,sid_set_02772983bdc16f75dad1__matched_clean__fixed_q96,selection_val,authentic,-6.199880123138428,0.0020255628041923046,epoch_014,42,fixed_q96,jpeg,"{""cell_id"":""jpeg_q70"",""name"":""jpeg"",""output_format"":""JPEG"",""parameter"":70,""stochastic"":false}",sid_set,unknown,unknown,unknown
sid_set_02772983bdc16f75dad1__matched_clean__fixed_q96__benchmark__jpeg_q50,sid_set_02772983bdc16f75dad1,sid_set_02772983bdc16f75dad1__matched_clean__fixed_q96,selection_val,authentic,-5.132172584533691,0.005869070999324322,epoch_014,42,fixed_q96,jpeg,"{""cell_id"":""jpeg_q50"",""name"":""jpeg"",""output_format"":""JPEG"",""parameter"":50,""stochastic"":false}",sid_set,unknown,unknown,unknown
sid_set_02772983bdc16f75dad1__matched_clean__fixed_q96__benchmark__jpeg_q30,sid_set_02772983bdc16f75dad1,sid_set_02772983bdc16f75dad1__matched_clean__fixed_q96,selection_val,authentic,-4.076374530792236,0.016685737296938896,epoch_014,42,fixed_q96,jpeg,"{""cell_id"":""jpeg_q30"",""name"":""jpeg"",""output_format"":""JPEG"",""parameter"":30,""stochastic"":false}",sid_set,unknown,unknown,unknown
sid_set_02772983bdc16f75dad1__matched_clean__fixed_q96__benchmark__blur_sigma_0.5,sid_set_02772983bdc16f75dad1,sid_set_02772983bdc16f75dad1__matched_clean__fixed_q96,selection_val,authentic,-7.631521701812744,0.0004846873925998807,epoch_014,42,fixed_q96,blur,"{""cell_id"":""blur_sigma_0.5"",""name"":""blur"",""output_format"":""PNG"",""parameter"":0.5,""stochastic"":false}",sid_set,unknown,unknown,unknown
sid_set_02772983bdc16f75dad1__matched_clean__fixed_q96__benchmark__blur_sigma_1.0,sid_set_02772983bdc16f75dad1,sid_set_02772983bdc16f75dad1__matched_clean__fixed_q96,selection_val,authentic,-7.327271938323975,0.0006569326505996287,epoch_014,42,fixed_q96,blur,"{""cell_id"":""blur_sigma_1.0"",""name"":""blur"",""output_format"":""PNG"",""parameter"":1.0,""stochastic"":false}",sid_set,unknown,unknown,unknown
sid_set_02772983bdc16f75dad1__matched_clean__fixed_q96__benchmark__blur_sigma_2.0,sid_set_02772983bdc16f75dad1,sid_set_02772983bdc16f75dad1__matched_clean__fixed_q96,selection_val,authentic,-5.566651344299316,0.0038087002467364073,epoch_014,42,fixed_q96,blur,"{""cell_id"":""blur_sigma_2.0"",""name"":""blur"",""output_format"":""PNG"",""parameter"":2.0,""stochastic"":false}",sid_set,unknown,unknown,unknown
sid_set_02772983bdc16f75dad1__matched_clean__fixed_q96__benchmark__resize_scale_0.5,sid_set_02772983bdc16f75dad1,sid_set_02772983bdc16f75dad1__matched_clean__fixed_q96,selection_val,authentic,-6.447749614715576,0.0015815775841474533,epoch_014,42,fixed_q96,resize,"{""cell_id"":""resize_scale_0.5"",""name"":""resize"",""output_format"":""PNG"",""parameter"":0.5,""stochastic"":false}",sid_set,unknown,unknown,unknown
sid_set_02772983bdc16f75dad1__matched_clean__fixed_q96__benchmark__resize_scale_0.25,sid_set_02772983bdc16f75dad1,sid_set_02772983bdc16f75dad1__matched_clean__fixed_q96,selection_val,authentic,-4.975620269775391,0.00685689365491271,epoch_014,42,fixed_q96,resize,"{""cell_id"":""resize_scale_0.25"",""name"":""resize"",""output_format"":""PNG"",""parameter"":0.25,""stochastic"":false}",sid_set,unknown,unknown,unknown
sid_set_02772983bdc16f75dad1__matched_clean__fixed_q96__benchmark__noise_sigma_0.02,sid_set_02772983bdc16f75dad1,sid_set_02772983bdc16f75dad1__matched_clean__fixed_q96,selection_val,authentic,-5.485580921173096,0.004129006527364254,epoch_014,42,fixed_q96,noise,"{""cell_id"":""noise_sigma_0.02"",""name"":""noise"",""output_format"":""PNG"",""parameter"":0.02,""stochastic"":true}",sid_set,unknown,unknown,unknown
sid_set_02772983bdc16f75dad1__matched_clean__fixed_q96__benchmark__noise_sigma_0.05,sid_set_02772983bdc16f75dad1,sid_set_02772983bdc16f75dad1__matched_clean__fixed_q96,selection_val,authentic,-4.58866548538208,0.010064100846648216,epoch_014,42,fixed_q96,noise,"{""cell_id"":""noise_sigma_0.05"",""name"":""noise"",""output_format"":""PNG"",""parameter"":0.05,""stochastic"":true}",sid_set,unknown,unknown,unknown
sid_set_02772983bdc16f75dad1__matched_clean__fixed_q96__benchmark__noise_sigma_0.1,sid_set_02772983bdc16f75dad1,sid_set_02772983bdc16f75dad1__matched_clean__fixed_q96,selection_val,authentic,-4.017984867095947,0.017671287059783936,epoch_014,42,fixed_q96,noise,"{""cell_id"":""noise_sigma_0.1"",""name"":""noise"",""output_format"":""PNG"",""parameter"":0.1,""stochastic"":true}",sid_set,unknown,unknown,unknown
sid_set_02772983bdc16f75dad1__matched_clean__fixed_q96__benchmark__color_jitter_0.2,sid_set_02772983bdc16f75dad1,sid_set_02772983bdc16f75dad1__matched_clean__fixed_q96,selection_val,authentic,-6.873386383056641,0.0010338962310925126,epoch_014,42,fixed_q96,color_jitter,"{""cell_id"":""color_jitter_0.2"",""name"":""color_jitter"",""output_format"":""PNG"",""parameter"":0.2,""stochastic"":true}",sid_set,unknown,unknown,unknown
sid_set_02772983bdc16f75dad1__matched_clean__fixed_q96__benchmark__center_crop_0.8,sid_set_02772983bdc16f75dad1,sid_set_02772983bdc16f75dad1__matched_clean__fixed_q96,selection_val,authentic,-8.074606895446777,0.00031124873203225434,epoch_014,42,fixed_q96,center_crop,"{""cell_id"":""center_crop_0.8"",""name"":""center_crop"",""output_format"":""PNG"",""parameter"":0.8,""stochastic"":false}",sid_set,unknown,unknown,unknown
sid_set_02adc3dbf86ec3602cc0__matched_clean__fixed_q96__benchmark__jpeg_q90,sid_set_02adc3dbf86ec3602cc0,sid_set_02adc3dbf86ec3602cc0__matched_clean__fixed_q96,selection_val,ai_generated,7.627644062042236,0.9995133876800537,epoch_014,42,fixed_q96,jpeg,"{""cell_id"":""jpeg_q90"",""name"":""jpeg"",""output_format"":""JPEG"",""parameter"":90,""stochastic"":false}",sid_set,unknown,unknown,unknown
sid_set_02adc3dbf86ec3602cc0__matched_clean__fixed_q96__benchmark__jpeg_q70,sid_set_02adc3dbf86ec3602cc0,sid_set_02adc3dbf86ec3602cc0__matched_clean__fixed_q96,selection_val,ai_generated,6.642171382904053,0.9986975193023682,epoch_014,42,fixed_q96,jpeg,"{""cell_id"":""jpeg_q70"",""name"":""jpeg"",""output_format"":""JPEG"",""parameter"":70,""stochastic"":false}",sid_set,unknown,unknown,unknown
sid_set_02adc3dbf86ec3602cc0__matched_clean__fixed_q96__benchmark__jpeg_q50,sid_set_02adc3dbf86ec3602cc0,sid_set_02adc3dbf86ec3602cc0__matched_clean__fixed_q96,selection_val,ai_generated,6.238675117492676,0.9980514049530029,epoch_014,42,fixed_q96,jpeg,"{""cell_id"":""jpeg_q50"",""name"":""jpeg"",""output_format"":""JPEG"",""parameter"":50,""stochastic"":false}",sid_set,unknown,unknown,unknown
sid_set_02adc3dbf86ec3602cc0__matched_clean__fixed_q96__benchmark__jpeg_q30,sid_set_02adc3dbf86ec3602cc0,sid_set_02adc3dbf86ec3602cc0__matched_clean__fixed_q96,selection_val,ai_generated,5.1369147300720215,0.9941585063934326,epoch_014,42,fixed_q96,jpeg,"{""cell_id"":""jpeg_q30"",""name"":""jpeg"",""output_format"":""JPEG"",""parameter"":30,""stochastic"":false}",sid_set,unknown,unknown,unknown
sid_set_02adc3dbf86ec3602cc0__matched_clean__fixed_q96__benchmark__blur_sigma_0.5,sid_set_02adc3dbf86ec3602cc0,sid_set_02adc3dbf86ec3602cc0__matched_clean__fixed_q96,selection_val,ai_generated,6.360722064971924,0.9982748031616211,epoch_014,42,fixed_q96,blur,"{""cell_id"":""blur_sigma_0.5"",""name"":""blur"",""output_format"":""PNG"",""parameter"":0.5,""stochastic"":false}",sid_set,unknown,unknown,unknown
sid_set_02adc3dbf86ec3602cc0__matched_clean__fixed_q96__benchmark__blur_sigma_1.0,sid_set_02adc3dbf86ec3602cc0,sid_set_02adc3dbf86ec3602cc0__matched_clean__fixed_q96,selection_val,ai_generated,6.415046215057373,0.9983659386634827,epoch_014,42,fixed_q96,blur,"{""cell_id"":""blur_sigma_1.0"",""name"":""blur"",""output_format"":""PNG"",""parameter"":1.0,""stochastic"":false}",sid_set,unknown,unknown,unknown
sid_set_02adc3dbf86ec3602cc0__matched_clean__fixed_q96__benchmark__blur_sigma_2.0,sid_set_02adc3dbf86ec3602cc0,sid_set_02adc3dbf86ec3602cc0__matched_clean__fixed_q96,selection_val,ai_generated,5.742537975311279,0.9968036413192749,epoch_014,42,fixed_q96,blur,"{""cell_id"":""blur_sigma_2.0"",""name"":""blur"",""output_format"":""PNG"",""parameter"":2.0,""stochastic"":false}",sid_set,unknown,unknown,unknown
sid_set_02adc3dbf86ec3602cc0__matched_clean__fixed_q96__benchmark__resize_scale_0.5,sid_set_02adc3dbf86ec3602cc0,sid_set_02adc3dbf86ec3602cc0__matched_clean__fixed_q96,selection_val,ai_generated,6.283470630645752,0.9981365203857422,epoch_014,42,fixed_q96,resize,"{""cell_id"":""resize_scale_0.5"",""name"":""resize"",""output_format"":""PNG"",""parameter"":0.5,""stochastic"":false}",sid_set,unknown,unknown,unknown
sid_set_02adc3dbf86ec3602cc0__matched_clean__fixed_q96__benchmark__resize_scale_0.25,sid_set_02adc3dbf86ec3602cc0,sid_set_02adc3dbf86ec3602cc0__matched_clean__fixed_q96,selection_val,ai_generated,5.20622444152832,0.9945476055145264,epoch_014,42,fixed_q96,resize,"{""cell_id"":""resize_scale_0.25"",""name"":""resize"",""output_format"":""PNG"",""parameter"":0.25,""stochastic"":false}",sid_set,unknown,unknown,unknown
sid_set_02adc3dbf86ec3602cc0__matched_clean__fixed_q96__benchmark__noise_sigma_0.02,sid_set_02adc3dbf86ec3602cc0,sid_set_02adc3dbf86ec3602cc0__matched_clean__fixed_q96,selection_val,ai_generated,6.4295477867126465,0.998389482498169,epoch_014,42,fixed_q96,noise,"{""cell_id"":""noise_sigma_0.02"",""name"":""noise"",""output_format"":""PNG"",""parameter"":0.02,""stochastic"":true}",sid_set,unknown,unknown,unknown
sid_set_02adc3dbf86ec3602cc0__matched_clean__fixed_q96__benchmark__noise_sigma_0.05,sid_set_02adc3dbf86ec3602cc0,sid_set_02adc3dbf86ec3602cc0__matched_clean__fixed_q96,selection_val,ai_generated,4.759253978729248,0.9915008544921875,epoch_014,42,fixed_q96,noise,"{""cell_id"":""noise_sigma_0.05"",""name"":""noise"",""output_format"":""PNG"",""parameter"":0.05,""stochastic"":true}",sid_set,unknown,unknown,unknown
sid_set_02adc3dbf86ec3602cc0__matched_clean__fixed_q96__benchmark__noise_sigma_0.1,sid_set_02adc3dbf86ec3602cc0,sid_set_02adc3dbf86ec3602cc0__matched_clean__fixed_q96,selection_val,ai_generated,3.579836368560791,0.9728758931159973,epoch_014,42,fixed_q96,noise,"{""cell_id"":""noise_sigma_0.1"",""name"":""noise"",""output_format"":""PNG"",""parameter"":0.1,""stochastic"":true}",sid_set,unknown,unknown,unknown
sid_set_02adc3dbf86ec3602cc0__matched_clean__fixed_q96__benchmark__color_jitter_0.2,sid_set_02adc3dbf86ec3602cc0,sid_set_02adc3dbf86ec3602cc0__matched_clean__fixed_q96,selection_val,ai_generated,6.547738075256348,0.9985686540603638,epoch_014,42,fixed_q96,color_jitter,"{""cell_id"":""color_jitter_0.2"",""name"":""color_jitter"",""output_format"":""PNG"",""parameter"":0.2,""stochastic"":true}",sid_set,unknown,unknown,unknown
sid_set_02adc3dbf86ec3602cc0__matched_clean__fixed_q96__benchmark__center_crop_0.8,sid_set_02adc3dbf86ec3602cc0,sid_set_02adc3dbf86ec3602cc0__matched_clean__fixed_q96,selection_val,ai_generated,8.021347045898438,0.9996716976165771,epoch_014,42,fixed_q96,center_crop,"{""cell_id"":""center_crop_0.8"",""name"":""center_crop"",""output_format"":""PNG"",""parameter"":0.8,""stochastic"":false}",sid_set,unknown,unknown,unknown
sid_set_02c69e66c2078122bca5__matched_clean__fixed_q96__benchmark__jpeg_q90,sid_set_02c69e66c2078122bca5,sid_set_02c69e66c2078122bca5__matched_clean__fixed_q96,selection_val,authentic,-6.585727214813232,0.001378021901473403,epoch_014,42,fixed_q96,jpeg,"{""cell_id"":""jpeg_q90"",""name"":""jpeg"",""output_format"":""JPEG"",""parameter"":90,""stochastic"":false}",sid_set,unknown,unknown,unknown
sid_set_02c69e66c2078122bca5__matched_clean__fixed_q96__benchmark__jpeg_q70,sid_set_02c69e66c2078122bca5,sid_set_02c69e66c2078122bca5__matched_clean__fixed_q96,selection_val,authentic,-5.081254482269287,0.006173758767545223,epoch_014,42,fixed_q96,jpeg,"{""cell_id"":""jpeg_q70"",""name"":""jpeg"",""output_format"":""JPEG"",""parameter"":70,""stochastic"":false}",sid_set,unknown,unknown,unknown
sid_set_02c69e66c2078122bca5__matched_clean__fixed_q96__benchmark__jpeg_q50,sid_set_02c69e66c2078122bca5,sid_set_02c69e66c2078122bca5__matched_clean__fixed_q96,selection_val,authentic,-4.574747562408447,0.010203712619841099,epoch_014,42,fixed_q96,jpeg,"{""cell_id"":""jpeg_q50"",""name"":""jpeg"",""output_format"":""JPEG"",""parameter"":50,""stochastic"":false}",sid_set,unknown,unknown,unknown
sid_set_02c69e66c2078122bca5__matched_clean__fixed_q96__benchmark__jpeg_q30,sid_set_02c69e66c2078122bca5,sid_set_02c69e66c2078122bca5__matched_clean__fixed_q96,selection_val,authentic,-4.8981194496154785,0.007405351847410202,epoch_014,42,fixed_q96,jpeg,"{""cell_id"":""jpeg_q30"",""name"":""jpeg"",""output_format"":""JPEG"",""parameter"":30,""stochastic"":false}",sid_set,unknown,unknown,unknown
sid_set_02c69e66c2078122bca5__matched_clean__fixed_q96__benchmark__blur_sigma_0.5,sid_set_02c69e66c2078122bca5,sid_set_02c69e66c2078122bca5__matched_clean__fixed_q96,selection_val,authentic,-6.909191608428955,0.000997568597085774,epoch_014,42,fixed_q96,blur,"{""cell_id"":""blur_sigma_0.5"",""name"":""blur"",""output_format"":""PNG"",""parameter"":0.5,""stochastic"":false}",sid_set,unknown,unknown,unknown
sid_set_02c69e66c2078122bca5__matched_clean__fixed_q96__benchmark__blur_sigma_1.0,sid_set_02c69e66c2078122bca5,sid_set_02c69e66c2078122bca5__matched_clean__fixed_q96,selection_val,authentic,-6.040782451629639,0.00237404671497643,epoch_014,42,fixed_q96,blur,"{""cell_id"":""blur_sigma_1.0"",""name"":""blur"",""output_format"":""PNG"",""parameter"":1.0,""stochastic"":false}",sid_set,unknown,unknown,unknown
sid_set_02c69e66c2078122bca5__matched_clean__fixed_q96__benchmark__blur_sigma_2.0,sid_set_02c69e66c2078122bca5,sid_set_02c69e66c2078122bca5__matched_clean__fixed_q96,selection_val,authentic,-5.4446330070495605,0.00430084764957428,epoch_014,42,fixed_q96,blur,"{""cell_id"":""blur_sigma_2.0"",""name"":""blur"",""output_format"":""PNG"",""parameter"":2.0,""stochastic"":false}",sid_set,unknown,unknown,unknown
sid_set_02c69e66c2078122bca5__matched_clean__fixed_q96__benchmark__resize_scale_0.5,sid_set_02c69e66c2078122bca5,sid_set_02c69e66c2078122bca5__matched_clean__fixed_q96,selection_val,authentic,-5.50778865814209,0.004038687329739332,epoch_014,42,fixed_q96,resize,"{""cell_id"":""resize_scale_0.5"",""name"":""resize"",""output_format"":""PNG"",""parameter"":0.5,""stochastic"":false}",sid_set,unknown,unknown,unknown
sid_set_02c69e66c2078122bca5__matched_clean__fixed_q96__benchmark__resize_scale_0.25,sid_set_02c69e66c2078122bca5,sid_set_02c69e66c2078122bca5__matched_clean__fixed_q96,selection_val,authentic,-5.245686054229736,0.00524257542565465,epoch_014,42,fixed_q96,resize,"{""cell_id"":""resize_scale_0.25"",""name"":""resize"",""output_format"":""PNG"",""parameter"":0.25,""stochastic"":false}",sid_set,unknown,unknown,unknown
sid_set_02c69e66c2078122bca5__matched_clean__fixed_q96__benchmark__noise_sigma_0.02,sid_set_02c69e66c2078122bca5,sid_set_02c69e66c2078122bca5__matched_clean__fixed_q96,selection_val,authentic,-5.022611141204834,0.006544195115566254,epoch_014,42,fixed_q96,noise,"{""cell_id"":""noise_sigma_0.02"",""name"":""noise"",""output_format"":""PNG"",""parameter"":0.02,""stochastic"":true}",sid_set,unknown,unknown,unknown
sid_set_02c69e66c2078122bca5__matched_clean__fixed_q96__benchmark__noise_sigma_0.05,sid_set_02c69e66c2078122bca5,sid_set_02c69e66c2078122bca5__matched_clean__fixed_q96,selection_val,authentic,-4.046258449554443,0.017187120392918587,epoch_014,42,fixed_q96,noise,"{""cell_id"":""noise_sigma_0.05"",""name"":""noise"",""output_format"":""PNG"",""parameter"":0.05,""stochastic"":true}",sid_set,unknown,unknown,unknown
sid_set_02c69e66c2078122bca5__matched_clean__fixed_q96__benchmark__noise_sigma_0.1,sid_set_02c69e66c2078122bca5,sid_set_02c69e66c2078122bca5__matched_clean__fixed_q96,selection_val,authentic,-2.698474884033203,0.06306341290473938,epoch_014,42,fixed_q96,noise,"{""cell_id"":""noise_sigma_0.1"",""name"":""noise"",""output_format"":""PNG"",""parameter"":0.1,""stochastic"":true}",sid_set,unknown,unknown,unknown
sid_set_02c69e66c2078122bca5__matched_clean__fixed_q96__benchmark__color_jitter_0.2,sid_set_02c69e66c2078122bca5,sid_set_02c69e66c2078122bca5__matched_clean__fixed_q96,selection_val,authentic,-6.649434566497803,0.0012930796947330236,epoch_014,42,fixed_q96,color_jitter,"{""cell_id"":""color_jitter_0.2"",""name"":""color_jitter"",""output_format"":""PNG"",""parameter"":0.2,""stochastic"":true}",sid_set,unknown,unknown,unknown
sid_set_02c69e66c2078122bca5__matched_clean__fixed_q96__benchmark__center_crop_0.8,sid_set_02c69e66c2078122bca5,sid_set_02c69e66c2078122bca5__matched_clean__fixed_q96,selection_val,authentic,-6.716738224029541,0.0012090165400877595,epoch_014,42,fixed_q96,center_crop,"{""cell_id"":""center_crop_0.8"",""name"":""center_crop"",""output_format"":""PNG"",""parameter"":0.8,""stochastic"":false}",sid_set,unknown,unknown,unknown
sid_set_032b9a35933f2fee035e__matched_clean__fixed_q96__benchmark__jpeg_q90,sid_set_032b9a35933f2fee035e,sid_set_032b9a35933f2fee035e__matched_clean__fixed_q96,selection_val,authentic,-4.514985084533691,0.010825298726558685,epoch_014,42,fixed_q96,jpeg,"{""cell_id"":""jpeg_q90"",""name"":""jpeg"",""output_format"":""JPEG"",""parameter"":90,""stochastic"":false}",sid_set,unknown,unknown,unknown
sid_set_032b9a35933f2fee035e__matched_clean__fixed_q96__benchmark__jpeg_q70,sid_set_032b9a35933f2fee035e,sid_set_032b9a35933f2fee035e__matched_clean__fixed_q96,selection_val,authentic,-4.1594462394714355,0.015376088209450245,epoch_014,42,fixed_q96,jpeg,"{""cell_id"":""jpeg_q70"",""name"":""jpeg"",""output_format"":""JPEG"",""parameter"":70,""stochastic"":false}",sid_set,unknown,unknown,unknown
sid_set_032b9a35933f2fee035e__matched_clean__fixed_q96__benchmark__jpeg_q50,sid_set_032b9a35933f2fee035e,sid_set_032b9a35933f2fee035e__matched_clean__fixed_q96,selection_val,authentic,-4.808735370635986,0.008092152886092663,epoch_014,42,fixed_q96,jpeg,"{""cell_id"":""jpeg_q50"",""name"":""jpeg"",""output_format"":""JPEG"",""parameter"":50,""stochastic"":false}",sid_set,unknown,unknown,unknown
sid_set_032b9a35933f2fee035e__matched_clean__fixed_q96__benchmark__jpeg_q30,sid_set_032b9a35933f2fee035e,sid_set_032b9a35933f2fee035e__matched_clean__fixed_q96,selection_val,authentic,-4.708592414855957,0.008936873637139797,epoch_014,42,fixed_q96,jpeg,"{""cell_id"":""jpeg_q30"",""name"":""jpeg"",""output_format"":""JPEG"",""parameter"":30,""stochastic"":false}",sid_set,unknown,unknown,unknown
sid_set_032b9a35933f2fee035e__matched_clean__fixed_q96__benchmark__blur_sigma_0.5,sid_set_032b9a35933f2fee035e,sid_set_032b9a35933f2fee035e__matched_clean__fixed_q96,selection_val,authentic,-4.963085174560547,0.00694278534501791,epoch_014,42,fixed_q96,blur,"{""cell_id"":""blur_sigma_0.5"",""name"":""blur"",""output_format"":""PNG"",""parameter"":0.5,""stochastic"":false}",sid_set,unknown,unknown,unknown
sid_set_032b9a35933f2fee035e__matched_clean__fixed_q96__benchmark__blur_sigma_1.0,sid_set_032b9a35933f2fee035e,sid_set_032b9a35933f2fee035e__matched_clean__fixed_q96,selection_val,authentic,-5.3043928146362305,0.004945138934999704,epoch_014,42,fixed_q96,blur,"{""cell_id"":""blur_sigma_1.0"",""name"":""blur"",""output_format"":""PNG"",""parameter"":1.0,""stochastic"":false}",sid_set,unknown,unknown,unknown
sid_set_032b9a35933f2fee035e__matched_clean__fixed_q96__benchmark__blur_sigma_2.0,sid_set_032b9a35933f2fee035e,sid_set_032b9a35933f2fee035e__matched_clean__fixed_q96,selection_val,authentic,-5.047161102294922,0.00638650543987751,epoch_014,42,fixed_q96,blur,"{""cell_id"":""blur_sigma_2.0"",""name"":""blur"",""output_format"":""PNG"",""parameter"":2.0,""stochastic"":false}",sid_set,unknown,unknown,unknown
sid_set_032b9a35933f2fee035e__matched_clean__fixed_q96__benchmark__resize_scale_0.5,sid_set_032b9a35933f2fee035e,sid_set_032b9a35933f2fee035e__matched_clean__fixed_q96,selection_val,authentic,-5.269059181213379,0.005122081376612186,epoch_014,42,fixed_q96,resize,"{""cell_id"":""resize_scale_0.5"",""name"":""resize"",""output_format"":""PNG"",""parameter"":0.5,""stochastic"":false}",sid_set,unknown,unknown,unknown
sid_set_032b9a35933f2fee035e__matched_clean__fixed_q96__benchmark__resize_scale_0.25,sid_set_032b9a35933f2fee035e,sid_set_032b9a35933f2fee035e__matched_clean__fixed_q96,selection_val,authentic,-6.050494194030762,0.0023511559702455997,epoch_014,42,fixed_q96,resize,"{""cell_id"":""resize_scale_0.25"",""name"":""resize"",""output_format"":""PNG"",""parameter"":0.25,""stochastic"":false}",sid_set,unknown,unknown,unknown
sid_set_032b9a35933f2fee035e__matched_clean__fixed_q96__benchmark__noise_sigma_0.02,sid_set_032b9a35933f2fee035e,sid_set_032b9a35933f2fee035e__matched_clean__fixed_q96,selection_val,authentic,-3.1028027534484863,0.04299179092049599,epoch_014,42,fixed_q96,noise,"{""cell_id"":""noise_sigma_0.02"",""name"":""noise"",""output_format"":""PNG"",""parameter"":0.02,""stochastic"":true}",sid_set,unknown,unknown,unknown
sid_set_032b9a35933f2fee035e__matched_clean__fixed_q96__benchmark__noise_sigma_0.05,sid_set_032b9a35933f2fee035e,sid_set_032b9a35933f2fee035e__matched_clean__fixed_q96,selection_val,authentic,-3.791588306427002,0.02206202782690525,epoch_014,42,fixed_q96,noise,"{""cell_id"":""noise_sigma_0.05"",""name"":""noise"",""output_format"":""PNG"",""parameter"":0.05,""stochastic"":true}",sid_set,unknown,unknown,unknown
sid_set_032b9a35933f2fee035e__matched_clean__fixed_q96__benchmark__noise_sigma_0.1,sid_set_032b9a35933f2fee035e,sid_set_032b9a35933f2fee035e__matched_clean__fixed_q96,selection_val,authentic,-4.119246959686279,0.015996698290109634,epoch_014,42,fixed_q96,noise,"{""cell_id"":""noise_sigma_0.1"",""name"":""noise"",""output_format"":""PNG"",""parameter"":0.1,""stochastic"":true}",sid_set,unknown,unknown,unknown
sid_set_032b9a35933f2fee035e__matched_clean__fixed_q96__benchmark__color_jitter_0.2,sid_set_032b9a35933f2fee035e,sid_set_032b9a35933f2fee035e__matched_clean__fixed_q96,selection_val,authentic,-4.647679805755615,0.009492835029959679,epoch_014,42,fixed_q96,color_jitter,"{""cell_id"":""color_jitter_0.2"",""name"":""color_jitter"",""output_format"":""PNG"",""parameter"":0.2,""stochastic"":true}",sid_set,unknown,unknown,unknown
sid_set_032b9a35933f2fee035e__matched_clean__fixed_q96__benchmark__center_crop_0.8,sid_set_032b9a35933f2fee035e,sid_set_032b9a35933f2fee035e__matched_clean__fixed_q96,selection_val,authentic,-5.772447109222412,0.0031024771742522717,epoch_014,42,fixed_q96,center_crop,"{""cell_id"":""center_crop_0.8"",""name"":""center_crop"",""output_format"":""PNG"",""parameter"":0.8,""stochastic"":false}",sid_set,unknown,unknown,unknown
sid_set_035b53f827dc01c53851__matched_clean__fixed_q96__benchmark__jpeg_q90,sid_set_035b53f827dc01c53851,sid_set_035b53f827dc01c53851__matched_clean__fixed_q96,selection_val,ai_generated,4.236911296844482,0.9857536554336548,epoch_014,42,fixed_q96,jpeg,"{""cell_id"":""jpeg_q90"",""name"":""jpeg"",""output_format"":""JPEG"",""parameter"":90,""stochastic"":false}",sid_set,unknown,unknown,unknown
sid_set_035b53f827dc01c53851__matched_clean__fixed_q96__benchmark__jpeg_q70,sid_set_035b53f827dc01c53851,sid_set_035b53f827dc01c53851__matched_clean__fixed_q96,selection_val,ai_generated,3.6813719272613525,0.975430428981781,epoch_014,42,fixed_q96,jpeg,"{""cell_id"":""jpeg_q70"",""name"":""jpeg"",""output_format"":""JPEG"",""parameter"":70,""stochastic"":false}",sid_set,unknown,unknown,unknown
sid_set_035b53f827dc01c53851__matched_clean__fixed_q96__benchmark__jpeg_q50,sid_set_035b53f827dc01c53851,sid_set_035b53f827dc01c53851__matched_clean__fixed_q96,selection_val,ai_generated,3.431852102279663,0.9686852693557739,epoch_014,42,fixed_q96,jpeg,"{""cell_id"":""jpeg_q50"",""name"":""jpeg"",""output_format"":""JPEG"",""parameter"":50,""stochastic"":false}",sid_set,unknown,unknown,unknown
sid_set_035b53f827dc01c53851__matched_clean__fixed_q96__benchmark__jpeg_q30,sid_set_035b53f827dc01c53851,sid_set_035b53f827dc01c53851__matched_clean__fixed_q96,selection_val,ai_generated,3.119246482849121,0.9576797485351562,epoch_014,42,fixed_q96,jpeg,"{""cell_id"":""jpeg_q30"",""name"":""jpeg"",""output_format"":""JPEG"",""parameter"":30,""stochastic"":false}",sid_set,unknown,unknown,unknown
sid_set_035b53f827dc01c53851__matched_clean__fixed_q96__benchmark__blur_sigma_0.5,sid_set_035b53f827dc01c53851,sid_set_035b53f827dc01c53851__matched_clean__fixed_q96,selection_val,ai_generated,4.296372890472412,0.9865650534629822,epoch_014,42,fixed_q96,blur,"{""cell_id"":""blur_sigma_0.5"",""name"":""blur"",""output_format"":""PNG"",""parameter"":0.5,""stochastic"":false}",sid_set,unknown,unknown,unknown
sid_set_035b53f827dc01c53851__matched_clean__fixed_q96__benchmark__blur_sigma_1.0,sid_set_035b53f827dc01c53851,sid_set_035b53f827dc01c53851__matched_clean__fixed_q96,selection_val,ai_generated,4.644351482391357,0.9904758334159851,epoch_014,42,fixed_q96,blur,"{""cell_id"":""blur_sigma_1.0"",""name"":""blur"",""output_format"":""PNG"",""parameter"":1.0,""stochastic"":false}",sid_set,unknown,unknown,unknown
sid_set_035b53f827dc01c53851__matched_clean__fixed_q96__benchmark__blur_sigma_2.0,sid_set_035b53f827dc01c53851,sid_set_035b53f827dc01c53851__matched_clean__fixed_q96,selection_val,ai_generated,4.100318908691406,0.9837026596069336,epoch_014,42,fixed_q96,blur,"{""cell_id"":""blur_sigma_2.0"",""name"":""blur"",""output_format"":""PNG"",""parameter"":2.0,""stochastic"":false}",sid_set,unknown,unknown,unknown
sid_set_035b53f827dc01c53851__matched_clean__fixed_q96__benchmark__resize_scale_0.5,sid_set_035b53f827dc01c53851,sid_set_035b53f827dc01c53851__matched_clean__fixed_q96,selection_val,ai_generated,4.667307376861572,0.9906899929046631,epoch_014,42,fixed_q96,resize,"{""cell_id"":""resize_scale_0.5"",""name"":""resize"",""output_format"":""PNG"",""parameter"":0.5,""stochastic"":false}",sid_set,unknown,unknown,unknown
sid_set_035b53f827dc01c53851__matched_clean__fixed_q96__benchmark__resize_scale_0.25,sid_set_035b53f827dc01c53851,sid_set_035b53f827dc01c53851__matched_clean__fixed_q96,selection_val,ai_generated,3.484886884689331,0.9702547192573547,epoch_014,42,fixed_q96,resize,"{""cell_id"":""resize_scale_0.25"",""name"":""resize"",""output_format"":""PNG"",""parameter"":0.25,""stochastic"":false}",sid_set,unknown,unknown,unknown
sid_set_035b53f827dc01c53851__matched_clean__fixed_q96__benchmark__noise_sigma_0.02,sid_set_035b53f827dc01c53851,sid_set_035b53f827dc01c53851__matched_clean__fixed_q96,selection_val,ai_generated,3.3667194843292236,0.9666481018066406,epoch_014,42,fixed_q96,noise,"{""cell_id"":""noise_sigma_0.02"",""name"":""noise"",""output_format"":""PNG"",""parameter"":0.02,""stochastic"":true}",sid_set,unknown,unknown,unknown
sid_set_035b53f827dc01c53851__matched_clean__fixed_q96__benchmark__noise_sigma_0.05,sid_set_035b53f827dc01c53851,sid_set_035b53f827dc01c53851__matched_clean__fixed_q96,selection_val,ai_generated,2.6761302947998047,0.9356033802032471,epoch_014,42,fixed_q96,noise,"{""cell_id"":""noise_sigma_0.05"",""name"":""noise"",""output_format"":""PNG"",""parameter"":0.05,""stochastic"":true}",sid_set,unknown,unknown,unknown
sid_set_035b53f827dc01c53851__matched_clean__fixed_q96__benchmark__noise_sigma_0.1,sid_set_035b53f827dc01c53851,sid_set_035b53f827dc01c53851__matched_clean__fixed_q96,selection_val,ai_generated,3.042983055114746,0.9544786214828491,epoch_014,42,fixed_q96,noise,"{""cell_id"":""noise_sigma_0.1"",""name"":""noise"",""output_format"":""PNG"",""parameter"":0.1,""stochastic"":true}",sid_set,unknown,unknown,unknown
sid_set_035b53f827dc01c53851__matched_clean__fixed_q96__benchmark__color_jitter_0.2,sid_set_035b53f827dc01c53851,sid_set_035b53f827dc01c53851__matched_clean__fixed_q96,selection_val,ai_generated,2.679337501525879,0.9357962608337402,epoch_014,42,fixed_q96,color_jitter,"{""cell_id"":""color_jitter_0.2"",""name"":""color_jitter"",""output_format"":""PNG"",""parameter"":0.2,""stochastic"":true}",sid_set,unknown,unknown,unknown
sid_set_035b53f827dc01c53851__matched_clean__fixed_q96__benchmark__center_crop_0.8,sid_set_035b53f827dc01c53851,sid_set_035b53f827dc01c53851__matched_clean__fixed_q96,selection_val,ai_generated,4.087759971618652,0.9835000038146973,epoch_014,42,fixed_q96,center_crop,"{""cell_id"":""center_crop_0.8"",""name"":""center_crop"",""output_format"":""PNG"",""parameter"":0.8,""stochastic"":false}",sid_set,unknown,unknown,unknown
sid_set_039b22306575f94903ed__matched_clean__fixed_q96__benchmark__jpeg_q90,sid_set_039b22306575f94903ed,sid_set_039b22306575f94903ed__matched_clean__fixed_q96,selection_val,authentic,-8.773613929748535,0.0001547393185319379,epoch_014,42,fixed_q96,jpeg,"{""cell_id"":""jpeg_q90"",""name"":""jpeg"",""output_format"":""JPEG"",""parameter"":90,""stochastic"":false}",sid_set,unknown,unknown,unknown
sid_set_039b22306575f94903ed__matched_clean__fixed_q96__benchmark__jpeg_q70,sid_set_039b22306575f94903ed,sid_set_039b22306575f94903ed__matched_clean__fixed_q96,selection_val,authentic,-7.768737316131592,0.00042256811866536736,epoch_014,42,fixed_q96,jpeg,"{""cell_id"":""jpeg_q70"",""name"":""jpeg"",""output_format"":""JPEG"",""parameter"":70,""stochastic"":false}",sid_set,unknown,unknown,unknown
sid_set_039b22306575f94903ed__matched_clean__fixed_q96__benchmark__jpeg_q50,sid_set_039b22306575f94903ed,sid_set_039b22306575f94903ed__matched_clean__fixed_q96,selection_val,authentic,-7.9507317543029785,0.0003522800689097494,epoch_014,42,fixed_q96,jpeg,"{""cell_id"":""jpeg_q50"",""name"":""jpeg"",""output_format"":""JPEG"",""parameter"":50,""stochastic"":false}",sid_set,unknown,unknown,unknown
sid_set_039b22306575f94903ed__matched_clean__fixed_q96__benchmark__jpeg_q30,sid_set_039b22306575f94903ed,sid_set_039b22306575f94903ed__matched_clean__fixed_q96,selection_val,authentic,-8.16482162475586,0.00028440647292882204,epoch_014,42,fixed_q96,jpeg,"{""cell_id"":""jpeg_q30"",""name"":""jpeg"",""output_format"":""JPEG"",""parameter"":30,""stochastic"":false}",sid_set,unknown,unknown,unknown
sid_set_039b22306575f94903ed__matched_clean__fixed_q96__benchmark__blur_sigma_0.5,sid_set_039b22306575f94903ed,sid_set_039b22306575f94903ed__matched_clean__fixed_q96,selection_val,authentic,-8.372137069702148,0.00023116744705475867,epoch_014,42,fixed_q96,blur,"{""cell_id"":""blur_sigma_0.5"",""name"":""blur"",""output_format"":""PNG"",""parameter"":0.5,""stochastic"":false}",sid_set,unknown,unknown,unknown
sid_set_039b22306575f94903ed__matched_clean__fixed_q96__benchmark__blur_sigma_1.0,sid_set_039b22306575f94903ed,sid_set_039b22306575f94903ed__matched_clean__fixed_q96,selection_val,authentic,-7.316732883453369,0.0006638880586251616,epoch_014,42,fixed_q96,blur,"{""cell_id"":""blur_sigma_1.0"",""name"":""blur"",""output_format"":""PNG"",""parameter"":1.0,""stochastic"":false}",sid_set,unknown,unknown,unknown
sid_set_039b22306575f94903ed__matched_clean__fixed_q96__benchmark__blur_sigma_2.0,sid_set_039b22306575f94903ed,sid_set_039b22306575f94903ed__matched_clean__fixed_q96,selection_val,authentic,-6.332804203033447,0.0017738912720233202,epoch_014,42,fixed_q96,blur,"{""cell_id"":""blur_sigma_2.0"",""name"":""blur"",""output_format"":""PNG"",""parameter"":2.0,""stochastic"":false}",sid_set,unknown,unknown,unknown
sid_set_039b22306575f94903ed__matched_clean__fixed_q96__benchmark__resize_scale_0.5,sid_set_039b22306575f94903ed,sid_set_039b22306575f94903ed__matched_clean__fixed_q96,selection_val,authentic,-7.0321478843688965,0.0008822539821267128,epoch_014,42,fixed_q96,resize,"{""cell_id"":""resize_scale_0.5"",""name"":""resize"",""output_format"":""PNG"",""parameter"":0.5,""stochastic"":false}",sid_set,unknown,unknown,unknown
sid_set_039b22306575f94903ed__matched_clean__fixed_q96__benchmark__resize_scale_0.25,sid_set_039b22306575f94903ed,sid_set_039b22306575f94903ed__matched_clean__fixed_q96,selection_val,authentic,-6.6206536293029785,0.0013307863846421242,epoch_014,42,fixed_q96,resize,"{""cell_id"":""resize_scale_0.25"",""name"":""resize"",""output_format"":""PNG"",""parameter"":0.25,""stochastic"":false}",sid_set,unknown,unknown,unknown
sid_set_039b22306575f94903ed__matched_clean__fixed_q96__benchmark__noise_sigma_0.02,sid_set_039b22306575f94903ed,sid_set_039b22306575f94903ed__matched_clean__fixed_q96,selection_val,authentic,-7.49458646774292,0.0005557775730267167,epoch_014,42,fixed_q96,noise,"{""cell_id"":""noise_sigma_0.02"",""name"":""noise"",""output_format"":""PNG"",""parameter"":0.02,""stochastic"":true}",sid_set,unknown,unknown,unknown
sid_set_039b22306575f94903ed__matched_clean__fixed_q96__benchmark__noise_sigma_0.05,sid_set_039b22306575f94903ed,sid_set_039b22306575f94903ed__matched_clean__fixed_q96,selection_val,authentic,-7.050219535827637,0.0008664671913720667,epoch_014,42,fixed_q96,noise,"{""cell_id"":""noise_sigma_0.05"",""name"":""noise"",""output_format"":""PNG"",""parameter"":0.05,""stochastic"":true}",sid_set,unknown,unknown,unknown
sid_set_039b22306575f94903ed__matched_clean__fixed_q96__benchmark__noise_sigma_0.1,sid_set_039b22306575f94903ed,sid_set_039b22306575f94903ed__matched_clean__fixed_q96,selection_val,authentic,-6.0062785148620605,0.0024571854155510664,epoch_014,42,fixed_q96,noise,"{""cell_id"":""noise_sigma_0.1"",""name"":""noise"",""output_format"":""PNG"",""parameter"":0.1,""stochastic"":true}",sid_set,unknown,unknown,unknown
sid_set_039b22306575f94903ed__matched_clean__fixed_q96__benchmark__color_jitter_0.2,sid_set_039b22306575f94903ed,sid_set_039b22306575f94903ed__matched_clean__fixed_q96,selection_val,authentic,-7.732776165008545,0.0004380338650662452,epoch_014,42,fixed_q96,color_jitter,"{""cell_id"":""color_jitter_0.2"",""name"":""color_jitter"",""output_format"":""PNG"",""parameter"":0.2,""stochastic"":true}",sid_set,unknown,unknown,unknown
sid_set_039b22306575f94903ed__matched_clean__fixed_q96__benchmark__center_crop_0.8,sid_set_039b22306575f94903ed,sid_set_039b22306575f94903ed__matched_clean__fixed_q96,selection_val,authentic,-8.492115020751953,0.00020503700943663716,epoch_014,42,fixed_q96,center_crop,"{""cell_id"":""center_crop_0.8"",""name"":""center_crop"",""output_format"":""PNG"",""parameter"":0.8,""stochastic"":false}",sid_set,unknown,unknown,unknown
sid_set_039d30af18578090de1f__matched_clean__fixed_q96__benchmark__jpeg_q90,sid_set_039d30af18578090de1f,sid_set_039d30af18578090de1f__matched_clean__fixed_q96,selection_val,authentic,-7.177188396453857,0.00076322938548401,epoch_014,42,fixed_q96,jpeg,"{""cell_id"":""jpeg_q90"",""name"":""jpeg"",""output_format"":""JPEG"",""parameter"":90,""stochastic"":false}",sid_set,unknown,unknown,unknown
sid_set_039d30af18578090de1f__matched_clean__fixed_q96__benchmark__jpeg_q70,sid_set_039d30af18578090de1f,sid_set_039d30af18578090de1f__matched_clean__fixed_q96,selection_val,authentic,-6.07473611831665,0.0022949741687625647,epoch_014,42,fixed_q96,jpeg,"{""cell_id"":""jpeg_q70"",""name"":""jpeg"",""output_format"":""JPEG"",""parameter"":70,""stochastic"":false}",sid_set,unknown,unknown,unknown
sid_set_039d30af18578090de1f__matched_clean__fixed_q96__benchmark__jpeg_q50,sid_set_039d30af18578090de1f,sid_set_039d30af18578090de1f__matched_clean__fixed_q96,selection_val,authentic,-5.707991600036621,0.0033083506859838963,epoch_014,42,fixed_q96,jpeg,"{""cell_id"":""jpeg_q50"",""name"":""jpeg"",""output_format"":""JPEG"",""parameter"":50,""stochastic"":false}",sid_set,unknown,unknown,unknown
sid_set_039d30af18578090de1f__matched_clean__fixed_q96__benchmark__jpeg_q30,sid_set_039d30af18578090de1f,sid_set_039d30af18578090de1f__matched_clean__fixed_q96,selection_val,authentic,-5.7890448570251465,0.0030515638645738363,epoch_014,42,fixed_q96,jpeg,"{""cell_id"":""jpeg_q30"",""name"":""jpeg"",""output_format"":""JPEG"",""parameter"":30,""stochastic"":false}",sid_set,unknown,unknown,unknown
sid_set_039d30af18578090de1f__matched_clean__fixed_q96__benchmark__blur_sigma_0.5,sid_set_039d30af18578090de1f,sid_set_039d30af18578090de1f__matched_clean__fixed_q96,selection_val,authentic,-7.71864652633667,0.0004442642966751009,epoch_014,42,fixed_q96,blur,"{""cell_id"":""blur_sigma_0.5"",""name"":""blur"",""output_format"":""PNG"",""parameter"":0.5,""stochastic"":false}",sid_set,unknown,unknown,unknown
sid_set_039d30af18578090de1f__matched_clean__fixed_q96__benchmark__blur_sigma_1.0,sid_set_039d30af18578090de1f,sid_set_039d30af18578090de1f__matched_clean__fixed_q96,selection_val,authentic,-7.203085422515869,0.0007437323220074177,epoch_014,42,fixed_q96,blur,"{""cell_id"":""blur_sigma_1.0"",""name"":""blur"",""output_format"":""PNG"",""parameter"":1.0,""stochastic"":false}",sid_set,unknown,unknown,unknown
sid_set_039d30af18578090de1f__matched_clean__fixed_q96__benchmark__blur_sigma_2.0,sid_set_039d30af18578090de1f,sid_set_039d30af18578090de1f__matched_clean__fixed_q96,selection_val,authentic,-4.80115270614624,0.00815324392169714,epoch_014,42,fixed_q96,blur,"{""cell_id"":""blur_sigma_2.0"",""name"":""blur"",""output_format"":""PNG"",""parameter"":2.0,""stochastic"":false}",sid_set,unknown,unknown,unknown
sid_set_039d30af18578090de1f__matched_clean__fixed_q96__benchmark__resize_scale_0.5,sid_set_039d30af18578090de1f,sid_set_039d30af18578090de1f__matched_clean__fixed_q96,selection_val,authentic,-5.804004669189453,0.003006389131769538,epoch_014,42,fixed_q96,resize,"{""cell_id"":""resize_scale_0.5"",""name"":""resize"",""output_format"":""PNG"",""parameter"":0.5,""stochastic"":false}",sid_set,unknown,unknown,unknown
sid_set_039d30af18578090de1f__matched_clean__fixed_q96__benchmark__resize_scale_0.25,sid_set_039d30af18578090de1f,sid_set_039d30af18578090de1f__matched_clean__fixed_q96,selection_val,authentic,-4.042823314666748,0.01724524237215519,epoch_014,42,fixed_q96,resize,"{""cell_id"":""resize_scale_0.25"",""name"":""resize"",""output_format"":""PNG"",""parameter"":0.25,""stochastic"":false}",sid_set,unknown,unknown,unknown
sid_set_039d30af18578090de1f__matched_clean__fixed_q96__benchmark__noise_sigma_0.02,sid_set_039d30af18578090de1f,sid_set_039d30af18578090de1f__matched_clean__fixed_q96,selection_val,authentic,-5.265823841094971,0.0051385946571826935,epoch_014,42,fixed_q96,noise,"{""cell_id"":""noise_sigma_0.02"",""name"":""noise"",""output_format"":""PNG"",""parameter"":0.02,""stochastic"":true}",sid_set,unknown,unknown,unknown
sid_set_039d30af18578090de1f__matched_clean__fixed_q96__benchmark__noise_sigma_0.05,sid_set_039d30af18578090de1f,sid_set_039d30af18578090de1f__matched_clean__fixed_q96,selection_val,authentic,-4.82906436920166,0.007930600084364414,epoch_014,42,fixed_q96,noise,"{""cell_id"":""noise_sigma_0.05"",""name"":""noise"",""output_format"":""PNG"",""parameter"":0.05,""stochastic"":true}",sid_set,unknown,unknown,unknown
sid_set_039d30af18578090de1f__matched_clean__fixed_q96__benchmark__noise_sigma_0.1,sid_set_039d30af18578090de1f,sid_set_039d30af18578090de1f__matched_clean__fixed_q96,selection_val,authentic,-3.6686882972717285,0.0248753409832716,epoch_014,42,fixed_q96,noise,"{""cell_id"":""noise_sigma_0.1"",""name"":""noise"",""output_format"":""PNG"",""parameter"":0.1,""stochastic"":true}",sid_set,unknown,unknown,unknown
sid_set_039d30af18578090de1f__matched_clean__fixed_q96__benchmark__color_jitter_0.2,sid_set_039d30af18578090de1f,sid_set_039d30af18578090de1f__matched_clean__fixed_q96,selection_val,authentic,-6.717066287994385,0.001208620611578226,epoch_014,42,fixed_q96,color_jitter,"{""cell_id"":""color_jitter_0.2"",""name"":""color_jitter"",""output_format"":""PNG"",""parameter"":0.2,""stochastic"":true}",sid_set,unknown,unknown,unknown
sid_set_039d30af18578090de1f__matched_clean__fixed_q96__benchmark__center_crop_0.8,sid_set_039d30af18578090de1f,sid_set_039d30af18578090de1f__matched_clean__fixed_q96,selection_val,authentic,-7.016074180603027,0.0008965368615463376,epoch_014,42,fixed_q96,center_crop,"{""cell_id"":""center_crop_0.8"",""name"":""center_crop"",""output_format"":""PNG"",""parameter"":0.8,""stochastic"":false}",sid_set,unknown,unknown,unknown
sid_set_03d2420e280208eb8327__matched_clean__fixed_q96__benchmark__jpeg_q90,sid_set_03d2420e280208eb8327,sid_set_03d2420e280208eb8327__matched_clean__fixed_q96,selection_val,authentic,-10.058126449584961,4.2834391933865845e-05,epoch_014,42,fixed_q96,jpeg,"{""cell_id"":""jpeg_q90"",""name"":""jpeg"",""output_format"":""JPEG"",""parameter"":90,""stochastic"":false}",sid_set,unknown,unknown,unknown
sid_set_03d2420e280208eb8327__matched_clean__fixed_q96__benchmark__jpeg_q70,sid_set_03d2420e280208eb8327,sid_set_03d2420e280208eb8327__matched_clean__fixed_q96,selection_val,authentic,-7.9322309494018555,0.00035885581746697426,epoch_014,42,fixed_q96,jpeg,"{""cell_id"":""jpeg_q70"",""name"":""jpeg"",""output_format"":""JPEG"",""parameter"":70,""stochastic"":false}",sid_set,unknown,unknown,unknown
sid_set_03d2420e280208eb8327__matched_clean__fixed_q96__benchmark__jpeg_q50,sid_set_03d2420e280208eb8327,sid_set_03d2420e280208eb8327__matched_clean__fixed_q96,selection_val,authentic,-7.39600944519043,0.0006133204442448914,epoch_014,42,fixed_q96,jpeg,"{""cell_id"":""jpeg_q50"",""name"":""jpeg"",""output_format"":""JPEG"",""parameter"":50,""stochastic"":false}",sid_set,unknown,unknown,unknown
sid_set_03d2420e280208eb8327__matched_clean__fixed_q96__benchmark__jpeg_q30,sid_set_03d2420e280208eb8327,sid_set_03d2420e280208eb8327__matched_clean__fixed_q96,selection_val,authentic,-7.416779041290283,0.000600720988586545,epoch_014,42,fixed_q96,jpeg,"{""cell_id"":""jpeg_q30"",""name"":""jpeg"",""output_format"":""JPEG"",""parameter"":30,""stochastic"":false}",sid_set,unknown,unknown,unknown
sid_set_03d2420e280208eb8327__matched_clean__fixed_q96__benchmark__blur_sigma_0.5,sid_set_03d2420e280208eb8327,sid_set_03d2420e280208eb8327__matched_clean__fixed_q96,selection_val,authentic,-10.278085708618164,3.437709528952837e-05,epoch_014,42,fixed_q96,blur,"{""cell_id"":""blur_sigma_0.5"",""name"":""blur"",""output_format"":""PNG"",""parameter"":0.5,""stochastic"":false}",sid_set,unknown,unknown,unknown
sid_set_03d2420e280208eb8327__matched_clean__fixed_q96__benchmark__blur_sigma_1.0,sid_set_03d2420e280208eb8327,sid_set_03d2420e280208eb8327__matched_clean__fixed_q96,selection_val,authentic,-8.965842247009277,0.00012768172018695623,epoch_014,42,fixed_q96,blur,"{""cell_id"":""blur_sigma_1.0"",""name"":""blur"",""output_format"":""PNG"",""parameter"":1.0,""stochastic"":false}",sid_set,unknown,unknown,unknown
sid_set_03d2420e280208eb8327__matched_clean__fixed_q96__benchmark__blur_sigma_2.0,sid_set_03d2420e280208eb8327,sid_set_03d2420e280208eb8327__matched_clean__fixed_q96,selection_val,authentic,-8.030852317810059,0.0003251651069149375,epoch_014,42,fixed_q96,blur,"{""cell_id"":""blur_sigma_2.0"",""name"":""blur"",""output_format"":""PNG"",""parameter"":2.0,""stochastic"":false}",sid_set,unknown,unknown,unknown
sid_set_03d2420e280208eb8327__matched_clean__fixed_q96__benchmark__resize_scale_0.5,sid_set_03d2420e280208eb8327,sid_set_03d2420e280208eb8327__matched_clean__fixed_q96,selection_val,authentic,-7.971102237701416,0.00034517896710895,epoch_014,42,fixed_q96,resize,"{""cell_id"":""resize_scale_0.5"",""name"":""resize"",""output_format"":""PNG"",""parameter"":0.5,""stochastic"":false}",sid_set,unknown,unknown,unknown
sid_set_03d2420e280208eb8327__matched_clean__fixed_q96__benchmark__resize_scale_0.25,sid_set_03d2420e280208eb8327,sid_set_03d2420e280208eb8327__matched_clean__fixed_q96,selection_val,authentic,-7.668879985809326,0.0004669225891120732,epoch_014,42,fixed_q96,resize,"{""cell_id"":""resize_scale_0.25"",""name"":""resize"",""output_format"":""PNG"",""parameter"":0.25,""stochastic"":false}",sid_set,unknown,unknown,unknown
sid_set_03d2420e280208eb8327__matched_clean__fixed_q96__benchmark__noise_sigma_0.02,sid_set_03d2420e280208eb8327,sid_set_03d2420e280208eb8327__matched_clean__fixed_q96,selection_val,authentic,-8.836919784545898,0.00014524841390084475,epoch_014,42,fixed_q96,noise,"{""cell_id"":""noise_sigma_0.02"",""name"":""noise"",""output_format"":""PNG"",""parameter"":0.02,""stochastic"":true}",sid_set,unknown,unknown,unknown
sid_set_03d2420e280208eb8327__matched_clean__fixed_q96__benchmark__noise_sigma_0.05,sid_set_03d2420e280208eb8327,sid_set_03d2420e280208eb8327__matched_clean__fixed_q96,selection_val,authentic,-7.241658687591553,0.0007156105129979551,epoch_014,42,fixed_q96,noise,"{""cell_id"":""noise_sigma_0.05"",""name"":""noise"",""output_format"":""PNG"",""parameter"":0.05,""stochastic"":true}",sid_set,unknown,unknown,unknown
sid_set_03d2420e280208eb8327__matched_clean__fixed_q96__benchmark__noise_sigma_0.1,sid_set_03d2420e280208eb8327,sid_set_03d2420e280208eb8327__matched_clean__fixed_q96,selection_val,authentic,-6.82053804397583,0.0010899443877860904,epoch_014,42,fixed_q96,noise,"{""cell_id"":""noise_sigma_0.1"",""name"":""noise"",""output_format"":""PNG"",""parameter"":0.1,""stochastic"":true}",sid_set,unknown,unknown,unknown
sid_set_03d2420e280208eb8327__matched_clean__fixed_q96__benchmark__color_jitter_0.2,sid_set_03d2420e280208eb8327,sid_set_03d2420e280208eb8327__matched_clean__fixed_q96,selection_val,authentic,-9.713067054748535,6.0484253481263295e-05,epoch_014,42,fixed_q96,color_jitter,"{""cell_id"":""color_jitter_0.2"",""name"":""color_jitter"",""output_format"":""PNG"",""parameter"":0.2,""stochastic"":true}",sid_set,unknown,unknown,unknown
sid_set_03d2420e280208eb8327__matched_clean__fixed_q96__benchmark__center_crop_0.8,sid_set_03d2420e280208eb8327,sid_set_03d2420e280208eb8327__matched_clean__fixed_q96,selection_val,authentic,-9.588120460510254,6.853342347312719e-05,epoch_014,42,fixed_q96,center_crop,"{""cell_id"":""center_crop_0.8"",""name"":""center_crop"",""output_format"":""PNG"",""parameter"":0.8,""stochastic"":false}",sid_set,unknown,unknown,unknown
sid_set_03ea3b8e934437658e9b__matched_clean__fixed_q96__benchmark__jpeg_q90,sid_set_03ea3b8e934437658e9b,sid_set_03ea3b8e934437658e9b__matched_clean__fixed_q96,selection_val,authentic,-6.06305456161499,0.0023218775168061256,epoch_014,42,fixed_q96,jpeg,"{""cell_id"":""jpeg_q90"",""name"":""jpeg"",""output_format"":""JPEG"",""parameter"":90,""stochastic"":false}",sid_set,unknown,unknown,unknown
sid_set_03ea3b8e934437658e9b__matched_clean__fixed_q96__benchmark__jpeg_q70,sid_set_03ea3b8e934437658e9b,sid_set_03ea3b8e934437658e9b__matched_clean__fixed_q96,selection_val,authentic,-4.762168884277344,0.008474618196487427,epoch_014,42,fixed_q96,jpeg,"{""cell_id"":""jpeg_q70"",""name"":""jpeg"",""output_format"":""JPEG"",""parameter"":70,""stochastic"":false}",sid_set,unknown,unknown,unknown
sid_set_03ea3b8e934437658e9b__matched_clean__fixed_q96__benchmark__jpeg_q50,sid_set_03ea3b8e934437658e9b,sid_set_03ea3b8e934437658e9b__matched_clean__fixed_q96,selection_val,authentic,-4.794627666473389,0.008206180296838284,epoch_014,42,fixed_q96,jpeg,"{""cell_id"":""jpeg_q50"",""name"":""jpeg"",""output_format"":""JPEG"",""parameter"":50,""stochastic"":false}",sid_set,unknown,unknown,unknown
sid_set_03ea3b8e934437658e9b__matched_clean__fixed_q96__benchmark__jpeg_q30,sid_set_03ea3b8e934437658e9b,sid_set_03ea3b8e934437658e9b__matched_clean__fixed_q96,selection_val,authentic,-4.307797431945801,0.013284320943057537,epoch_014,42,fixed_q96,jpeg,"{""cell_id"":""jpeg_q30"",""name"":""jpeg"",""output_format"":""JPEG"",""parameter"":30,""stochastic"":false}",sid_set,unknown,unknown,unknown
sid_set_03ea3b8e934437658e9b__matched_clean__fixed_q96__benchmark__blur_sigma_0.5,sid_set_03ea3b8e934437658e9b,sid_set_03ea3b8e934437658e9b__matched_clean__fixed_q96,selection_val,authentic,-6.628713607788086,0.001320117386057973,epoch_014,42,fixed_q96,blur,"{""cell_id"":""blur_sigma_0.5"",""name"":""blur"",""output_format"":""PNG"",""parameter"":0.5,""stochastic"":false}",sid_set,unknown,unknown,unknown
sid_set_03ea3b8e934437658e9b__matched_clean__fixed_q96__benchmark__blur_sigma_1.0,sid_set_03ea3b8e934437658e9b,sid_set_03ea3b8e934437658e9b__matched_clean__fixed_q96,selection_val,authentic,-5.548852920532227,0.0038768306840211153,epoch_014,42,fixed_q96,blur,"{""cell_id"":""blur_sigma_1.0"",""name"":""blur"",""output_format"":""PNG"",""parameter"":1.0,""stochastic"":false}",sid_set,unknown,unknown,unknown
sid_set_03ea3b8e934437658e9b__matched_clean__fixed_q96__benchmark__blur_sigma_2.0,sid_set_03ea3b8e934437658e9b,sid_set_03ea3b8e934437658e9b__matched_clean__fixed_q96,selection_val,authentic,-4.452023029327393,0.011520691215991974,epoch_014,42,fixed_q96,blur,"{""cell_id"":""blur_sigma_2.0"",""name"":""blur"",""output_format"":""PNG"",""parameter"":2.0,""stochastic"":false}",sid_set,unknown,unknown,unknown
sid_set_03ea3b8e934437658e9b__matched_clean__fixed_q96__benchmark__resize_scale_0.5,sid_set_03ea3b8e934437658e9b,sid_set_03ea3b8e934437658e9b__matched_clean__fixed_q96,selection_val,authentic,-4.074872016906738,0.01671040616929531,epoch_014,42,fixed_q96,resize,"{""cell_id"":""resize_scale_0.5"",""name"":""resize"",""output_format"":""PNG"",""parameter"":0.5,""stochastic"":false}",sid_set,unknown,unknown,unknown
sid_set_03ea3b8e934437658e9b__matched_clean__fixed_q96__benchmark__resize_scale_0.25,sid_set_03ea3b8e934437658e9b,sid_set_03ea3b8e934437658e9b__matched_clean__fixed_q96,selection_val,authentic,-3.9878528118133545,0.018202021718025208,epoch_014,42,fixed_q96,resize,"{""cell_id"":""resize_scale_0.25"",""name"":""resize"",""output_format"":""PNG"",""parameter"":0.25,""stochastic"":false}",sid_set,unknown,unknown,unknown
sid_set_03ea3b8e934437658e9b__matched_clean__fixed_q96__benchmark__noise_sigma_0.02,sid_set_03ea3b8e934437658e9b,sid_set_03ea3b8e934437658e9b__matched_clean__fixed_q96,selection_val,authentic,-5.569314956665039,0.003798607038334012,epoch_014,42,fixed_q96,noise,"{""cell_id"":""noise_sigma_0.02"",""name"":""noise"",""output_format"":""PNG"",""parameter"":0.02,""stochastic"":true}",sid_set,unknown,unknown,unknown
sid_set_03ea3b8e934437658e9b__matched_clean__fixed_q96__benchmark__noise_sigma_0.05,sid_set_03ea3b8e934437658e9b,sid_set_03ea3b8e934437658e9b__matched_clean__fixed_q96,selection_val,authentic,-5.741636276245117,0.0031992441508919,epoch_014,42,fixed_q96,noise,"{""cell_id"":""noise_sigma_0.05"",""name"":""noise"",""output_format"":""PNG"",""parameter"":0.05,""stochastic"":true}",sid_set,unknown,unknown,unknown
sid_set_03ea3b8e934437658e9b__matched_clean__fixed_q96__benchmark__noise_sigma_0.1,sid_set_03ea3b8e934437658e9b,sid_set_03ea3b8e934437658e9b__matched_clean__fixed_q96,selection_val,authentic,-5.116331100463867,0.005962227005511522,epoch_014,42,fixed_q96,noise,"{""cell_id"":""noise_sigma_0.1"",""name"":""noise"",""output_format"":""PNG"",""parameter"":0.1,""stochastic"":true}",sid_set,unknown,unknown,unknown
sid_set_03ea3b8e934437658e9b__matched_clean__fixed_q96__benchmark__color_jitter_0.2,sid_set_03ea3b8e934437658e9b,sid_set_03ea3b8e934437658e9b__matched_clean__fixed_q96,selection_val,authentic,-6.415042877197266,0.0016340750735253096,epoch_014,42,fixed_q96,color_jitter,"{""cell_id"":""color_jitter_0.2"",""name"":""color_jitter"",""output_format"":""PNG"",""parameter"":0.2,""stochastic"":true}",sid_set,unknown,unknown,unknown
sid_set_03ea3b8e934437658e9b__matched_clean__fixed_q96__benchmark__center_crop_0.8,sid_set_03ea3b8e934437658e9b,sid_set_03ea3b8e934437658e9b__matched_clean__fixed_q96,selection_val,authentic,-4.873917102813721,0.007585389073938131,epoch_014,42,fixed_q96,center_crop,"{""cell_id"":""center_crop_0.8"",""name"":""center_crop"",""output_format"":""PNG"",""parameter"":0.8,""stochastic"":false}",sid_set,unknown,unknown,unknown
sid_set_0419ceda2ef9bcae2a06__matched_clean__fixed_q96__benchmark__jpeg_q90,sid_set_0419ceda2ef9bcae2a06,sid_set_0419ceda2ef9bcae2a06__matched_clean__fixed_q96,selection_val,authentic,-6.781281471252441,0.001133533427491784,epoch_014,42,fixed_q96,jpeg,"{""cell_id"":""jpeg_q90"",""name"":""jpeg"",""output_format"":""JPEG"",""parameter"":90,""stochastic"":false}",sid_set,unknown,unknown,unknown
sid_set_0419ceda2ef9bcae2a06__matched_clean__fixed_q96__benchmark__jpeg_q70,sid_set_0419ceda2ef9bcae2a06,sid_set_0419ceda2ef9bcae2a06__matched_clean__fixed_q96,selection_val,authentic,-7.03167724609375,0.0008826690027490258,epoch_014,42,fixed_q96,jpeg,"{""cell_id"":""jpeg_q70"",""name"":""jpeg"",""output_format"":""JPEG"",""parameter"":70,""stochastic"":false}",sid_set,unknown,unknown,unknown
sid_set_0419ceda2ef9bcae2a06__matched_clean__fixed_q96__benchmark__jpeg_q50,sid_set_0419ceda2ef9bcae2a06,sid_set_0419ceda2ef9bcae2a06__matched_clean__fixed_q96,selection_val,authentic,-7.394835948944092,0.0006140401819720864,epoch_014,42,fixed_q96,jpeg,"{""cell_id"":""jpeg_q50"",""name"":""jpeg"",""output_format"":""JPEG"",""parameter"":50,""stochastic"":false}",sid_set,unknown,unknown,unknown
sid_set_0419ceda2ef9bcae2a06__matched_clean__fixed_q96__benchmark__jpeg_q30,sid_set_0419ceda2ef9bcae2a06,sid_set_0419ceda2ef9bcae2a06__matched_clean__fixed_q96,selection_val,authentic,-7.926076412200928,0.0003610704152379185,epoch_014,42,fixed_q96,jpeg,"{""cell_id"":""jpeg_q30"",""name"":""jpeg"",""output_format"":""JPEG"",""parameter"":30,""stochastic"":false}",sid_set,unknown,unknown,unknown
sid_set_0419ceda2ef9bcae2a06__matched_clean__fixed_q96__benchmark__blur_sigma_0.5,sid_set_0419ceda2ef9bcae2a06,sid_set_0419ceda2ef9bcae2a06__matched_clean__fixed_q96,selection_val,authentic,-8.022122383117676,0.00032801524503156543,epoch_014,42,fixed_q96,blur,"{""cell_id"":""blur_sigma_0.5"",""name"":""blur"",""output_format"":""PNG"",""parameter"":0.5,""stochastic"":false}",sid_set,unknown,unknown,unknown
sid_set_0419ceda2ef9bcae2a06__matched_clean__fixed_q96__benchmark__blur_sigma_1.0,sid_set_0419ceda2ef9bcae2a06,sid_set_0419ceda2ef9bcae2a06__matched_clean__fixed_q96,selection_val,authentic,-7.196871280670166,0.0007483648951165378,epoch_014,42,fixed_q96,blur,"{""cell_id"":""blur_sigma_1.0"",""name"":""blur"",""output_format"":""PNG"",""parameter"":1.0,""stochastic"":false}",sid_set,unknown,unknown,unknown
sid_set_0419ceda2ef9bcae2a06__matched_clean__fixed_q96__benchmark__blur_sigma_2.0,sid_set_0419ceda2ef9bcae2a06,sid_set_0419ceda2ef9bcae2a06__matched_clean__fixed_q96,selection_val,authentic,-5.516188144683838,0.004005041904747486,epoch_014,42,fixed_q96,blur,"{""cell_id"":""blur_sigma_2.0"",""name"":""blur"",""output_format"":""PNG"",""parameter"":2.0,""stochastic"":false}",sid_set,unknown,unknown,unknown
sid_set_0419ceda2ef9bcae2a06__matched_clean__fixed_q96__benchmark__resize_scale_0.5,sid_set_0419ceda2ef9bcae2a06,sid_set_0419ceda2ef9bcae2a06__matched_clean__fixed_q96,selection_val,authentic,-5.785524845123291,0.0030622913036495447,epoch_014,42,fixed_q96,resize,"{""cell_id"":""resize_scale_0.5"",""name"":""resize"",""output_format"":""PNG"",""parameter"":0.5,""stochastic"":false}",sid_set,unknown,unknown,unknown
sid_set_0419ceda2ef9bcae2a06__matched_clean__fixed_q96__benchmark__resize_scale_0.25,sid_set_0419ceda2ef9bcae2a06,sid_set_0419ceda2ef9bcae2a06__matched_clean__fixed_q96,selection_val,authentic,-5.786331653594971,0.0030598293524235487,epoch_014,42,fixed_q96,resize,"{""cell_id"":""resize_scale_0.25"",""name"":""resize"",""output_format"":""PNG"",""parameter"":0.25,""stochastic"":false}",sid_set,unknown,unknown,unknown
sid_set_0419ceda2ef9bcae2a06__matched_clean__fixed_q96__benchmark__noise_sigma_0.02,sid_set_0419ceda2ef9bcae2a06,sid_set_0419ceda2ef9bcae2a06__matched_clean__fixed_q96,selection_val,authentic,-6.884053707122803,0.0010229372419416904,epoch_014,42,fixed_q96,noise,"{""cell_id"":""noise_sigma_0.02"",""name"":""noise"",""output_format"":""PNG"",""parameter"":0.02,""stochastic"":true}",sid_set,unknown,unknown,unknown
sid_set_0419ceda2ef9bcae2a06__matched_clean__fixed_q96__benchmark__noise_sigma_0.05,sid_set_0419ceda2ef9bcae2a06,sid_set_0419ceda2ef9bcae2a06__matched_clean__fixed_q96,selection_val,authentic,-7.162614822387695,0.0007744251633994281,epoch_014,42,fixed_q96,noise,"{""cell_id"":""noise_sigma_0.05"",""name"":""noise"",""output_format"":""PNG"",""parameter"":0.05,""stochastic"":true}",sid_set,unknown,unknown,unknown
sid_set_0419ceda2ef9bcae2a06__matched_clean__fixed_q96__benchmark__noise_sigma_0.1,sid_set_0419ceda2ef9bcae2a06,sid_set_0419ceda2ef9bcae2a06__matched_clean__fixed_q96,selection_val,authentic,-6.693023204803467,0.0012379952240735292,epoch_014,42,fixed_q96,noise,"{""cell_id"":""noise_sigma_0.1"",""name"":""noise"",""output_format"":""PNG"",""parameter"":0.1,""stochastic"":true}",sid_set,unknown,unknown,unknown
sid_set_0419ceda2ef9bcae2a06__matched_clean__fixed_q96__benchmark__color_jitter_0.2,sid_set_0419ceda2ef9bcae2a06,sid_set_0419ceda2ef9bcae2a06__matched_clean__fixed_q96,selection_val,authentic,-6.885993480682373,0.0010209569009020925,epoch_014,42,fixed_q96,color_jitter,"{""cell_id"":""color_jitter_0.2"",""name"":""color_jitter"",""output_format"":""PNG"",""parameter"":0.2,""stochastic"":true}",sid_set,unknown,unknown,unknown
sid_set_0419ceda2ef9bcae2a06__matched_clean__fixed_q96__benchmark__center_crop_0.8,sid_set_0419ceda2ef9bcae2a06,sid_set_0419ceda2ef9bcae2a06__matched_clean__fixed_q96,selection_val,authentic,-7.1862473487854,0.0007563518011011183,epoch_014,42,fixed_q96,center_crop,"{""cell_id"":""center_crop_0.8"",""name"":""center_crop"",""output_format"":""PNG"",""parameter"":0.8,""stochastic"":false}",sid_set,unknown,unknown,unknown
sid_set_041de7e281067572cf8d__matched_clean__fixed_q96__benchmark__jpeg_q90,sid_set_041de7e281067572cf8d,sid_set_041de7e281067572cf8d__matched_clean__fixed_q96,selection_val,authentic,-11.393892288208008,1.126394545281073e-05,epoch_014,42,fixed_q96,jpeg,"{""cell_id"":""jpeg_q90"",""name"":""jpeg"",""output_format"":""JPEG"",""parameter"":90,""stochastic"":false}",sid_set,unknown,unknown,unknown
sid_set_041de7e281067572cf8d__matched_clean__fixed_q96__benchmark__jpeg_q70,sid_set_041de7e281067572cf8d,sid_set_041de7e281067572cf8d__matched_clean__fixed_q96,selection_val,authentic,-9.91515064239502,4.941779116052203e-05,epoch_014,42,fixed_q96,jpeg,"{""cell_id"":""jpeg_q70"",""name"":""jpeg"",""output_format"":""JPEG"",""parameter"":70,""stochastic"":false}",sid_set,unknown,unknown,unknown
sid_set_041de7e281067572cf8d__matched_clean__fixed_q96__benchmark__jpeg_q50,sid_set_041de7e281067572cf8d,sid_set_041de7e281067572cf8d__matched_clean__fixed_q96,selection_val,authentic,-9.250046730041504,9.609792323317379e-05,epoch_014,42,fixed_q96,jpeg,"{""cell_id"":""jpeg_q50"",""name"":""jpeg"",""output_format"":""JPEG"",""parameter"":50,""stochastic"":false}",sid_set,unknown,unknown,unknown
sid_set_041de7e281067572cf8d__matched_clean__fixed_q96__benchmark__jpeg_q30,sid_set_041de7e281067572cf8d,sid_set_041de7e281067572cf8d__matched_clean__fixed_q96,selection_val,authentic,-8.920101165771484,0.00013365685299504548,epoch_014,42,fixed_q96,jpeg,"{""cell_id"":""jpeg_q30"",""name"":""jpeg"",""output_format"":""JPEG"",""parameter"":30,""stochastic"":false}",sid_set,unknown,unknown,unknown
sid_set_041de7e281067572cf8d__matched_clean__fixed_q96__benchmark__blur_sigma_0.5,sid_set_041de7e281067572cf8d,sid_set_041de7e281067572cf8d__matched_clean__fixed_q96,selection_val,authentic,-10.523537635803223,2.6895151677308604e-05,epoch_014,42,fixed_q96,blur,"{""cell_id"":""blur_sigma_0.5"",""name"":""blur"",""output_format"":""PNG"",""parameter"":0.5,""stochastic"":false}",sid_set,unknown,unknown,unknown
sid_set_041de7e281067572cf8d__matched_clean__fixed_q96__benchmark__blur_sigma_1.0,sid_set_041de7e281067572cf8d,sid_set_041de7e281067572cf8d__matched_clean__fixed_q96,selection_val,authentic,-9.643227577209473,6.485915946541354e-05,epoch_014,42,fixed_q96,blur,"{""cell_id"":""blur_sigma_1.0"",""name"":""blur"",""output_format"":""PNG"",""parameter"":1.0,""stochastic"":false}",sid_set,unknown,unknown,unknown
sid_set_041de7e281067572cf8d__matched_clean__fixed_q96__benchmark__blur_sigma_2.0,sid_set_041de7e281067572cf8d,sid_set_041de7e281067572cf8d__matched_clean__fixed_q96,selection_val,authentic,-6.764625072479248,0.0011525501031428576,epoch_014,42,fixed_q96,blur,"{""cell_id"":""blur_sigma_2.0"",""name"":""blur"",""output_format"":""PNG"",""parameter"":2.0,""stochastic"":false}",sid_set,unknown,unknown,unknown
sid_set_041de7e281067572cf8d__matched_clean__fixed_q96__benchmark__resize_scale_0.5,sid_set_041de7e281067572cf8d,sid_set_041de7e281067572cf8d__matched_clean__fixed_q96,selection_val,authentic,-8.534351348876953,0.0001965589908650145,epoch_014,42,fixed_q96,resize,"{""cell_id"":""resize_scale_0.5"",""name"":""resize"",""output_format"":""PNG"",""parameter"":0.5,""stochastic"":false}",sid_set,unknown,unknown,unknown
sid_set_041de7e281067572cf8d__matched_clean__fixed_q96__benchmark__resize_scale_0.25,sid_set_041de7e281067572cf8d,sid_set_041de7e281067572cf8d__matched_clean__fixed_q96,selection_val,authentic,-6.288547039031982,0.0018540129531174898,epoch_014,42,fixed_q96,resize,"{""cell_id"":""resize_scale_0.25"",""name"":""resize"",""output_format"":""PNG"",""parameter"":0.25,""stochastic"":false}",sid_set,unknown,unknown,unknown
sid_set_041de7e281067572cf8d__matched_clean__fixed_q96__benchmark__noise_sigma_0.02,sid_set_041de7e281067572cf8d,sid_set_041de7e281067572cf8d__matched_clean__fixed_q96,selection_val,authentic,-8.934167861938477,0.0001317901478614658,epoch_014,42,fixed_q96,noise,"{""cell_id"":""noise_sigma_0.02"",""name"":""noise"",""output_format"":""PNG"",""parameter"":0.02,""stochastic"":true}",sid_set,unknown,unknown,unknown
sid_set_041de7e281067572cf8d__matched_clean__fixed_q96__benchmark__noise_sigma_0.05,sid_set_041de7e281067572cf8d,sid_set_041de7e281067572cf8d__matched_clean__fixed_q96,selection_val,authentic,-6.95039176940918,0.0009573422721587121,epoch_014,42,fixed_q96,noise,"{""cell_id"":""noise_sigma_0.05"",""name"":""noise"",""output_format"":""PNG"",""parameter"":0.05,""stochastic"":true}",sid_set,unknown,unknown,unknown
sid_set_041de7e281067572cf8d__matched_clean__fixed_q96__benchmark__noise_sigma_0.1,sid_set_041de7e281067572cf8d,sid_set_041de7e281067572cf8d__matched_clean__fixed_q96,selection_val,authentic,-5.858461380004883,0.00284750247374177,epoch_014,42,fixed_q96,noise,"{""cell_id"":""noise_sigma_0.1"",""name"":""noise"",""output_format"":""PNG"",""parameter"":0.1,""stochastic"":true}",sid_set,unknown,unknown,unknown
sid_set_041de7e281067572cf8d__matched_clean__fixed_q96__benchmark__color_jitter_0.2,sid_set_041de7e281067572cf8d,sid_set_041de7e281067572cf8d__matched_clean__fixed_q96,selection_val,authentic,-10.340310096740723,3.230326183256693e-05,epoch_014,42,fixed_q96,color_jitter,"{""cell_id"":""color_jitter_0.2"",""name"":""color_jitter"",""output_format"":""PNG"",""parameter"":0.2,""stochastic"":true}",sid_set,unknown,unknown,unknown
sid_set_041de7e281067572cf8d__matched_clean__fixed_q96__benchmark__center_crop_0.8,sid_set_041de7e281067572cf8d,sid_set_041de7e281067572cf8d__matched_clean__fixed_q96,selection_val,authentic,-9.729546546936035,5.9495727327885106e-05,epoch_014,42,fixed_q96,center_crop,"{""cell_id"":""center_crop_0.8"",""name"":""center_crop"",""output_format"":""PNG"",""parameter"":0.8,""stochastic"":false}",sid_set,unknown,unknown,unknown
sid_set_042d533796ba2af8cd2b__matched_clean__fixed_q96__benchmark__jpeg_q90,sid_set_042d533796ba2af8cd2b,sid_set_042d533796ba2af8cd2b__matched_clean__fixed_q96,selection_val,ai_generated,4.432547092437744,0.9882553815841675,epoch_014,42,fixed_q96,jpeg,"{""cell_id"":""jpeg_q90"",""name"":""jpeg"",""output_format"":""JPEG"",""parameter"":90,""stochastic"":false}",sid_set,unknown,unknown,unknown
sid_set_042d533796ba2af8cd2b__matched_clean__fixed_q96__benchmark__jpeg_q70,sid_set_042d533796ba2af8cd2b,sid_set_042d533796ba2af8cd2b__matched_clean__fixed_q96,selection_val,ai_generated,4.377320289611816,0.9875968098640442,epoch_014,42,fixed_q96,jpeg,"{""cell_id"":""jpeg_q70"",""name"":""jpeg"",""output_format"":""JPEG"",""parameter"":70,""stochastic"":false}",sid_set,unknown,unknown,unknown
sid_set_042d533796ba2af8cd2b__matched_clean__fixed_q96__benchmark__jpeg_q50,sid_set_042d533796ba2af8cd2b,sid_set_042d533796ba2af8cd2b__matched_clean__fixed_q96,selection_val,ai_generated,4.813981056213379,0.9919497966766357,epoch_014,42,fixed_q96,jpeg,"{""cell_id"":""jpeg_q50"",""name"":""jpeg"",""output_format"":""JPEG"",""parameter"":50,""stochastic"":false}",sid_set,unknown,unknown,unknown
sid_set_042d533796ba2af8cd2b__matched_clean__fixed_q96__benchmark__jpeg_q30,sid_set_042d533796ba2af8cd2b,sid_set_042d533796ba2af8cd2b__matched_clean__fixed_q96,selection_val,ai_generated,3.7561604976654053,0.9771604537963867,epoch_014,42,fixed_q96,jpeg,"{""cell_id"":""jpeg_q30"",""name"":""jpeg"",""output_format"":""JPEG"",""parameter"":30,""stochastic"":false}",sid_set,unknown,unknown,unknown
sid_set_042d533796ba2af8cd2b__matched_clean__fixed_q96__benchmark__blur_sigma_0.5,sid_set_042d533796ba2af8cd2b,sid_set_042d533796ba2af8cd2b__matched_clean__fixed_q96,selection_val,ai_generated,3.6107380390167236,0.9736796021461487,epoch_014,42,fixed_q96,blur,"{""cell_id"":""blur_sigma_0.5"",""name"":""blur"",""output_format"":""PNG"",""parameter"":0.5,""stochastic"":false}",sid_set,unknown,unknown,unknown
sid_set_042d533796ba2af8cd2b__matched_clean__fixed_q96__benchmark__blur_sigma_1.0,sid_set_042d533796ba2af8cd2b,sid_set_042d533796ba2af8cd2b__matched_clean__fixed_q96,selection_val,ai_generated,4.452522277832031,0.9884849786758423,epoch_014,42,fixed_q96,blur,"{""cell_id"":""blur_sigma_1.0"",""name"":""blur"",""output_format"":""PNG"",""parameter"":1.0,""stochastic"":false}",sid_set,unknown,unknown,unknown
sid_set_042d533796ba2af8cd2b__matched_clean__fixed_q96__benchmark__blur_sigma_2.0,sid_set_042d533796ba2af8cd2b,sid_set_042d533796ba2af8cd2b__matched_clean__fixed_q96,selection_val,ai_generated,4.230834007263184,0.9856680631637573,epoch_014,42,fixed_q96,blur,"{""cell_id"":""blur_sigma_2.0"",""name"":""blur"",""output_format"":""PNG"",""parameter"":2.0,""stochastic"":false}",sid_set,unknown,unknown,unknown
sid_set_042d533796ba2af8cd2b__matched_clean__fixed_q96__benchmark__resize_scale_0.5,sid_set_042d533796ba2af8cd2b,sid_set_042d533796ba2af8cd2b__matched_clean__fixed_q96,selection_val,ai_generated,4.6410017013549805,0.9904441237449646,epoch_014,42,fixed_q96,resize,"{""cell_id"":""resize_scale_0.5"",""name"":""resize"",""output_format"":""PNG"",""parameter"":0.5,""stochastic"":false}",sid_set,unknown,unknown,unknown
sid_set_042d533796ba2af8cd2b__matched_clean__fixed_q96__benchmark__resize_scale_0.25,sid_set_042d533796ba2af8cd2b,sid_set_042d533796ba2af8cd2b__matched_clean__fixed_q96,selection_val,ai_generated,2.984795331954956,0.9518824815750122,epoch_014,42,fixed_q96,resize,"{""cell_id"":""resize_scale_0.25"",""name"":""resize"",""output_format"":""PNG"",""parameter"":0.25,""stochastic"":false}",sid_set,unknown,unknown,unknown
sid_set_042d533796ba2af8cd2b__matched_clean__fixed_q96__benchmark__noise_sigma_0.02,sid_set_042d533796ba2af8cd2b,sid_set_042d533796ba2af8cd2b__matched_clean__fixed_q96,selection_val,ai_generated,3.468614101409912,0.9697813987731934,epoch_014,42,fixed_q96,noise,"{""cell_id"":""noise_sigma_0.02"",""name"":""noise"",""output_format"":""PNG"",""parameter"":0.02,""stochastic"":true}",sid_set,unknown,unknown,unknown
sid_set_042d533796ba2af8cd2b__matched_clean__fixed_q96__benchmark__noise_sigma_0.05,sid_set_042d533796ba2af8cd2b,sid_set_042d533796ba2af8cd2b__matched_clean__fixed_q96,selection_val,ai_generated,2.794102907180786,0.942356288433075,epoch_014,42,fixed_q96,noise,"{""cell_id"":""noise_sigma_0.05"",""name"":""noise"",""output_format"":""PNG"",""parameter"":0.05,""stochastic"":true}",sid_set,unknown,unknown,unknown
sid_set_042d533796ba2af8cd2b__matched_clean__fixed_q96__benchmark__noise_sigma_0.1,sid_set_042d533796ba2af8cd2b,sid_set_042d533796ba2af8cd2b__matched_clean__fixed_q96,selection_val,ai_generated,2.7406673431396484,0.9393841028213501,epoch_014,42,fixed_q96,noise,"{""cell_id"":""noise_sigma_0.1"",""name"":""noise"",""output_format"":""PNG"",""parameter"":0.1,""stochastic"":true}",sid_set,unknown,unknown,unknown
sid_set_042d533796ba2af8cd2b__matched_clean__fixed_q96__benchmark__color_jitter_0.2,sid_set_042d533796ba2af8cd2b,sid_set_042d533796ba2af8cd2b__matched_clean__fixed_q96,selection_val,ai_generated,3.8324813842773438,0.9788032174110413,epoch_014,42,fixed_q96,color_jitter,"{""cell_id"":""color_jitter_0.2"",""name"":""color_jitter"",""output_format"":""PNG"",""parameter"":0.2,""stochastic"":true}",sid_set,unknown,unknown,unknown
sid_set_042d533796ba2af8cd2b__matched_clean__fixed_q96__benchmark__center_crop_0.8,sid_set_042d533796ba2af8cd2b,sid_set_042d533796ba2af8cd2b__matched_clean__fixed_q96,selection_val,ai_generated,4.748534679412842,0.9914100766181946,epoch_014,42,fixed_q96,center_crop,"{""cell_id"":""center_crop_0.8"",""name"":""center_crop"",""output_format"":""PNG"",""parameter"":0.8,""stochastic"":false}",sid_set,unknown,unknown,unknown
sid_set_04356cbfa3d06287cce0__matched_clean__fixed_q96__benchmark__jpeg_q90,sid_set_04356cbfa3d06287cce0,sid_set_04356cbfa3d06287cce0__matched_clean__fixed_q96,selection_val,authentic,-5.3552985191345215,0.004700856748968363,epoch_014,42,fixed_q96,jpeg,"{""cell_id"":""jpeg_q90"",""name"":""jpeg"",""output_format"":""JPEG"",""parameter"":90,""stochastic"":false}",sid_set,unknown,unknown,unknown
sid_set_04356cbfa3d06287cce0__matched_clean__fixed_q96__benchmark__jpeg_q70,sid_set_04356cbfa3d06287cce0,sid_set_04356cbfa3d06287cce0__matched_clean__fixed_q96,selection_val,authentic,-5.105631351470947,0.006025977432727814,epoch_014,42,fixed_q96,jpeg,"{""cell_id"":""jpeg_q70"",""name"":""jpeg"",""output_format"":""JPEG"",""parameter"":70,""stochastic"":false}",sid_set,unknown,unknown,unknown
sid_set_04356cbfa3d06287cce0__matched_clean__fixed_q96__benchmark__jpeg_q50,sid_set_04356cbfa3d06287cce0,sid_set_04356cbfa3d06287cce0__matched_clean__fixed_q96,selection_val,authentic,-4.820181369781494,0.008000794798135757,epoch_014,42,fixed_q96,jpeg,"{""cell_id"":""jpeg_q50"",""name"":""jpeg"",""output_format"":""JPEG"",""parameter"":50,""stochastic"":false}",sid_set,unknown,unknown,unknown
sid_set_04356cbfa3d06287cce0__matched_clean__fixed_q96__benchmark__jpeg_q30,sid_set_04356cbfa3d06287cce0,sid_set_04356cbfa3d06287cce0__matched_clean__fixed_q96,selection_val,authentic,-5.145471096038818,0.0057919868268072605,epoch_014,42,fixed_q96,jpeg,"{""cell_id"":""jpeg_q30"",""name"":""jpeg"",""output_format"":""JPEG"",""parameter"":30,""stochastic"":false}",sid_set,unknown,unknown,unknown
sid_set_04356cbfa3d06287cce0__matched_clean__fixed_q96__benchmark__blur_sigma_0.5,sid_set_04356cbfa3d06287cce0,sid_set_04356cbfa3d06287cce0__matched_clean__fixed_q96,selection_val,authentic,-6.429908275604248,0.0016100024804472923,epoch_014,42,fixed_q96,blur,"{""cell_id"":""blur_sigma_0.5"",""name"":""blur"",""output_format"":""PNG"",""parameter"":0.5,""stochastic"":false}",sid_set,unknown,unknown,unknown
sid_set_04356cbfa3d06287cce0__matched_clean__fixed_q96__benchmark__blur_sigma_1.0,sid_set_04356cbfa3d06287cce0,sid_set_04356cbfa3d06287cce0__matched_clean__fixed_q96,selection_val,authentic,-5.545515537261963,0.0038897402118891478,epoch_014,42,fixed_q96,blur,"{""cell_id"":""blur_sigma_1.0"",""name"":""blur"",""output_format"":""PNG"",""parameter"":1.0,""stochastic"":false}",sid_set,unknown,unknown,unknown
sid_set_04356cbfa3d06287cce0__matched_clean__fixed_q96__benchmark__blur_sigma_2.0,sid_set_04356cbfa3d06287cce0,sid_set_04356cbfa3d06287cce0__matched_clean__fixed_q96,selection_val,authentic,-3.829843282699585,0.021251581609249115,epoch_014,42,fixed_q96,blur,"{""cell_id"":""blur_sigma_2.0"",""name"":""blur"",""output_format"":""PNG"",""parameter"":2.0,""stochastic"":false}",sid_set,unknown,unknown,unknown
sid_set_04356cbfa3d06287cce0__matched_clean__fixed_q96__benchmark__resize_scale_0.5,sid_set_04356cbfa3d06287cce0,sid_set_04356cbfa3d06287cce0__matched_clean__fixed_q96,selection_val,authentic,-4.492870330810547,0.011064685881137848,epoch_014,42,fixed_q96,resize,"{""cell_id"":""resize_scale_0.5"",""name"":""resize"",""output_format"":""PNG"",""parameter"":0.5,""stochastic"":false}",sid_set,unknown,unknown,unknown
sid_set_04356cbfa3d06287cce0__matched_clean__fixed_q96__benchmark__resize_scale_0.25,sid_set_04356cbfa3d06287cce0,sid_set_04356cbfa3d06287cce0__matched_clean__fixed_q96,selection_val,authentic,-3.7271831035614014,0.023495210334658623,epoch_014,42,fixed_q96,resize,"{""cell_id"":""resize_scale_0.25"",""name"":""resize"",""output_format"":""PNG"",""parameter"":0.25,""stochastic"":false}",sid_set,unknown,unknown,unknown
sid_set_04356cbfa3d06287cce0__matched_clean__fixed_q96__benchmark__noise_sigma_0.02,sid_set_04356cbfa3d06287cce0,sid_set_04356cbfa3d06287cce0__matched_clean__fixed_q96,selection_val,authentic,-3.194185256958008,0.039385128766298294,epoch_014,42,fixed_q96,noise,"{""cell_id"":""noise_sigma_0.02"",""name"":""noise"",""output_format"":""PNG"",""parameter"":0.02,""stochastic"":true}",sid_set,unknown,unknown,unknown
sid_set_04356cbfa3d06287cce0__matched_clean__fixed_q96__benchmark__noise_sigma_0.05,sid_set_04356cbfa3d06287cce0,sid_set_04356cbfa3d06287cce0__matched_clean__fixed_q96,selection_val,authentic,-3.8437461853027344,0.02096431888639927,epoch_014,42,fixed_q96,noise,"{""cell_id"":""noise_sigma_0.05"",""name"":""noise"",""output_format"":""PNG"",""parameter"":0.05,""stochastic"":true}",sid_set,unknown,unknown,unknown
sid_set_04356cbfa3d06287cce0__matched_clean__fixed_q96__benchmark__noise_sigma_0.1,sid_set_04356cbfa3d06287cce0,sid_set_04356cbfa3d06287cce0__matched_clean__fixed_q96,selection_val,authentic,-2.3778083324432373,0.08488065004348755,epoch_014,42,fixed_q96,noise,"{""cell_id"":""noise_sigma_0.1"",""name"":""noise"",""output_format"":""PNG"",""parameter"":0.1,""stochastic"":true}",sid_set,unknown,unknown,unknown
sid_set_04356cbfa3d06287cce0__matched_clean__fixed_q96__benchmark__color_jitter_0.2,sid_set_04356cbfa3d06287cce0,sid_set_04356cbfa3d06287cce0__matched_clean__fixed_q96,selection_val,authentic,-5.317790508270264,0.004879648331552744,epoch_014,42,fixed_q96,color_jitter,"{""cell_id"":""color_jitter_0.2"",""name"":""color_jitter"",""output_format"":""PNG"",""parameter"":0.2,""stochastic"":true}",sid_set,unknown,unknown,unknown
sid_set_04356cbfa3d06287cce0__matched_clean__fixed_q96__benchmark__center_crop_0.8,sid_set_04356cbfa3d06287cce0,sid_set_04356cbfa3d06287cce0__matched_clean__fixed_q96,selection_val,authentic,-6.944436550140381,0.0009630550048314035,epoch_014,42,fixed_q96,center_crop,"{""cell_id"":""center_crop_0.8"",""name"":""center_crop"",""output_format"":""PNG"",""parameter"":0.8,""stochastic"":false}",sid_set,unknown,unknown,unknown
sid_set_0498ec0958c9a1469b0c__matched_clean__fixed_q96__benchmark__jpeg_q90,sid_set_0498ec0958c9a1469b0c,sid_set_0498ec0958c9a1469b0c__matched_clean__fixed_q96,selection_val,authentic,-4.560544967651367,0.010348155163228512,epoch_014,42,fixed_q96,jpeg,"{""cell_id"":""jpeg_q90"",""name"":""jpeg"",""output_format"":""JPEG"",""parameter"":90,""stochastic"":false}",sid_set,unknown,unknown,unknown
sid_set_0498ec0958c9a1469b0c__matched_clean__fixed_q96__benchmark__jpeg_q70,sid_set_0498ec0958c9a1469b0c,sid_set_0498ec0958c9a1469b0c__matched_clean__fixed_q96,selection_val,authentic,-4.587677478790283,0.0100739486515522,epoch_014,42,fixed_q96,jpeg,"{""cell_id"":""jpeg_q70"",""name"":""jpeg"",""output_format"":""JPEG"",""parameter"":70,""stochastic"":false}",sid_set,unknown,unknown,unknown
sid_set_0498ec0958c9a1469b0c__matched_clean__fixed_q96__benchmark__jpeg_q50,sid_set_0498ec0958c9a1469b0c,sid_set_0498ec0958c9a1469b0c__matched_clean__fixed_q96,selection_val,authentic,-4.209550380706787,0.01463566068559885,epoch_014,42,fixed_q96,jpeg,"{""cell_id"":""jpeg_q50"",""name"":""jpeg"",""output_format"":""JPEG"",""parameter"":50,""stochastic"":false}",sid_set,unknown,unknown,unknown
sid_set_0498ec0958c9a1469b0c__matched_clean__fixed_q96__benchmark__jpeg_q30,sid_set_0498ec0958c9a1469b0c,sid_set_0498ec0958c9a1469b0c__matched_clean__fixed_q96,selection_val,authentic,-3.526731014251709,0.028561146929860115,epoch_014,42,fixed_q96,jpeg,"{""cell_id"":""jpeg_q30"",""name"":""jpeg"",""output_format"":""JPEG"",""parameter"":30,""stochastic"":false}",sid_set,unknown,unknown,unknown
sid_set_0498ec0958c9a1469b0c__matched_clean__fixed_q96__benchmark__blur_sigma_0.5,sid_set_0498ec0958c9a1469b0c,sid_set_0498ec0958c9a1469b0c__matched_clean__fixed_q96,selection_val,authentic,-5.544682025909424,0.003892971435561776,epoch_014,42,fixed_q96,blur,"{""cell_id"":""blur_sigma_0.5"",""name"":""blur"",""output_format"":""PNG"",""parameter"":0.5,""stochastic"":false}",sid_set,unknown,unknown,unknown
sid_set_0498ec0958c9a1469b0c__matched_clean__fixed_q96__benchmark__blur_sigma_1.0,sid_set_0498ec0958c9a1469b0c,sid_set_0498ec0958c9a1469b0c__matched_clean__fixed_q96,selection_val,authentic,-4.696540832519531,0.00904424861073494,epoch_014,42,fixed_q96,blur,"{""cell_id"":""blur_sigma_1.0"",""name"":""blur"",""output_format"":""PNG"",""parameter"":1.0,""stochastic"":false}",sid_set,unknown,unknown,unknown
sid_set_0498ec0958c9a1469b0c__matched_clean__fixed_q96__benchmark__blur_sigma_2.0,sid_set_0498ec0958c9a1469b0c,sid_set_0498ec0958c9a1469b0c__matched_clean__fixed_q96,selection_val,authentic,-3.0825729370117188,0.043831855058670044,epoch_014,42,fixed_q96,blur,"{""cell_id"":""blur_sigma_2.0"",""name"":""blur"",""output_format"":""PNG"",""parameter"":2.0,""stochastic"":false}",sid_set,unknown,unknown,unknown
sid_set_0498ec0958c9a1469b0c__matched_clean__fixed_q96__benchmark__resize_scale_0.5,sid_set_0498ec0958c9a1469b0c,sid_set_0498ec0958c9a1469b0c__matched_clean__fixed_q96,selection_val,authentic,-3.611159086227417,0.026309609413146973,epoch_014,42,fixed_q96,resize,"{""cell_id"":""resize_scale_0.5"",""name"":""resize"",""output_format"":""PNG"",""parameter"":0.5,""stochastic"":false}",sid_set,unknown,unknown,unknown
sid_set_0498ec0958c9a1469b0c__matched_clean__fixed_q96__benchmark__resize_scale_0.25,sid_set_0498ec0958c9a1469b0c,sid_set_0498ec0958c9a1469b0c__matched_clean__fixed_q96,selection_val,authentic,-3.633046865463257,0.02575467899441719,epoch_014,42,fixed_q96,resize,"{""cell_id"":""resize_scale_0.25"",""name"":""resize"",""output_format"":""PNG"",""parameter"":0.25,""stochastic"":false}",sid_set,unknown,unknown,unknown
sid_set_0498ec0958c9a1469b0c__matched_clean__fixed_q96__benchmark__noise_sigma_0.02,sid_set_0498ec0958c9a1469b0c,sid_set_0498ec0958c9a1469b0c__matched_clean__fixed_q96,selection_val,authentic,-3.7629151344299316,0.022689213976264,epoch_014,42,fixed_q96,noise,"{""cell_id"":""noise_sigma_0.02"",""name"":""noise"",""output_format"":""PNG"",""parameter"":0.02,""stochastic"":true}",sid_set,unknown,unknown,unknown
sid_set_0498ec0958c9a1469b0c__matched_clean__fixed_q96__benchmark__noise_sigma_0.05,sid_set_0498ec0958c9a1469b0c,sid_set_0498ec0958c9a1469b0c__matched_clean__fixed_q96,selection_val,authentic,-4.3888020515441895,0.012263336218893528,epoch_014,42,fixed_q96,noise,"{""cell_id"":""noise_sigma_0.05"",""name"":""noise"",""output_format"":""PNG"",""parameter"":0.05,""stochastic"":true}",sid_set,unknown,unknown,unknown
sid_set_0498ec0958c9a1469b0c__matched_clean__fixed_q96__benchmark__noise_sigma_0.1,sid_set_0498ec0958c9a1469b0c,sid_set_0498ec0958c9a1469b0c__matched_clean__fixed_q96,selection_val,authentic,-3.298051595687866,0.03563809022307396,epoch_014,42,fixed_q96,noise,"{""cell_id"":""noise_sigma_0.1"",""name"":""noise"",""output_format"":""PNG"",""parameter"":0.1,""stochastic"":true}",sid_set,unknown,unknown,unknown
sid_set_0498ec0958c9a1469b0c__matched_clean__fixed_q96__benchmark__color_jitter_0.2,sid_set_0498ec0958c9a1469b0c,sid_set_0498ec0958c9a1469b0c__matched_clean__fixed_q96,selection_val,authentic,-5.206416130065918,0.005451401695609093,epoch_014,42,fixed_q96,color_jitter,"{""cell_id"":""color_jitter_0.2"",""name"":""color_jitter"",""output_format"":""PNG"",""parameter"":0.2,""stochastic"":true}",sid_set,unknown,unknown,unknown
sid_set_0498ec0958c9a1469b0c__matched_clean__fixed_q96__benchmark__center_crop_0.8,sid_set_0498ec0958c9a1469b0c,sid_set_0498ec0958c9a1469b0c__matched_clean__fixed_q96,selection_val,authentic,-5.978494167327881,0.0025262392591685057,epoch_014,42,fixed_q96,center_crop,"{""cell_id"":""center_crop_0.8"",""name"":""center_crop"",""output_format"":""PNG"",""parameter"":0.8,""stochastic"":false}",sid_set,unknown,unknown,unknown
sid_set_04991d4e0373ac0ffd82__matched_clean__fixed_q96__benchmark__jpeg_q90,sid_set_04991d4e0373ac0ffd82,sid_set_04991d4e0373ac0ffd82__matched_clean__fixed_q96,selection_val,ai_generated,6.190181255340576,0.9979547262191772,epoch_014,42,fixed_q96,jpeg,"{""cell_id"":""jpeg_q90"",""name"":""jpeg"",""output_format"":""JPEG"",""parameter"":90,""stochastic"":false}",sid_set,unknown,unknown,unknown
sid_set_04991d4e0373ac0ffd82__matched_clean__fixed_q96__benchmark__jpeg_q70,sid_set_04991d4e0373ac0ffd82,sid_set_04991d4e0373ac0ffd82__matched_clean__fixed_q96,selection_val,ai_generated,4.642037868499756,0.9904539585113525,epoch_014,42,fixed_q96,jpeg,"{""cell_id"":""jpeg_q70"",""name"":""jpeg"",""output_format"":""JPEG"",""parameter"":70,""stochastic"":false}",sid_set,unknown,unknown,unknown
sid_set_04991d4e0373ac0ffd82__matched_clean__fixed_q96__benchmark__jpeg_q50,sid_set_04991d4e0373ac0ffd82,sid_set_04991d4e0373ac0ffd82__matched_clean__fixed_q96,selection_val,ai_generated,3.600393533706665,0.9734131693840027,epoch_014,42,fixed_q96,jpeg,"{""cell_id"":""jpeg_q50"",""name"":""jpeg"",""output_format"":""JPEG"",""parameter"":50,""stochastic"":false}",sid_set,unknown,unknown,unknown
sid_set_04991d4e0373ac0ffd82__matched_clean__fixed_q96__benchmark__jpeg_q30,sid_set_04991d4e0373ac0ffd82,sid_set_04991d4e0373ac0ffd82__matched_clean__fixed_q96,selection_val,ai_generated,2.1582181453704834,0.8964341878890991,epoch_014,42,fixed_q96,jpeg,"{""cell_id"":""jpeg_q30"",""name"":""jpeg"",""output_format"":""JPEG"",""parameter"":30,""stochastic"":false}",sid_set,unknown,unknown,unknown
sid_set_04991d4e0373ac0ffd82__matched_clean__fixed_q96__benchmark__blur_sigma_0.5,sid_set_04991d4e0373ac0ffd82,sid_set_04991d4e0373ac0ffd82__matched_clean__fixed_q96,selection_val,ai_generated,3.672670602798462,0.9752210974693298,epoch_014,42,fixed_q96,blur,"{""cell_id"":""blur_sigma_0.5"",""name"":""blur"",""output_format"":""PNG"",""parameter"":0.5,""stochastic"":false}",sid_set,unknown,unknown,unknown
sid_set_04991d4e0373ac0ffd82__matched_clean__fixed_q96__benchmark__blur_sigma_1.0,sid_set_04991d4e0373ac0ffd82,sid_set_04991d4e0373ac0ffd82__matched_clean__fixed_q96,selection_val,ai_generated,3.1581921577453613,0.9592303037643433,epoch_014,42,fixed_q96,blur,"{""cell_id"":""blur_sigma_1.0"",""name"":""blur"",""output_format"":""PNG"",""parameter"":1.0,""stochastic"":false}",sid_set,unknown,unknown,unknown
sid_set_04991d4e0373ac0ffd82__matched_clean__fixed_q96__benchmark__blur_sigma_2.0,sid_set_04991d4e0373ac0ffd82,sid_set_04991d4e0373ac0ffd82__matched_clean__fixed_q96,selection_val,ai_generated,3.4883384704589844,0.9703541994094849,epoch_014,42,fixed_q96,blur,"{""cell_id"":""blur_sigma_2.0"",""name"":""blur"",""output_format"":""PNG"",""parameter"":2.0,""stochastic"":false}",sid_set,unknown,unknown,unknown
sid_set_04991d4e0373ac0ffd82__matched_clean__fixed_q96__benchmark__resize_scale_0.5,sid_set_04991d4e0373ac0ffd82,sid_set_04991d4e0373ac0ffd82__matched_clean__fixed_q96,selection_val,ai_generated,3.6613683700561523,0.9749464392662048,epoch_014,42,fixed_q96,resize,"{""cell_id"":""resize_scale_0.5"",""name"":""resize"",""output_format"":""PNG"",""parameter"":0.5,""stochastic"":false}",sid_set,unknown,unknown,unknown
sid_set_04991d4e0373ac0ffd82__matched_clean__fixed_q96__benchmark__resize_scale_0.25,sid_set_04991d4e0373ac0ffd82,sid_set_04991d4e0373ac0ffd82__matched_clean__fixed_q96,selection_val,ai_generated,2.4940452575683594,0.9237233400344849,epoch_014,42,fixed_q96,resize,"{""cell_id"":""resize_scale_0.25"",""name"":""resize"",""output_format"":""PNG"",""parameter"":0.25,""stochastic"":false}",sid_set,unknown,unknown,unknown
sid_set_04991d4e0373ac0ffd82__matched_clean__fixed_q96__benchmark__noise_sigma_0.02,sid_set_04991d4e0373ac0ffd82,sid_set_04991d4e0373ac0ffd82__matched_clean__fixed_q96,selection_val,ai_generated,3.5851893424987793,0.9730168581008911,epoch_014,42,fixed_q96,noise,"{""cell_id"":""noise_sigma_0.02"",""name"":""noise"",""output_format"":""PNG"",""parameter"":0.02,""stochastic"":true}",sid_set,unknown,unknown,unknown
sid_set_04991d4e0373ac0ffd82__matched_clean__fixed_q96__benchmark__noise_sigma_0.05,sid_set_04991d4e0373ac0ffd82,sid_set_04991d4e0373ac0ffd82__matched_clean__fixed_q96,selection_val,ai_generated,3.333690643310547,0.9655666947364807,epoch_014,42,fixed_q96,noise,"{""cell_id"":""noise_sigma_0.05"",""name"":""noise"",""output_format"":""PNG"",""parameter"":0.05,""stochastic"":true}",sid_set,unknown,unknown,unknown
sid_set_04991d4e0373ac0ffd82__matched_clean__fixed_q96__benchmark__noise_sigma_0.1,sid_set_04991d4e0373ac0ffd82,sid_set_04991d4e0373ac0ffd82__matched_clean__fixed_q96,selection_val,ai_generated,1.9876973628997803,0.8794993162155151,epoch_014,42,fixed_q96,noise,"{""cell_id"":""noise_sigma_0.1"",""name"":""noise"",""output_format"":""PNG"",""parameter"":0.1,""stochastic"":true}",sid_set,unknown,unknown,unknown
sid_set_04991d4e0373ac0ffd82__matched_clean__fixed_q96__benchmark__color_jitter_0.2,sid_set_04991d4e0373ac0ffd82,sid_set_04991d4e0373ac0ffd82__matched_clean__fixed_q96,selection_val,ai_generated,5.800673007965088,0.9969835877418518,epoch_014,42,fixed_q96,color_jitter,"{""cell_id"":""color_jitter_0.2"",""name"":""color_jitter"",""output_format"":""PNG"",""parameter"":0.2,""stochastic"":true}",sid_set,unknown,unknown,unknown
sid_set_04991d4e0373ac0ffd82__matched_clean__fixed_q96__benchmark__center_crop_0.8,sid_set_04991d4e0373ac0ffd82,sid_set_04991d4e0373ac0ffd82__matched_clean__fixed_q96,selection_val,ai_generated,4.672677040100098,0.9907393455505371,epoch_014,42,fixed_q96,center_crop,"{""cell_id"":""center_crop_0.8"",""name"":""center_crop"",""output_format"":""PNG"",""parameter"":0.8,""stochastic"":false}",sid_set,unknown,unknown,unknown
sid_set_049b1c1ac16117f92239__matched_clean__fixed_q96__benchmark__jpeg_q90,sid_set_049b1c1ac16117f92239,sid_set_049b1c1ac16117f92239__matched_clean__fixed_q96,selection_val,ai_generated,5.2031354904174805,0.9945308566093445,epoch_014,42,fixed_q96,jpeg,"{""cell_id"":""jpeg_q90"",""name"":""jpeg"",""output_format"":""JPEG"",""parameter"":90,""stochastic"":false}",sid_set,unknown,unknown,unknown
sid_set_049b1c1ac16117f92239__matched_clean__fixed_q96__benchmark__jpeg_q70,sid_set_049b1c1ac16117f92239,sid_set_049b1c1ac16117f92239__matched_clean__fixed_q96,selection_val,ai_generated,4.4497904777526855,0.9884539246559143,epoch_014,42,fixed_q96,jpeg,"{""cell_id"":""jpeg_q70"",""name"":""jpeg"",""output_format"":""JPEG"",""parameter"":70,""stochastic"":false}",sid_set,unknown,unknown,unknown
sid_set_049b1c1ac16117f92239__matched_clean__fixed_q96__benchmark__jpeg_q50,sid_set_049b1c1ac16117f92239,sid_set_049b1c1ac16117f92239__matched_clean__fixed_q96,selection_val,ai_generated,4.834047317504883,0.9921085238456726,epoch_014,42,fixed_q96,jpeg,"{""cell_id"":""jpeg_q50"",""name"":""jpeg"",""output_format"":""JPEG"",""parameter"":50,""stochastic"":false}",sid_set,unknown,unknown,unknown
sid_set_049b1c1ac16117f92239__matched_clean__fixed_q96__benchmark__jpeg_q30,sid_set_049b1c1ac16117f92239,sid_set_049b1c1ac16117f92239__matched_clean__fixed_q96,selection_val,ai_generated,4.381216049194336,0.987644374370575,epoch_014,42,fixed_q96,jpeg,"{""cell_id"":""jpeg_q30"",""name"":""jpeg"",""output_format"":""JPEG"",""parameter"":30,""stochastic"":false}",sid_set,unknown,unknown,unknown
sid_set_049b1c1ac16117f92239__matched_clean__fixed_q96__benchmark__blur_sigma_0.5,sid_set_049b1c1ac16117f92239,sid_set_049b1c1ac16117f92239__matched_clean__fixed_q96,selection_val,ai_generated,4.400064945220947,0.9878723621368408,epoch_014,42,fixed_q96,blur,"{""cell_id"":""blur_sigma_0.5"",""name"":""blur"",""output_format"":""PNG"",""parameter"":0.5,""stochastic"":false}",sid_set,unknown,unknown,unknown
sid_set_049b1c1ac16117f92239__matched_clean__fixed_q96__benchmark__blur_sigma_1.0,sid_set_049b1c1ac16117f92239,sid_set_049b1c1ac16117f92239__matched_clean__fixed_q96,selection_val,ai_generated,4.555857181549072,0.9896037578582764,epoch_014,42,fixed_q96,blur,"{""cell_id"":""blur_sigma_1.0"",""name"":""blur"",""output_format"":""PNG"",""parameter"":1.0,""stochastic"":false}",sid_set,unknown,unknown,unknown
sid_set_049b1c1ac16117f92239__matched_clean__fixed_q96__benchmark__blur_sigma_2.0,sid_set_049b1c1ac16117f92239,sid_set_049b1c1ac16117f92239__matched_clean__fixed_q96,selection_val,ai_generated,4.54429292678833,0.9894841313362122,epoch_014,42,fixed_q96,blur,"{""cell_id"":""blur_sigma_2.0"",""name"":""blur"",""output_format"":""PNG"",""parameter"":2.0,""stochastic"":false}",sid_set,unknown,unknown,unknown
sid_set_049b1c1ac16117f92239__matched_clean__fixed_q96__benchmark__resize_scale_0.5,sid_set_049b1c1ac16117f92239,sid_set_049b1c1ac16117f92239__matched_clean__fixed_q96,selection_val,ai_generated,4.444469928741455,0.9883930087089539,epoch_014,42,fixed_q96,resize,"{""cell_id"":""resize_scale_0.5"",""name"":""resize"",""output_format"":""PNG"",""parameter"":0.5,""stochastic"":false}",sid_set,unknown,unknown,unknown
sid_set_049b1c1ac16117f92239__matched_clean__fixed_q96__benchmark__resize_scale_0.25,sid_set_049b1c1ac16117f92239,sid_set_049b1c1ac16117f92239__matched_clean__fixed_q96,selection_val,ai_generated,3.9196858406066895,0.9805389642715454,epoch_014,42,fixed_q96,resize,"{""cell_id"":""resize_scale_0.25"",""name"":""resize"",""output_format"":""PNG"",""parameter"":0.25,""stochastic"":false}",sid_set,unknown,unknown,unknown
sid_set_049b1c1ac16117f92239__matched_clean__fixed_q96__benchmark__noise_sigma_0.02,sid_set_049b1c1ac16117f92239,sid_set_049b1c1ac16117f92239__matched_clean__fixed_q96,selection_val,ai_generated,4.32732629776001,0.9869692325592041,epoch_014,42,fixed_q96,noise,"{""cell_id"":""noise_sigma_0.02"",""name"":""noise"",""output_format"":""PNG"",""parameter"":0.02,""stochastic"":true}",sid_set,unknown,unknown,unknown
sid_set_049b1c1ac16117f92239__matched_clean__fixed_q96__benchmark__noise_sigma_0.05,sid_set_049b1c1ac16117f92239,sid_set_049b1c1ac16117f92239__matched_clean__fixed_q96,selection_val,ai_generated,4.177996635437012,0.9849022030830383,epoch_014,42,fixed_q96,noise,"{""cell_id"":""noise_sigma_0.05"",""name"":""noise"",""output_format"":""PNG"",""parameter"":0.05,""stochastic"":true}",sid_set,unknown,unknown,unknown
sid_set_049b1c1ac16117f92239__matched_clean__fixed_q96__benchmark__noise_sigma_0.1,sid_set_049b1c1ac16117f92239,sid_set_049b1c1ac16117f92239__matched_clean__fixed_q96,selection_val,ai_generated,3.655716896057129,0.9748080968856812,epoch_014,42,fixed_q96,noise,"{""cell_id"":""noise_sigma_0.1"",""name"":""noise"",""output_format"":""PNG"",""parameter"":0.1,""stochastic"":true}",sid_set,unknown,unknown,unknown
sid_set_049b1c1ac16117f92239__matched_clean__fixed_q96__benchmark__color_jitter_0.2,sid_set_049b1c1ac16117f92239,sid_set_049b1c1ac16117f92239__matched_clean__fixed_q96,selection_val,ai_generated,4.833852767944336,0.9921070337295532,epoch_014,42,fixed_q96,color_jitter,"{""cell_id"":""color_jitter_0.2"",""name"":""color_jitter"",""output_format"":""PNG"",""parameter"":0.2,""stochastic"":true}",sid_set,unknown,unknown,unknown
sid_set_049b1c1ac16117f92239__matched_clean__fixed_q96__benchmark__center_crop_0.8,sid_set_049b1c1ac16117f92239,sid_set_049b1c1ac16117f92239__matched_clean__fixed_q96,selection_val,ai_generated,4.622525691986084,0.9902676939964294,epoch_014,42,fixed_q96,center_crop,"{""cell_id"":""center_crop_0.8"",""name"":""center_crop"",""output_format"":""PNG"",""parameter"":0.8,""stochastic"":false}",sid_set,unknown,unknown,unknown
sid_set_04aae9f9e9f1db4aefd5__matched_clean__fixed_q96__benchmark__jpeg_q90,sid_set_04aae9f9e9f1db4aefd5,sid_set_04aae9f9e9f1db4aefd5__matched_clean__fixed_q96,selection_val,ai_generated,1.0808160305023193,0.746648371219635,epoch_014,42,fixed_q96,jpeg,"{""cell_id"":""jpeg_q90"",""name"":""jpeg"",""output_format"":""JPEG"",""parameter"":90,""stochastic"":false}",sid_set,unknown,unknown,unknown
sid_set_04aae9f9e9f1db4aefd5__matched_clean__fixed_q96__benchmark__jpeg_q70,sid_set_04aae9f9e9f1db4aefd5,sid_set_04aae9f9e9f1db4aefd5__matched_clean__fixed_q96,selection_val,ai_generated,1.141334056854248,0.757924497127533,epoch_014,42,fixed_q96,jpeg,"{""cell_id"":""jpeg_q70"",""name"":""jpeg"",""output_format"":""JPEG"",""parameter"":70,""stochastic"":false}",sid_set,unknown,unknown,unknown
sid_set_04aae9f9e9f1db4aefd5__matched_clean__fixed_q96__benchmark__jpeg_q50,sid_set_04aae9f9e9f1db4aefd5,sid_set_04aae9f9e9f1db4aefd5__matched_clean__fixed_q96,selection_val,ai_generated,1.239018440246582,0.7753930687904358,epoch_014,42,fixed_q96,jpeg,"{""cell_id"":""jpeg_q50"",""name"":""jpeg"",""output_format"":""JPEG"",""parameter"":50,""stochastic"":false}",sid_set,unknown,unknown,unknown
sid_set_04aae9f9e9f1db4aefd5__matched_clean__fixed_q96__benchmark__jpeg_q30,sid_set_04aae9f9e9f1db4aefd5,sid_set_04aae9f9e9f1db4aefd5__matched_clean__fixed_q96,selection_val,ai_generated,1.6539685726165771,0.8394266366958618,epoch_014,42,fixed_q96,jpeg,"{""cell_id"":""jpeg_q30"",""name"":""jpeg"",""output_format"":""JPEG"",""parameter"":30,""stochastic"":false}",sid_set,unknown,unknown,unknown
sid_set_04aae9f9e9f1db4aefd5__matched_clean__fixed_q96__benchmark__blur_sigma_0.5,sid_set_04aae9f9e9f1db4aefd5,sid_set_04aae9f9e9f1db4aefd5__matched_clean__fixed_q96,selection_val,ai_generated,0.6384945511817932,0.6544130444526672,epoch_014,42,fixed_q96,blur,"{""cell_id"":""blur_sigma_0.5"",""name"":""blur"",""output_format"":""PNG"",""parameter"":0.5,""stochastic"":false}",sid_set,unknown,unknown,unknown
sid_set_04aae9f9e9f1db4aefd5__matched_clean__fixed_q96__benchmark__blur_sigma_1.0,sid_set_04aae9f9e9f1db4aefd5,sid_set_04aae9f9e9f1db4aefd5__matched_clean__fixed_q96,selection_val,ai_generated,0.9503665566444397,0.7211889028549194,epoch_014,42,fixed_q96,blur,"{""cell_id"":""blur_sigma_1.0"",""name"":""blur"",""output_format"":""PNG"",""parameter"":1.0,""stochastic"":false}",sid_set,unknown,unknown,unknown
sid_set_04aae9f9e9f1db4aefd5__matched_clean__fixed_q96__benchmark__blur_sigma_2.0,sid_set_04aae9f9e9f1db4aefd5,sid_set_04aae9f9e9f1db4aefd5__matched_clean__fixed_q96,selection_val,ai_generated,1.62581467628479,0.8355954885482788,epoch_014,42,fixed_q96,blur,"{""cell_id"":""blur_sigma_2.0"",""name"":""blur"",""output_format"":""PNG"",""parameter"":2.0,""stochastic"":false}",sid_set,unknown,unknown,unknown
sid_set_04aae9f9e9f1db4aefd5__matched_clean__fixed_q96__benchmark__resize_scale_0.5,sid_set_04aae9f9e9f1db4aefd5,sid_set_04aae9f9e9f1db4aefd5__matched_clean__fixed_q96,selection_val,ai_generated,1.492004156112671,0.8163788914680481,epoch_014,42,fixed_q96,resize,"{""cell_id"":""resize_scale_0.5"",""name"":""resize"",""output_format"":""PNG"",""parameter"":0.5,""stochastic"":false}",sid_set,unknown,unknown,unknown
sid_set_04aae9f9e9f1db4aefd5__matched_clean__fixed_q96__benchmark__resize_scale_0.25,sid_set_04aae9f9e9f1db4aefd5,sid_set_04aae9f9e9f1db4aefd5__matched_clean__fixed_q96,selection_val,ai_generated,0.8878526091575623,0.7084468007087708,epoch_014,42,fixed_q96,resize,"{""cell_id"":""resize_scale_0.25"",""name"":""resize"",""output_format"":""PNG"",""parameter"":0.25,""stochastic"":false}",sid_set,unknown,unknown,unknown
sid_set_04aae9f9e9f1db4aefd5__matched_clean__fixed_q96__benchmark__noise_sigma_0.02,sid_set_04aae9f9e9f1db4aefd5,sid_set_04aae9f9e9f1db4aefd5__matched_clean__fixed_q96,selection_val,ai_generated,0.8462105393409729,0.6997715830802917,epoch_014,42,fixed_q96,noise,"{""cell_id"":""noise_sigma_0.02"",""name"":""noise"",""output_format"":""PNG"",""parameter"":0.02,""stochastic"":true}",sid_set,unknown,unknown,unknown
sid_set_04aae9f9e9f1db4aefd5__matched_clean__fixed_q96__benchmark__noise_sigma_0.05,sid_set_04aae9f9e9f1db4aefd5,sid_set_04aae9f9e9f1db4aefd5__matched_clean__fixed_q96,selection_val,ai_generated,0.6285029053688049,0.6521499156951904,epoch_014,42,fixed_q96,noise,"{""cell_id"":""noise_sigma_0.05"",""name"":""noise"",""output_format"":""PNG"",""parameter"":0.05,""stochastic"":true}",sid_set,unknown,unknown,unknown
sid_set_04aae9f9e9f1db4aefd5__matched_clean__fixed_q96__benchmark__noise_sigma_0.1,sid_set_04aae9f9e9f1db4aefd5,sid_set_04aae9f9e9f1db4aefd5__matched_clean__fixed_q96,selection_val,ai_generated,0.5608032941818237,0.636638343334198,epoch_014,42,fixed_q96,noise,"{""cell_id"":""noise_sigma_0.1"",""name"":""noise"",""output_format"":""PNG"",""parameter"":0.1,""stochastic"":true}",sid_set,unknown,unknown,unknown
sid_set_04aae9f9e9f1db4aefd5__matched_clean__fixed_q96__benchmark__color_jitter_0.2,sid_set_04aae9f9e9f1db4aefd5,sid_set_04aae9f9e9f1db4aefd5__matched_clean__fixed_q96,selection_val,ai_generated,0.5252735614776611,0.6283800601959229,epoch_014,42,fixed_q96,color_jitter,"{""cell_id"":""color_jitter_0.2"",""name"":""color_jitter"",""output_format"":""PNG"",""parameter"":0.2,""stochastic"":true}",sid_set,unknown,unknown,unknown
sid_set_04aae9f9e9f1db4aefd5__matched_clean__fixed_q96__benchmark__center_crop_0.8,sid_set_04aae9f9e9f1db4aefd5,sid_set_04aae9f9e9f1db4aefd5__matched_clean__fixed_q96,selection_val,ai_generated,1.1549382209777832,0.7604116797447205,epoch_014,42,fixed_q96,center_crop,"{""cell_id"":""center_crop_0.8"",""name"":""center_crop"",""output_format"":""PNG"",""parameter"":0.8,""stochastic"":false}",sid_set,unknown,unknown,unknown
sid_set_04d72e000e079ed352f5__matched_clean__fixed_q96__benchmark__jpeg_q90,sid_set_04d72e000e079ed352f5,sid_set_04d72e000e079ed352f5__matched_clean__fixed_q96,selection_val,ai_generated,5.621049880981445,0.9963921904563904,epoch_014,42,fixed_q96,jpeg,"{""cell_id"":""jpeg_q90"",""name"":""jpeg"",""output_format"":""JPEG"",""parameter"":90,""stochastic"":false}",sid_set,unknown,unknown,unknown
sid_set_04d72e000e079ed352f5__matched_clean__fixed_q96__benchmark__jpeg_q70,sid_set_04d72e000e079ed352f5,sid_set_04d72e000e079ed352f5__matched_clean__fixed_q96,selection_val,ai_generated,5.344303607940674,0.9952474236488342,epoch_014,42,fixed_q96,jpeg,"{""cell_id"":""jpeg_q70"",""name"":""jpeg"",""output_format"":""JPEG"",""parameter"":70,""stochastic"":false}",sid_set,unknown,unknown,unknown
sid_set_04d72e000e079ed352f5__matched_clean__fixed_q96__benchmark__jpeg_q50,sid_set_04d72e000e079ed352f5,sid_set_04d72e000e079ed352f5__matched_clean__fixed_q96,selection_val,ai_generated,5.086398124694824,0.9938576817512512,epoch_014,42,fixed_q96,jpeg,"{""cell_id"":""jpeg_q50"",""name"":""jpeg"",""output_format"":""JPEG"",""parameter"":50,""stochastic"":false}",sid_set,unknown,unknown,unknown
sid_set_04d72e000e079ed352f5__matched_clean__fixed_q96__benchmark__jpeg_q30,sid_set_04d72e000e079ed352f5,sid_set_04d72e000e079ed352f5__matched_clean__fixed_q96,selection_val,ai_generated,4.158969879150391,0.9846166372299194,epoch_014,42,fixed_q96,jpeg,"{""cell_id"":""jpeg_q30"",""name"":""jpeg"",""output_format"":""JPEG"",""parameter"":30,""stochastic"":false}",sid_set,unknown,unknown,unknown
sid_set_04d72e000e079ed352f5__matched_clean__fixed_q96__benchmark__blur_sigma_0.5,sid_set_04d72e000e079ed352f5,sid_set_04d72e000e079ed352f5__matched_clean__fixed_q96,selection_val,ai_generated,4.439890384674072,0.9883403778076172,epoch_014,42,fixed_q96,blur,"{""cell_id"":""blur_sigma_0.5"",""name"":""blur"",""output_format"":""PNG"",""parameter"":0.5,""stochastic"":false}",sid_set,unknown,unknown,unknown
sid_set_04d72e000e079ed352f5__matched_clean__fixed_q96__benchmark__blur_sigma_1.0,sid_set_04d72e000e079ed352f5,sid_set_04d72e000e079ed352f5__matched_clean__fixed_q96,selection_val,ai_generated,3.7581968307495117,0.9772058725357056,epoch_014,42,fixed_q96,blur,"{""cell_id"":""blur_sigma_1.0"",""name"":""blur"",""output_format"":""PNG"",""parameter"":1.0,""stochastic"":false}",sid_set,unknown,unknown,unknown
sid_set_04d72e000e079ed352f5__matched_clean__fixed_q96__benchmark__blur_sigma_2.0,sid_set_04d72e000e079ed352f5,sid_set_04d72e000e079ed352f5__matched_clean__fixed_q96,selection_val,ai_generated,3.564330577850342,0.9724637866020203,epoch_014,42,fixed_q96,blur,"{""cell_id"":""blur_sigma_2.0"",""name"":""blur"",""output_format"":""PNG"",""parameter"":2.0,""stochastic"":false}",sid_set,unknown,unknown,unknown
sid_set_04d72e000e079ed352f5__matched_clean__fixed_q96__benchmark__resize_scale_0.5,sid_set_04d72e000e079ed352f5,sid_set_04d72e000e079ed352f5__matched_clean__fixed_q96,selection_val,ai_generated,4.0700507164001465,0.9832102060317993,epoch_014,42,fixed_q96,resize,"{""cell_id"":""resize_scale_0.5"",""name"":""resize"",""output_format"":""PNG"",""parameter"":0.5,""stochastic"":false}",sid_set,unknown,unknown,unknown
sid_set_04d72e000e079ed352f5__matched_clean__fixed_q96__benchmark__resize_scale_0.25,sid_set_04d72e000e079ed352f5,sid_set_04d72e000e079ed352f5__matched_clean__fixed_q96,selection_val,ai_generated,3.2954204082489014,0.9642713069915771,epoch_014,42,fixed_q96,resize,"{""cell_id"":""resize_scale_0.25"",""name"":""resize"",""output_format"":""PNG"",""parameter"":0.25,""stochastic"":false}",sid_set,unknown,unknown,unknown
sid_set_04d72e000e079ed352f5__matched_clean__fixed_q96__benchmark__noise_sigma_0.02,sid_set_04d72e000e079ed352f5,sid_set_04d72e000e079ed352f5__matched_clean__fixed_q96,selection_val,ai_generated,4.120167255401611,0.9840177893638611,epoch_014,42,fixed_q96,noise,"{""cell_id"":""noise_sigma_0.02"",""name"":""noise"",""output_format"":""PNG"",""parameter"":0.02,""stochastic"":true}",sid_set,unknown,unknown,unknown
sid_set_04d72e000e079ed352f5__matched_clean__fixed_q96__benchmark__noise_sigma_0.05,sid_set_04d72e000e079ed352f5,sid_set_04d72e000e079ed352f5__matched_clean__fixed_q96,selection_val,ai_generated,3.4534912109375,0.9693350195884705,epoch_014,42,fixed_q96,noise,"{""cell_id"":""noise_sigma_0.05"",""name"":""noise"",""output_format"":""PNG"",""parameter"":0.05,""stochastic"":true}",sid_set,unknown,unknown,unknown
sid_set_04d72e000e079ed352f5__matched_clean__fixed_q96__benchmark__noise_sigma_0.1,sid_set_04d72e000e079ed352f5,sid_set_04d72e000e079ed352f5__matched_clean__fixed_q96,selection_val,ai_generated,3.0235986709594727,0.9536288976669312,epoch_014,42,fixed_q96,noise,"{""cell_id"":""noise_sigma_0.1"",""name"":""noise"",""output_format"":""PNG"",""parameter"":0.1,""stochastic"":true}",sid_set,unknown,unknown,unknown
sid_set_04d72e000e079ed352f5__matched_clean__fixed_q96__benchmark__color_jitter_0.2,sid_set_04d72e000e079ed352f5,sid_set_04d72e000e079ed352f5__matched_clean__fixed_q96,selection_val,ai_generated,5.011660099029541,0.9933841824531555,epoch_014,42,fixed_q96,color_jitter,"{""cell_id"":""color_jitter_0.2"",""name"":""color_jitter"",""output_format"":""PNG"",""parameter"":0.2,""stochastic"":true}",sid_set,unknown,unknown,unknown
sid_set_04d72e000e079ed352f5__matched_clean__fixed_q96__benchmark__center_crop_0.8,sid_set_04d72e000e079ed352f5,sid_set_04d72e000e079ed352f5__matched_clean__fixed_q96,selection_val,ai_generated,5.8382978439331055,0.9970946311950684,epoch_014,42,fixed_q96,center_crop,"{""cell_id"":""center_crop_0.8"",""name"":""center_crop"",""output_format"":""PNG"",""parameter"":0.8,""stochastic"":false}",sid_set,unknown,unknown,unknown
sid_set_05033f944fe0bd315f8b__matched_clean__fixed_q96__benchmark__jpeg_q90,sid_set_05033f944fe0bd315f8b,sid_set_05033f944fe0bd315f8b__matched_clean__fixed_q96,selection_val,ai_generated,7.748082160949707,0.9995686411857605,epoch_014,42,fixed_q96,jpeg,"{""cell_id"":""jpeg_q90"",""name"":""jpeg"",""output_format"":""JPEG"",""parameter"":90,""stochastic"":false}",sid_set,unknown,unknown,unknown
sid_set_05033f944fe0bd315f8b__matched_clean__fixed_q96__benchmark__jpeg_q70,sid_set_05033f944fe0bd315f8b,sid_set_05033f944fe0bd315f8b__matched_clean__fixed_q96,selection_val,ai_generated,6.975794792175293,0.9990666508674622,epoch_014,42,fixed_q96,jpeg,"{""cell_id"":""jpeg_q70"",""name"":""jpeg"",""output_format"":""JPEG"",""parameter"":70,""stochastic"":false}",sid_set,unknown,unknown,unknown
sid_set_05033f944fe0bd315f8b__matched_clean__fixed_q96__benchmark__jpeg_q50,sid_set_05033f944fe0bd315f8b,sid_set_05033f944fe0bd315f8b__matched_clean__fixed_q96,selection_val,ai_generated,5.7524333000183105,0.9968350529670715,epoch_014,42,fixed_q96,jpeg,"{""cell_id"":""jpeg_q50"",""name"":""jpeg"",""output_format"":""JPEG"",""parameter"":50,""stochastic"":false}",sid_set,unknown,unknown,unknown
sid_set_05033f944fe0bd315f8b__matched_clean__fixed_q96__benchmark__jpeg_q30,sid_set_05033f944fe0bd315f8b,sid_set_05033f944fe0bd315f8b__matched_clean__fixed_q96,selection_val,ai_generated,5.084948539733887,0.9938488602638245,epoch_014,42,fixed_q96,jpeg,"{""cell_id"":""jpeg_q30"",""name"":""jpeg"",""output_format"":""JPEG"",""parameter"":30,""stochastic"":false}",sid_set,unknown,unknown,unknown
sid_set_05033f944fe0bd315f8b__matched_clean__fixed_q96__benchmark__blur_sigma_0.5,sid_set_05033f944fe0bd315f8b,sid_set_05033f944fe0bd315f8b__matched_clean__fixed_q96,selection_val,ai_generated,6.903689861297607,0.998996913433075,epoch_014,42,fixed_q96,blur,"{""cell_id"":""blur_sigma_0.5"",""name"":""blur"",""output_format"":""PNG"",""parameter"":0.5,""stochastic"":false}",sid_set,unknown,unknown,unknown
sid_set_05033f944fe0bd315f8b__matched_clean__fixed_q96__benchmark__blur_sigma_1.0,sid_set_05033f944fe0bd315f8b,sid_set_05033f944fe0bd315f8b__matched_clean__fixed_q96,selection_val,ai_generated,6.0100531578063965,0.9975520968437195,epoch_014,42,fixed_q96,blur,"{""cell_id"":""blur_sigma_1.0"",""name"":""blur"",""output_format"":""PNG"",""parameter"":1.0,""stochastic"":false}",sid_set,unknown,unknown,unknown
sid_set_05033f944fe0bd315f8b__matched_clean__fixed_q96__benchmark__blur_sigma_2.0,sid_set_05033f944fe0bd315f8b,sid_set_05033f944fe0bd315f8b__matched_clean__fixed_q96,selection_val,ai_generated,4.761142253875732,0.9915167093276978,epoch_014,42,fixed_q96,blur,"{""cell_id"":""blur_sigma_2.0"",""name"":""blur"",""output_format"":""PNG"",""parameter"":2.0,""stochastic"":false}",sid_set,unknown,unknown,unknown
sid_set_05033f944fe0bd315f8b__matched_clean__fixed_q96__benchmark__resize_scale_0.5,sid_set_05033f944fe0bd315f8b,sid_set_05033f944fe0bd315f8b__matched_clean__fixed_q96,selection_val,ai_generated,5.932924747467041,0.9973562955856323,epoch_014,42,fixed_q96,resize,"{""cell_id"":""resize_scale_0.5"",""name"":""resize"",""output_format"":""PNG"",""parameter"":0.5,""stochastic"":false}",sid_set,unknown,unknown,unknown
sid_set_05033f944fe0bd315f8b__matched_clean__fixed_q96__benchmark__resize_scale_0.25,sid_set_05033f944fe0bd315f8b,sid_set_05033f944fe0bd315f8b__matched_clean__fixed_q96,selection_val,ai_generated,4.158547878265381,0.9846103191375732,epoch_014,42,fixed_q96,resize,"{""cell_id"":""resize_scale_0.25"",""name"":""resize"",""output_format"":""PNG"",""parameter"":0.25,""stochastic"":false}",sid_set,unknown,unknown,unknown
sid_set_05033f944fe0bd315f8b__matched_clean__fixed_q96__benchmark__noise_sigma_0.02,sid_set_05033f944fe0bd315f8b,sid_set_05033f944fe0bd315f8b__matched_clean__fixed_q96,selection_val,ai_generated,5.6839399337768555,0.9966114163398743,epoch_014,42,fixed_q96,noise,"{""cell_id"":""noise_sigma_0.02"",""name"":""noise"",""output_format"":""PNG"",""parameter"":0.02,""stochastic"":true}",sid_set,unknown,unknown,unknown
sid_set_05033f944fe0bd315f8b__matched_clean__fixed_q96__benchmark__noise_sigma_0.05,sid_set_05033f944fe0bd315f8b,sid_set_05033f944fe0bd315f8b__matched_clean__fixed_q96,selection_val,ai_generated,4.075096607208252,0.9832932949066162,epoch_014,42,fixed_q96,noise,"{""cell_id"":""noise_sigma_0.05"",""name"":""noise"",""output_format"":""PNG"",""parameter"":0.05,""stochastic"":true}",sid_set,unknown,unknown,unknown
sid_set_05033f944fe0bd315f8b__matched_clean__fixed_q96__benchmark__noise_sigma_0.1,sid_set_05033f944fe0bd315f8b,sid_set_05033f944fe0bd315f8b__matched_clean__fixed_q96,selection_val,ai_generated,3.5385608673095703,0.9717652201652527,epoch_014,42,fixed_q96,noise,"{""cell_id"":""noise_sigma_0.1"",""name"":""noise"",""output_format"":""PNG"",""parameter"":0.1,""stochastic"":true}",sid_set,unknown,unknown,unknown
sid_set_05033f944fe0bd315f8b__matched_clean__fixed_q96__benchmark__color_jitter_0.2,sid_set_05033f944fe0bd315f8b,sid_set_05033f944fe0bd315f8b__matched_clean__fixed_q96,selection_val,ai_generated,7.2343268394470215,0.9992792010307312,epoch_014,42,fixed_q96,color_jitter,"{""cell_id"":""color_jitter_0.2"",""name"":""color_jitter"",""output_format"":""PNG"",""parameter"":0.2,""stochastic"":true}",sid_set,unknown,unknown,unknown
sid_set_05033f944fe0bd315f8b__matched_clean__fixed_q96__benchmark__center_crop_0.8,sid_set_05033f944fe0bd315f8b,sid_set_05033f944fe0bd315f8b__matched_clean__fixed_q96,selection_val,ai_generated,6.831136703491211,0.9989215135574341,epoch_014,42,fixed_q96,center_crop,"{""cell_id"":""center_crop_0.8"",""name"":""center_crop"",""output_format"":""PNG"",""parameter"":0.8,""stochastic"":false}",sid_set,unknown,unknown,unknown
sid_set_0558f319e93163ec18a4__matched_clean__fixed_q96__benchmark__jpeg_q90,sid_set_0558f319e93163ec18a4,sid_set_0558f319e93163ec18a4__matched_clean__fixed_q96,selection_val,authentic,-4.814325332641602,0.008047407492995262,epoch_014,42,fixed_q96,jpeg,"{""cell_id"":""jpeg_q90"",""name"":""jpeg"",""output_format"":""JPEG"",""parameter"":90,""stochastic"":false}",sid_set,unknown,unknown,unknown
sid_set_0558f319e93163ec18a4__matched_clean__fixed_q96__benchmark__jpeg_q70,sid_set_0558f319e93163ec18a4,sid_set_0558f319e93163ec18a4__matched_clean__fixed_q96,selection_val,authentic,-4.344448566436768,0.012812376022338867,epoch_014,42,fixed_q96,jpeg,"{""cell_id"":""jpeg_q70"",""name"":""jpeg"",""output_format"":""JPEG"",""parameter"":70,""stochastic"":false}",sid_set,unknown,unknown,unknown
sid_set_0558f319e93163ec18a4__matched_clean__fixed_q96__benchmark__jpeg_q50,sid_set_0558f319e93163ec18a4,sid_set_0558f319e93163ec18a4__matched_clean__fixed_q96,selection_val,authentic,-4.155072212219238,0.015442448668181896,epoch_014,42,fixed_q96,jpeg,"{""cell_id"":""jpeg_q50"",""name"":""jpeg"",""output_format"":""JPEG"",""parameter"":50,""stochastic"":false}",sid_set,unknown,unknown,unknown
sid_set_0558f319e93163ec18a4__matched_clean__fixed_q96__benchmark__jpeg_q30,sid_set_0558f319e93163ec18a4,sid_set_0558f319e93163ec18a4__matched_clean__fixed_q96,selection_val,authentic,-3.593691825866699,0.026760799810290337,epoch_014,42,fixed_q96,jpeg,"{""cell_id"":""jpeg_q30"",""name"":""jpeg"",""output_format"":""JPEG"",""parameter"":30,""stochastic"":false}",sid_set,unknown,unknown,unknown
sid_set_0558f319e93163ec18a4__matched_clean__fixed_q96__benchmark__blur_sigma_0.5,sid_set_0558f319e93163ec18a4,sid_set_0558f319e93163ec18a4__matched_clean__fixed_q96,selection_val,authentic,-5.56333065032959,0.0038213201332837343,epoch_014,42,fixed_q96,blur,"{""cell_id"":""blur_sigma_0.5"",""name"":""blur"",""output_format"":""PNG"",""parameter"":0.5,""stochastic"":false}",sid_set,unknown,unknown,unknown
sid_set_0558f319e93163ec18a4__matched_clean__fixed_q96__benchmark__blur_sigma_1.0,sid_set_0558f319e93163ec18a4,sid_set_0558f319e93163ec18a4__matched_clean__fixed_q96,selection_val,authentic,-4.014532089233398,0.017731323838233948,epoch_014,42,fixed_q96,blur,"{""cell_id"":""blur_sigma_1.0"",""name"":""blur"",""output_format"":""PNG"",""parameter"":1.0,""stochastic"":false}",sid_set,unknown,unknown,unknown
sid_set_0558f319e93163ec18a4__matched_clean__fixed_q96__benchmark__blur_sigma_2.0,sid_set_0558f319e93163ec18a4,sid_set_0558f319e93163ec18a4__matched_clean__fixed_q96,selection_val,authentic,-2.5441269874572754,0.07282203435897827,epoch_014,42,fixed_q96,blur,"{""cell_id"":""blur_sigma_2.0"",""name"":""blur"",""output_format"":""PNG"",""parameter"":2.0,""stochastic"":false}",sid_set,unknown,unknown,unknown
sid_set_0558f319e93163ec18a4__matched_clean__fixed_q96__benchmark__resize_scale_0.5,sid_set_0558f319e93163ec18a4,sid_set_0558f319e93163ec18a4__matched_clean__fixed_q96,selection_val,authentic,-3.2779786586761475,0.03633442521095276,epoch_014,42,fixed_q96,resize,"{""cell_id"":""resize_scale_0.5"",""name"":""resize"",""output_format"":""PNG"",""parameter"":0.5,""stochastic"":false}",sid_set,unknown,unknown,unknown
sid_set_0558f319e93163ec18a4__matched_clean__fixed_q96__benchmark__resize_scale_0.25,sid_set_0558f319e93163ec18a4,sid_set_0558f319e93163ec18a4__matched_clean__fixed_q96,selection_val,authentic,-3.231265068054199,0.03800596669316292,epoch_014,42,fixed_q96,resize,"{""cell_id"":""resize_scale_0.25"",""name"":""resize"",""output_format"":""PNG"",""parameter"":0.25,""stochastic"":false}",sid_set,unknown,unknown,unknown
sid_set_0558f319e93163ec18a4__matched_clean__fixed_q96__benchmark__noise_sigma_0.02,sid_set_0558f319e93163ec18a4,sid_set_0558f319e93163ec18a4__matched_clean__fixed_q96,selection_val,authentic,-3.0243232250213623,0.04633904621005058,epoch_014,42,fixed_q96,noise,"{""cell_id"":""noise_sigma_0.02"",""name"":""noise"",""output_format"":""PNG"",""parameter"":0.02,""stochastic"":true}",sid_set,unknown,unknown,unknown
sid_set_0558f319e93163ec18a4__matched_clean__fixed_q96__benchmark__noise_sigma_0.05,sid_set_0558f319e93163ec18a4,sid_set_0558f319e93163ec18a4__matched_clean__fixed_q96,selection_val,authentic,-2.7734713554382324,0.058774683624506,epoch_014,42,fixed_q96,noise,"{""cell_id"":""noise_sigma_0.05"",""name"":""noise"",""output_format"":""PNG"",""parameter"":0.05,""stochastic"":true}",sid_set,unknown,unknown,unknown
sid_set_0558f319e93163ec18a4__matched_clean__fixed_q96__benchmark__noise_sigma_0.1,sid_set_0558f319e93163ec18a4,sid_set_0558f319e93163ec18a4__matched_clean__fixed_q96,selection_val,authentic,-2.2781710624694824,0.09294703602790833,epoch_014,42,fixed_q96,noise,"{""cell_id"":""noise_sigma_0.1"",""name"":""noise"",""output_format"":""PNG"",""parameter"":0.1,""stochastic"":true}",sid_set,unknown,unknown,unknown
sid_set_0558f319e93163ec18a4__matched_clean__fixed_q96__benchmark__color_jitter_0.2,sid_set_0558f319e93163ec18a4,sid_set_0558f319e93163ec18a4__matched_clean__fixed_q96,selection_val,authentic,-5.163600444793701,0.005688520148396492,epoch_014,42,fixed_q96,color_jitter,"{""cell_id"":""color_jitter_0.2"",""name"":""color_jitter"",""output_format"":""PNG"",""parameter"":0.2,""stochastic"":true}",sid_set,unknown,unknown,unknown
sid_set_0558f319e93163ec18a4__matched_clean__fixed_q96__benchmark__center_crop_0.8,sid_set_0558f319e93163ec18a4,sid_set_0558f319e93163ec18a4__matched_clean__fixed_q96,selection_val,authentic,-4.973580360412598,0.006870798766613007,epoch_014,42,fixed_q96,center_crop,"{""cell_id"":""center_crop_0.8"",""name"":""center_crop"",""output_format"":""PNG"",""parameter"":0.8,""stochastic"":false}",sid_set,unknown,unknown,unknown
sid_set_0559277ab884af3f7826__matched_clean__fixed_q96__benchmark__jpeg_q90,sid_set_0559277ab884af3f7826,sid_set_0559277ab884af3f7826__matched_clean__fixed_q96,selection_val,authentic,-5.109086036682129,0.006005320232361555,epoch_014,42,fixed_q96,jpeg,"{""cell_id"":""jpeg_q90"",""name"":""jpeg"",""output_format"":""JPEG"",""parameter"":90,""stochastic"":false}",sid_set,unknown,unknown,unknown
sid_set_0559277ab884af3f7826__matched_clean__fixed_q96__benchmark__jpeg_q70,sid_set_0559277ab884af3f7826,sid_set_0559277ab884af3f7826__matched_clean__fixed_q96,selection_val,authentic,-4.571162700653076,0.010239982046186924,epoch_014,42,fixed_q96,jpeg,"{""cell_id"":""jpeg_q70"",""name"":""jpeg"",""output_format"":""JPEG"",""parameter"":70,""stochastic"":false}",sid_set,unknown,unknown,unknown
sid_set_0559277ab884af3f7826__matched_clean__fixed_q96__benchmark__jpeg_q50,sid_set_0559277ab884af3f7826,sid_set_0559277ab884af3f7826__matched_clean__fixed_q96,selection_val,authentic,-4.403902530670166,0.012081766501069069,epoch_014,42,fixed_q96,jpeg,"{""cell_id"":""jpeg_q50"",""name"":""jpeg"",""output_format"":""JPEG"",""parameter"":50,""stochastic"":false}",sid_set,unknown,unknown,unknown
sid_set_0559277ab884af3f7826__matched_clean__fixed_q96__benchmark__jpeg_q30,sid_set_0559277ab884af3f7826,sid_set_0559277ab884af3f7826__matched_clean__fixed_q96,selection_val,authentic,-4.023972034454346,0.017567655071616173,epoch_014,42,fixed_q96,jpeg,"{""cell_id"":""jpeg_q30"",""name"":""jpeg"",""output_format"":""JPEG"",""parameter"":30,""stochastic"":false}",sid_set,unknown,unknown,unknown
sid_set_0559277ab884af3f7826__matched_clean__fixed_q96__benchmark__blur_sigma_0.5,sid_set_0559277ab884af3f7826,sid_set_0559277ab884af3f7826__matched_clean__fixed_q96,selection_val,authentic,-5.785995960235596,0.0030608533415943384,epoch_014,42,fixed_q96,blur,"{""cell_id"":""blur_sigma_0.5"",""name"":""blur"",""output_format"":""PNG"",""parameter"":0.5,""stochastic"":false}",sid_set,unknown,unknown,unknown
sid_set_0559277ab884af3f7826__matched_clean__fixed_q96__benchmark__blur_sigma_1.0,sid_set_0559277ab884af3f7826,sid_set_0559277ab884af3f7826__matched_clean__fixed_q96,selection_val,authentic,-5.413792610168457,0.004434956703335047,epoch_014,42,fixed_q96,blur,"{""cell_id"":""blur_sigma_1.0"",""name"":""blur"",""output_format"":""PNG"",""parameter"":1.0,""stochastic"":false}",sid_set,unknown,unknown,unknown
sid_set_0559277ab884af3f7826__matched_clean__fixed_q96__benchmark__blur_sigma_2.0,sid_set_0559277ab884af3f7826,sid_set_0559277ab884af3f7826__matched_clean__fixed_q96,selection_val,authentic,-4.852118968963623,0.007751255761831999,epoch_014,42,fixed_q96,blur,"{""cell_id"":""blur_sigma_2.0"",""name"":""blur"",""output_format"":""PNG"",""parameter"":2.0,""stochastic"":false}",sid_set,unknown,unknown,unknown
sid_set_0559277ab884af3f7826__matched_clean__fixed_q96__benchmark__resize_scale_0.5,sid_set_0559277ab884af3f7826,sid_set_0559277ab884af3f7826__matched_clean__fixed_q96,selection_val,authentic,-5.013980865478516,0.006600543856620789,epoch_014,42,fixed_q96,resize,"{""cell_id"":""resize_scale_0.5"",""name"":""resize"",""output_format"":""PNG"",""parameter"":0.5,""stochastic"":false}",sid_set,unknown,unknown,unknown
sid_set_0559277ab884af3f7826__matched_clean__fixed_q96__benchmark__resize_scale_0.25,sid_set_0559277ab884af3f7826,sid_set_0559277ab884af3f7826__matched_clean__fixed_q96,selection_val,authentic,-5.910238742828369,0.0027042068541049957,epoch_014,42,fixed_q96,resize,"{""cell_id"":""resize_scale_0.25"",""name"":""resize"",""output_format"":""PNG"",""parameter"":0.25,""stochastic"":false}",sid_set,unknown,unknown,unknown
sid_set_0559277ab884af3f7826__matched_clean__fixed_q96__benchmark__noise_sigma_0.02,sid_set_0559277ab884af3f7826,sid_set_0559277ab884af3f7826__matched_clean__fixed_q96,selection_val,authentic,-3.7065117359161377,0.02397417649626732,epoch_014,42,fixed_q96,noise,"{""cell_id"":""noise_sigma_0.02"",""name"":""noise"",""output_format"":""PNG"",""parameter"":0.02,""stochastic"":true}",sid_set,unknown,unknown,unknown
sid_set_0559277ab884af3f7826__matched_clean__fixed_q96__benchmark__noise_sigma_0.05,sid_set_0559277ab884af3f7826,sid_set_0559277ab884af3f7826__matched_clean__fixed_q96,selection_val,authentic,-4.376906871795654,0.012408261187374592,epoch_014,42,fixed_q96,noise,"{""cell_id"":""noise_sigma_0.05"",""name"":""noise"",""output_format"":""PNG"",""parameter"":0.05,""stochastic"":true}",sid_set,unknown,unknown,unknown
sid_set_0559277ab884af3f7826__matched_clean__fixed_q96__benchmark__noise_sigma_0.1,sid_set_0559277ab884af3f7826,sid_set_0559277ab884af3f7826__matched_clean__fixed_q96,selection_val,authentic,-3.301443576812744,0.035521700978279114,epoch_014,42,fixed_q96,noise,"{""cell_id"":""noise_sigma_0.1"",""name"":""noise"",""output_format"":""PNG"",""parameter"":0.1,""stochastic"":true}",sid_set,unknown,unknown,unknown
sid_set_0559277ab884af3f7826__matched_clean__fixed_q96__benchmark__color_jitter_0.2,sid_set_0559277ab884af3f7826,sid_set_0559277ab884af3f7826__matched_clean__fixed_q96,selection_val,authentic,-6.6588616371154785,0.0012809626059606671,epoch_014,42,fixed_q96,color_jitter,"{""cell_id"":""color_jitter_0.2"",""name"":""color_jitter"",""output_format"":""PNG"",""parameter"":0.2,""stochastic"":true}",sid_set,unknown,unknown,unknown
sid_set_0559277ab884af3f7826__matched_clean__fixed_q96__benchmark__center_crop_0.8,sid_set_0559277ab884af3f7826,sid_set_0559277ab884af3f7826__matched_clean__fixed_q96,selection_val,authentic,-5.317627906799316,0.004880438093096018,epoch_014,42,fixed_q96,center_crop,"{""cell_id"":""center_crop_0.8"",""name"":""center_crop"",""output_format"":""PNG"",""parameter"":0.8,""stochastic"":false}",sid_set,unknown,unknown,unknown
sid_set_05855c296e928232b4d3__matched_clean__fixed_q96__benchmark__jpeg_q90,sid_set_05855c296e928232b4d3,sid_set_05855c296e928232b4d3__matched_clean__fixed_q96,selection_val,authentic,-7.732524394989014,0.00043814413947984576,epoch_014,42,fixed_q96,jpeg,"{""cell_id"":""jpeg_q90"",""name"":""jpeg"",""output_format"":""JPEG"",""parameter"":90,""stochastic"":false}",sid_set,unknown,unknown,unknown
sid_set_05855c296e928232b4d3__matched_clean__fixed_q96__benchmark__jpeg_q70,sid_set_05855c296e928232b4d3,sid_set_05855c296e928232b4d3__matched_clean__fixed_q96,selection_val,authentic,-6.955394268035889,0.0009525696514174342,epoch_014,42,fixed_q96,jpeg,"{""cell_id"":""jpeg_q70"",""name"":""jpeg"",""output_format"":""JPEG"",""parameter"":70,""stochastic"":false}",sid_set,unknown,unknown,unknown
sid_set_05855c296e928232b4d3__matched_clean__fixed_q96__benchmark__jpeg_q50,sid_set_05855c296e928232b4d3,sid_set_05855c296e928232b4d3__matched_clean__fixed_q96,selection_val,authentic,-6.296328544616699,0.0018396683735772967,epoch_014,42,fixed_q96,jpeg,"{""cell_id"":""jpeg_q50"",""name"":""jpeg"",""output_format"":""JPEG"",""parameter"":50,""stochastic"":false}",sid_set,unknown,unknown,unknown
sid_set_05855c296e928232b4d3__matched_clean__fixed_q96__benchmark__jpeg_q30,sid_set_05855c296e928232b4d3,sid_set_05855c296e928232b4d3__matched_clean__fixed_q96,selection_val,authentic,-5.586025238037109,0.0037358938716351986,epoch_014,42,fixed_q96,jpeg,"{""cell_id"":""jpeg_q30"",""name"":""jpeg"",""output_format"":""JPEG"",""parameter"":30,""stochastic"":false}",sid_set,unknown,unknown,unknown
sid_set_05855c296e928232b4d3__matched_clean__fixed_q96__benchmark__blur_sigma_0.5,sid_set_05855c296e928232b4d3,sid_set_05855c296e928232b4d3__matched_clean__fixed_q96,selection_val,authentic,-8.300146102905273,0.0002484188007656485,epoch_014,42,fixed_q96,blur,"{""cell_id"":""blur_sigma_0.5"",""name"":""blur"",""output_format"":""PNG"",""parameter"":0.5,""stochastic"":false}",sid_set,unknown,unknown,unknown
sid_set_05855c296e928232b4d3__matched_clean__fixed_q96__benchmark__blur_sigma_1.0,sid_set_05855c296e928232b4d3,sid_set_05855c296e928232b4d3__matched_clean__fixed_q96,selection_val,authentic,-6.736060619354248,0.0011859071673825383,epoch_014,42,fixed_q96,blur,"{""cell_id"":""blur_sigma_1.0"",""name"":""blur"",""output_format"":""PNG"",""parameter"":1.0,""stochastic"":false}",sid_set,unknown,unknown,unknown
sid_set_05855c296e928232b4d3__matched_clean__fixed_q96__benchmark__blur_sigma_2.0,sid_set_05855c296e928232b4d3,sid_set_05855c296e928232b4d3__matched_clean__fixed_q96,selection_val,authentic,-4.503012657165527,0.010954255238175392,epoch_014,42,fixed_q96,blur,"{""cell_id"":""blur_sigma_2.0"",""name"":""blur"",""output_format"":""PNG"",""parameter"":2.0,""stochastic"":false}",sid_set,unknown,unknown,unknown
sid_set_05855c296e928232b4d3__matched_clean__fixed_q96__benchmark__resize_scale_0.5,sid_set_05855c296e928232b4d3,sid_set_05855c296e928232b4d3__matched_clean__fixed_q96,selection_val,authentic,-5.255756855010986,0.005190315656363964,epoch_014,42,fixed_q96,resize,"{""cell_id"":""resize_scale_0.5"",""name"":""resize"",""output_format"":""PNG"",""parameter"":0.5,""stochastic"":false}",sid_set,unknown,unknown,unknown
sid_set_05855c296e928232b4d3__matched_clean__fixed_q96__benchmark__resize_scale_0.25,sid_set_05855c296e928232b4d3,sid_set_05855c296e928232b4d3__matched_clean__fixed_q96,selection_val,authentic,-4.5098185539245605,0.010880762711167336,epoch_014,42,fixed_q96,resize,"{""cell_id"":""resize_scale_0.25"",""name"":""resize"",""output_format"":""PNG"",""parameter"":0.25,""stochastic"":false}",sid_set,unknown,unknown,unknown
sid_set_05855c296e928232b4d3__matched_clean__fixed_q96__benchmark__noise_sigma_0.02,sid_set_05855c296e928232b4d3,sid_set_05855c296e928232b4d3__matched_clean__fixed_q96,selection_val,authentic,-4.806172847747803,0.008112747222185135,epoch_014,42,fixed_q96,noise,"{""cell_id"":""noise_sigma_0.02"",""name"":""noise"",""output_format"":""PNG"",""parameter"":0.02,""stochastic"":true}",sid_set,unknown,unknown,unknown
sid_set_05855c296e928232b4d3__matched_clean__fixed_q96__benchmark__noise_sigma_0.05,sid_set_05855c296e928232b4d3,sid_set_05855c296e928232b4d3__matched_clean__fixed_q96,selection_val,authentic,-4.204380035400391,0.014710413292050362,epoch_014,42,fixed_q96,noise,"{""cell_id"":""noise_sigma_0.05"",""name"":""noise"",""output_format"":""PNG"",""parameter"":0.05,""stochastic"":true}",sid_set,unknown,unknown,unknown
sid_set_05855c296e928232b4d3__matched_clean__fixed_q96__benchmark__noise_sigma_0.1,sid_set_05855c296e928232b4d3,sid_set_05855c296e928232b4d3__matched_clean__fixed_q96,selection_val,authentic,-2.2077503204345703,0.0990566611289978,epoch_014,42,fixed_q96,noise,"{""cell_id"":""noise_sigma_0.1"",""name"":""noise"",""output_format"":""PNG"",""parameter"":0.1,""stochastic"":true}",sid_set,unknown,unknown,unknown
sid_set_05855c296e928232b4d3__matched_clean__fixed_q96__benchmark__color_jitter_0.2,sid_set_05855c296e928232b4d3,sid_set_05855c296e928232b4d3__matched_clean__fixed_q96,selection_val,authentic,-6.534782886505127,0.0014499388635158539,epoch_014,42,fixed_q96,color_jitter,"{""cell_id"":""color_jitter_0.2"",""name"":""color_jitter"",""output_format"":""PNG"",""parameter"":0.2,""stochastic"":true}",sid_set,unknown,unknown,unknown
sid_set_05855c296e928232b4d3__matched_clean__fixed_q96__benchmark__center_crop_0.8,sid_set_05855c296e928232b4d3,sid_set_05855c296e928232b4d3__matched_clean__fixed_q96,selection_val,authentic,-6.999072551727295,0.0009118957677856088,epoch_014,42,fixed_q96,center_crop,"{""cell_id"":""center_crop_0.8"",""name"":""center_crop"",""output_format"":""PNG"",""parameter"":0.8,""stochastic"":false}",sid_set,unknown,unknown,unknown
sid_set_05a0b1c8a3304d413288__matched_clean__fixed_q96__benchmark__jpeg_q90,sid_set_05a0b1c8a3304d413288,sid_set_05a0b1c8a3304d413288__matched_clean__fixed_q96,selection_val,authentic,-7.096471309661865,0.0008273365092463791,epoch_014,42,fixed_q96,jpeg,"{""cell_id"":""jpeg_q90"",""name"":""jpeg"",""output_format"":""JPEG"",""parameter"":90,""stochastic"":false}",sid_set,unknown,unknown,unknown
sid_set_05a0b1c8a3304d413288__matched_clean__fixed_q96__benchmark__jpeg_q70,sid_set_05a0b1c8a3304d413288,sid_set_05a0b1c8a3304d413288__matched_clean__fixed_q96,selection_val,authentic,-6.774116039276123,0.00114167551510036,epoch_014,42,fixed_q96,jpeg,"{""cell_id"":""jpeg_q70"",""name"":""jpeg"",""output_format"":""JPEG"",""parameter"":70,""stochastic"":false}",sid_set,unknown,unknown,unknown
sid_set_05a0b1c8a3304d413288__matched_clean__fixed_q96__benchmark__jpeg_q50,sid_set_05a0b1c8a3304d413288,sid_set_05a0b1c8a3304d413288__matched_clean__fixed_q96,selection_val,authentic,-4.961790561676025,0.00695171719416976,epoch_014,42,fixed_q96,jpeg,"{""cell_id"":""jpeg_q50"",""name"":""jpeg"",""output_format"":""JPEG"",""parameter"":50,""stochastic"":false}",sid_set,unknown,unknown,unknown
sid_set_05a0b1c8a3304d413288__matched_clean__fixed_q96__benchmark__jpeg_q30,sid_set_05a0b1c8a3304d413288,sid_set_05a0b1c8a3304d413288__matched_clean__fixed_q96,selection_val,authentic,-5.387714385986328,0.004551600199192762,epoch_014,42,fixed_q96,jpeg,"{""cell_id"":""jpeg_q30"",""name"":""jpeg"",""output_format"":""JPEG"",""parameter"":30,""stochastic"":false}",sid_set,unknown,unknown,unknown
sid_set_05a0b1c8a3304d413288__matched_clean__fixed_q96__benchmark__blur_sigma_0.5,sid_set_05a0b1c8a3304d413288,sid_set_05a0b1c8a3304d413288__matched_clean__fixed_q96,selection_val,authentic,-8.433459281921387,0.0002174206165364012,epoch_014,42,fixed_q96,blur,"{""cell_id"":""blur_sigma_0.5"",""name"":""blur"",""output_format"":""PNG"",""parameter"":0.5,""stochastic"":false}",sid_set,unknown,unknown,unknown
sid_set_05a0b1c8a3304d413288__matched_clean__fixed_q96__benchmark__blur_sigma_1.0,sid_set_05a0b1c8a3304d413288,sid_set_05a0b1c8a3304d413288__matched_clean__fixed_q96,selection_val,authentic,-7.462193489074707,0.0005740651395171881,epoch_014,42,fixed_q96,blur,"{""cell_id"":""blur_sigma_1.0"",""name"":""blur"",""output_format"":""PNG"",""parameter"":1.0,""stochastic"":false}",sid_set,unknown,unknown,unknown
sid_set_05a0b1c8a3304d413288__matched_clean__fixed_q96__benchmark__blur_sigma_2.0,sid_set_05a0b1c8a3304d413288,sid_set_05a0b1c8a3304d413288__matched_clean__fixed_q96,selection_val,authentic,-6.607407569885254,0.0013485073577612638,epoch_014,42,fixed_q96,blur,"{""cell_id"":""blur_sigma_2.0"",""name"":""blur"",""output_format"":""PNG"",""parameter"":2.0,""stochastic"":false}",sid_set,unknown,unknown,unknown
sid_set_05a0b1c8a3304d413288__matched_clean__fixed_q96__benchmark__resize_scale_0.5,sid_set_05a0b1c8a3304d413288,sid_set_05a0b1c8a3304d413288__matched_clean__fixed_q96,selection_val,authentic,-5.989150524139404,0.0024995284620672464,epoch_014,42,fixed_q96,resize,"{""cell_id"":""resize_scale_0.5"",""name"":""resize"",""output_format"":""PNG"",""parameter"":0.5,""stochastic"":false}",sid_set,unknown,unknown,unknown
sid_set_05a0b1c8a3304d413288__matched_clean__fixed_q96__benchmark__resize_scale_0.25,sid_set_05a0b1c8a3304d413288,sid_set_05a0b1c8a3304d413288__matched_clean__fixed_q96,selection_val,authentic,-6.3202738761901855,0.0017962184501811862,epoch_014,42,fixed_q96,resize,"{""cell_id"":""resize_scale_0.25"",""name"":""resize"",""output_format"":""PNG"",""parameter"":0.25,""stochastic"":false}",sid_set,unknown,unknown,unknown
sid_set_05a0b1c8a3304d413288__matched_clean__fixed_q96__benchmark__noise_sigma_0.02,sid_set_05a0b1c8a3304d413288,sid_set_05a0b1c8a3304d413288__matched_clean__fixed_q96,selection_val,authentic,-6.6981987953186035,0.0012316122883930802,epoch_014,42,fixed_q96,noise,"{""cell_id"":""noise_sigma_0.02"",""name"":""noise"",""output_format"":""PNG"",""parameter"":0.02,""stochastic"":true}",sid_set,unknown,unknown,unknown
sid_set_05a0b1c8a3304d413288__matched_clean__fixed_q96__benchmark__noise_sigma_0.05,sid_set_05a0b1c8a3304d413288,sid_set_05a0b1c8a3304d413288__matched_clean__fixed_q96,selection_val,authentic,-5.521751880645752,0.003982909489423037,epoch_014,42,fixed_q96,noise,"{""cell_id"":""noise_sigma_0.05"",""name"":""noise"",""output_format"":""PNG"",""parameter"":0.05,""stochastic"":true}",sid_set,unknown,unknown,unknown
sid_set_05a0b1c8a3304d413288__matched_clean__fixed_q96__benchmark__noise_sigma_0.1,sid_set_05a0b1c8a3304d413288,sid_set_05a0b1c8a3304d413288__matched_clean__fixed_q96,selection_val,authentic,-4.547524929046631,0.010482347570359707,epoch_014,42,fixed_q96,noise,"{""cell_id"":""noise_sigma_0.1"",""name"":""noise"",""output_format"":""PNG"",""parameter"":0.1,""stochastic"":true}",sid_set,unknown,unknown,unknown
sid_set_05a0b1c8a3304d413288__matched_clean__fixed_q96__benchmark__color_jitter_0.2,sid_set_05a0b1c8a3304d413288,sid_set_05a0b1c8a3304d413288__matched_clean__fixed_q96,selection_val,authentic,-6.63505220413208,0.001311787054874003,epoch_014,42,fixed_q96,color_jitter,"{""cell_id"":""color_jitter_0.2"",""name"":""color_jitter"",""output_format"":""PNG"",""parameter"":0.2,""stochastic"":true}",sid_set,unknown,unknown,unknown
sid_set_05a0b1c8a3304d413288__matched_clean__fixed_q96__benchmark__center_crop_0.8,sid_set_05a0b1c8a3304d413288,sid_set_05a0b1c8a3304d413288__matched_clean__fixed_q96,selection_val,authentic,-7.320662975311279,0.0006612857687287033,epoch_014,42,fixed_q96,center_crop,"{""cell_id"":""center_crop_0.8"",""name"":""center_crop"",""output_format"":""PNG"",""parameter"":0.8,""stochastic"":false}",sid_set,unknown,unknown,unknown
sid_set_05ab9720c68b7474a1fc__matched_clean__fixed_q96__benchmark__jpeg_q90,sid_set_05ab9720c68b7474a1fc,sid_set_05ab9720c68b7474a1fc__matched_clean__fixed_q96,selection_val,ai_generated,9.774673461914062,0.9999431371688843,epoch_014,42,fixed_q96,jpeg,"{""cell_id"":""jpeg_q90"",""name"":""jpeg"",""output_format"":""JPEG"",""parameter"":90,""stochastic"":false}",sid_set,unknown,unknown,unknown
sid_set_05ab9720c68b7474a1fc__matched_clean__fixed_q96__benchmark__jpeg_q70,sid_set_05ab9720c68b7474a1fc,sid_set_05ab9720c68b7474a1fc__matched_clean__fixed_q96,selection_val,ai_generated,9.551314353942871,0.9999289512634277,epoch_014,42,fixed_q96,jpeg,"{""cell_id"":""jpeg_q70"",""name"":""jpeg"",""output_format"":""JPEG"",""parameter"":70,""stochastic"":false}",sid_set,unknown,unknown,unknown
sid_set_05ab9720c68b7474a1fc__matched_clean__fixed_q96__benchmark__jpeg_q50,sid_set_05ab9720c68b7474a1fc,sid_set_05ab9720c68b7474a1fc__matched_clean__fixed_q96,selection_val,ai_generated,9.309728622436523,0.999909520149231,epoch_014,42,fixed_q96,jpeg,"{""cell_id"":""jpeg_q50"",""name"":""jpeg"",""output_format"":""JPEG"",""parameter"":50,""stochastic"":false}",sid_set,unknown,unknown,unknown
sid_set_05ab9720c68b7474a1fc__matched_clean__fixed_q96__benchmark__jpeg_q30,sid_set_05ab9720c68b7474a1fc,sid_set_05ab9720c68b7474a1fc__matched_clean__fixed_q96,selection_val,ai_generated,7.856363773345947,0.9996128678321838,epoch_014,42,fixed_q96,jpeg,"{""cell_id"":""jpeg_q30"",""name"":""jpeg"",""output_format"":""JPEG"",""parameter"":30,""stochastic"":false}",sid_set,unknown,unknown,unknown
sid_set_05ab9720c68b7474a1fc__matched_clean__fixed_q96__benchmark__blur_sigma_0.5,sid_set_05ab9720c68b7474a1fc,sid_set_05ab9720c68b7474a1fc__matched_clean__fixed_q96,selection_val,ai_generated,9.58256721496582,0.9999310970306396,epoch_014,42,fixed_q96,blur,"{""cell_id"":""blur_sigma_0.5"",""name"":""blur"",""output_format"":""PNG"",""parameter"":0.5,""stochastic"":false}",sid_set,unknown,unknown,unknown
sid_set_05ab9720c68b7474a1fc__matched_clean__fixed_q96__benchmark__blur_sigma_1.0,sid_set_05ab9720c68b7474a1fc,sid_set_05ab9720c68b7474a1fc__matched_clean__fixed_q96,selection_val,ai_generated,9.024572372436523,0.9998795986175537,epoch_014,42,fixed_q96,blur,"{""cell_id"":""blur_sigma_1.0"",""name"":""blur"",""output_format"":""PNG"",""parameter"":1.0,""stochastic"":false}",sid_set,unknown,unknown,unknown
sid_set_05ab9720c68b7474a1fc__matched_clean__fixed_q96__benchmark__blur_sigma_2.0,sid_set_05ab9720c68b7474a1fc,sid_set_05ab9720c68b7474a1fc__matched_clean__fixed_q96,selection_val,ai_generated,6.557312488555908,0.9985823631286621,epoch_014,42,fixed_q96,blur,"{""cell_id"":""blur_sigma_2.0"",""name"":""blur"",""output_format"":""PNG"",""parameter"":2.0,""stochastic"":false}",sid_set,unknown,unknown,unknown
sid_set_05ab9720c68b7474a1fc__matched_clean__fixed_q96__benchmark__resize_scale_0.5,sid_set_05ab9720c68b7474a1fc,sid_set_05ab9720c68b7474a1fc__matched_clean__fixed_q96,selection_val,ai_generated,8.932577133178711,0.9998680353164673,epoch_014,42,fixed_q96,resize,"{""cell_id"":""resize_scale_0.5"",""name"":""resize"",""output_format"":""PNG"",""parameter"":0.5,""stochastic"":false}",sid_set,unknown,unknown,unknown
sid_set_05ab9720c68b7474a1fc__matched_clean__fixed_q96__benchmark__resize_scale_0.25,sid_set_05ab9720c68b7474a1fc,sid_set_05ab9720c68b7474a1fc__matched_clean__fixed_q96,selection_val,ai_generated,5.909663677215576,0.9972942471504211,epoch_014,42,fixed_q96,resize,"{""cell_id"":""resize_scale_0.25"",""name"":""resize"",""output_format"":""PNG"",""parameter"":0.25,""stochastic"":false}",sid_set,unknown,unknown,unknown
sid_set_05ab9720c68b7474a1fc__matched_clean__fixed_q96__benchmark__noise_sigma_0.02,sid_set_05ab9720c68b7474a1fc,sid_set_05ab9720c68b7474a1fc__matched_clean__fixed_q96,selection_val,ai_generated,8.912384033203125,0.9998652935028076,epoch_014,42,fixed_q96,noise,"{""cell_id"":""noise_sigma_0.02"",""name"":""noise"",""output_format"":""PNG"",""parameter"":0.02,""stochastic"":true}",sid_set,unknown,unknown,unknown
sid_set_05ab9720c68b7474a1fc__matched_clean__fixed_q96__benchmark__noise_sigma_0.05,sid_set_05ab9720c68b7474a1fc,sid_set_05ab9720c68b7474a1fc__matched_clean__fixed_q96,selection_val,ai_generated,8.081990242004395,0.9996910095214844,epoch_014,42,fixed_q96,noise,"{""cell_id"":""noise_sigma_0.05"",""name"":""noise"",""output_format"":""PNG"",""parameter"":0.05,""stochastic"":true}",sid_set,unknown,unknown,unknown
sid_set_05ab9720c68b7474a1fc__matched_clean__fixed_q96__benchmark__noise_sigma_0.1,sid_set_05ab9720c68b7474a1fc,sid_set_05ab9720c68b7474a1fc__matched_clean__fixed_q96,selection_val,ai_generated,6.9962592124938965,0.999085545539856,epoch_014,42,fixed_q96,noise,"{""cell_id"":""noise_sigma_0.1"",""name"":""noise"",""output_format"":""PNG"",""parameter"":0.1,""stochastic"":true}",sid_set,unknown,unknown,unknown
sid_set_05ab9720c68b7474a1fc__matched_clean__fixed_q96__benchmark__color_jitter_0.2,sid_set_05ab9720c68b7474a1fc,sid_set_05ab9720c68b7474a1fc__matched_clean__fixed_q96,selection_val,ai_generated,8.928583145141602,0.9998674392700195,epoch_014,42,fixed_q96,color_jitter,"{""cell_id"":""color_jitter_0.2"",""name"":""color_jitter"",""output_format"":""PNG"",""parameter"":0.2,""stochastic"":true}",sid_set,unknown,unknown,unknown
sid_set_05ab9720c68b7474a1fc__matched_clean__fixed_q96__benchmark__center_crop_0.8,sid_set_05ab9720c68b7474a1fc,sid_set_05ab9720c68b7474a1fc__matched_clean__fixed_q96,selection_val,ai_generated,9.915374755859375,0.999950647354126,epoch_014,42,fixed_q96,center_crop,"{""cell_id"":""center_crop_0.8"",""name"":""center_crop"",""output_format"":""PNG"",""parameter"":0.8,""stochastic"":false}",sid_set,unknown,unknown,unknown
sid_set_05b7592580c7290b1ae1__matched_clean__fixed_q96__benchmark__jpeg_q90,sid_set_05b7592580c7290b1ae1,sid_set_05b7592580c7290b1ae1__matched_clean__fixed_q96,selection_val,ai_generated,2.031728744506836,0.884088397026062,epoch_014,42,fixed_q96,jpeg,"{""cell_id"":""jpeg_q90"",""name"":""jpeg"",""output_format"":""JPEG"",""parameter"":90,""stochastic"":false}",sid_set,unknown,unknown,unknown
sid_set_05b7592580c7290b1ae1__matched_clean__fixed_q96__benchmark__jpeg_q70,sid_set_05b7592580c7290b1ae1,sid_set_05b7592580c7290b1ae1__matched_clean__fixed_q96,selection_val,ai_generated,1.9521093368530273,0.8756764531135559,epoch_014,42,fixed_q96,jpeg,"{""cell_id"":""jpeg_q70"",""name"":""jpeg"",""output_format"":""JPEG"",""parameter"":70,""stochastic"":false}",sid_set,unknown,unknown,unknown
sid_set_05b7592580c7290b1ae1__matched_clean__fixed_q96__benchmark__jpeg_q50,sid_set_05b7592580c7290b1ae1,sid_set_05b7592580c7290b1ae1__matched_clean__fixed_q96,selection_val,ai_generated,1.7800238132476807,0.8556997776031494,epoch_014,42,fixed_q96,jpeg,"{""cell_id"":""jpeg_q50"",""name"":""jpeg"",""output_format"":""JPEG"",""parameter"":50,""stochastic"":false}",sid_set,unknown,unknown,unknown
sid_set_05b7592580c7290b1ae1__matched_clean__fixed_q96__benchmark__jpeg_q30,sid_set_05b7592580c7290b1ae1,sid_set_05b7592580c7290b1ae1__matched_clean__fixed_q96,selection_val,ai_generated,1.4654359817504883,0.8123626708984375,epoch_014,42,fixed_q96,jpeg,"{""cell_id"":""jpeg_q30"",""name"":""jpeg"",""output_format"":""JPEG"",""parameter"":30,""stochastic"":false}",sid_set,unknown,unknown,unknown
sid_set_05b7592580c7290b1ae1__matched_clean__fixed_q96__benchmark__blur_sigma_0.5,sid_set_05b7592580c7290b1ae1,sid_set_05b7592580c7290b1ae1__matched_clean__fixed_q96,selection_val,ai_generated,1.2113797664642334,0.7705429792404175,epoch_014,42,fixed_q96,blur,"{""cell_id"":""blur_sigma_0.5"",""name"":""blur"",""output_format"":""PNG"",""parameter"":0.5,""stochastic"":false}",sid_set,unknown,unknown,unknown
sid_set_05b7592580c7290b1ae1__matched_clean__fixed_q96__benchmark__blur_sigma_1.0,sid_set_05b7592580c7290b1ae1,sid_set_05b7592580c7290b1ae1__matched_clean__fixed_q96,selection_val,ai_generated,2.1792759895324707,0.898373007774353,epoch_014,42,fixed_q96,blur,"{""cell_id"":""blur_sigma_1.0"",""name"":""blur"",""output_format"":""PNG"",""parameter"":1.0,""stochastic"":false}",sid_set,unknown,unknown,unknown
sid_set_05b7592580c7290b1ae1__matched_clean__fixed_q96__benchmark__blur_sigma_2.0,sid_set_05b7592580c7290b1ae1,sid_set_05b7592580c7290b1ae1__matched_clean__fixed_q96,selection_val,ai_generated,2.6477558612823486,0.9338725209236145,epoch_014,42,fixed_q96,blur,"{""cell_id"":""blur_sigma_2.0"",""name"":""blur"",""output_format"":""PNG"",""parameter"":2.0,""stochastic"":false}",sid_set,unknown,unknown,unknown
sid_set_05b7592580c7290b1ae1__matched_clean__fixed_q96__benchmark__resize_scale_0.5,sid_set_05b7592580c7290b1ae1,sid_set_05b7592580c7290b1ae1__matched_clean__fixed_q96,selection_val,ai_generated,2.0068070888519287,0.8815099000930786,epoch_014,42,fixed_q96,resize,"{""cell_id"":""resize_scale_0.5"",""name"":""resize"",""output_format"":""PNG"",""parameter"":0.5,""stochastic"":false}",sid_set,unknown,unknown,unknown
sid_set_05b7592580c7290b1ae1__matched_clean__fixed_q96__benchmark__resize_scale_0.25,sid_set_05b7592580c7290b1ae1,sid_set_05b7592580c7290b1ae1__matched_clean__fixed_q96,selection_val,ai_generated,2.241248607635498,0.903892993927002,epoch_014,42,fixed_q96,resize,"{""cell_id"":""resize_scale_0.25"",""name"":""resize"",""output_format"":""PNG"",""parameter"":0.25,""stochastic"":false}",sid_set,unknown,unknown,unknown
sid_set_05b7592580c7290b1ae1__matched_clean__fixed_q96__benchmark__noise_sigma_0.02,sid_set_05b7592580c7290b1ae1,sid_set_05b7592580c7290b1ae1__matched_clean__fixed_q96,selection_val,ai_generated,1.5254337787628174,0.8213372230529785,epoch_014,42,fixed_q96,noise,"{""cell_id"":""noise_sigma_0.02"",""name"":""noise"",""output_format"":""PNG"",""parameter"":0.02,""stochastic"":true}",sid_set,unknown,unknown,unknown
sid_set_05b7592580c7290b1ae1__matched_clean__fixed_q96__benchmark__noise_sigma_0.05,sid_set_05b7592580c7290b1ae1,sid_set_05b7592580c7290b1ae1__matched_clean__fixed_q96,selection_val,ai_generated,-0.6178474426269531,0.35027116537094116,epoch_014,42,fixed_q96,noise,"{""cell_id"":""noise_sigma_0.05"",""name"":""noise"",""output_format"":""PNG"",""parameter"":0.05,""stochastic"":true}",sid_set,unknown,unknown,unknown
sid_set_05b7592580c7290b1ae1__matched_clean__fixed_q96__benchmark__noise_sigma_0.1,sid_set_05b7592580c7290b1ae1,sid_set_05b7592580c7290b1ae1__matched_clean__fixed_q96,selection_val,ai_generated,-0.9834473729133606,0.2722083032131195,epoch_014,42,fixed_q96,noise,"{""cell_id"":""noise_sigma_0.1"",""name"":""noise"",""output_format"":""PNG"",""parameter"":0.1,""stochastic"":true}",sid_set,unknown,unknown,unknown
sid_set_05b7592580c7290b1ae1__matched_clean__fixed_q96__benchmark__color_jitter_0.2,sid_set_05b7592580c7290b1ae1,sid_set_05b7592580c7290b1ae1__matched_clean__fixed_q96,selection_val,ai_generated,2.7900846004486084,0.9421376585960388,epoch_014,42,fixed_q96,color_jitter,"{""cell_id"":""color_jitter_0.2"",""name"":""color_jitter"",""output_format"":""PNG"",""parameter"":0.2,""stochastic"":true}",sid_set,unknown,unknown,unknown
sid_set_05b7592580c7290b1ae1__matched_clean__fixed_q96__benchmark__center_crop_0.8,sid_set_05b7592580c7290b1ae1,sid_set_05b7592580c7290b1ae1__matched_clean__fixed_q96,selection_val,ai_generated,2.428037405014038,0.9189404845237732,epoch_014,42,fixed_q96,center_crop,"{""cell_id"":""center_crop_0.8"",""name"":""center_crop"",""output_format"":""PNG"",""parameter"":0.8,""stochastic"":false}",sid_set,unknown,unknown,unknown
sid_set_05cc7d97882d600fd02e__matched_clean__fixed_q96__benchmark__jpeg_q90,sid_set_05cc7d97882d600fd02e,sid_set_05cc7d97882d600fd02e__matched_clean__fixed_q96,selection_val,ai_generated,6.0554094314575195,0.9976603984832764,epoch_014,42,fixed_q96,jpeg,"{""cell_id"":""jpeg_q90"",""name"":""jpeg"",""output_format"":""JPEG"",""parameter"":90,""stochastic"":false}",sid_set,unknown,unknown,unknown
sid_set_05cc7d97882d600fd02e__matched_clean__fixed_q96__benchmark__jpeg_q70,sid_set_05cc7d97882d600fd02e,sid_set_05cc7d97882d600fd02e__matched_clean__fixed_q96,selection_val,ai_generated,5.638401508331299,0.996454119682312,epoch_014,42,fixed_q96,jpeg,"{""cell_id"":""jpeg_q70"",""name"":""jpeg"",""output_format"":""JPEG"",""parameter"":70,""stochastic"":false}",sid_set,unknown,unknown,unknown
sid_set_05cc7d97882d600fd02e__matched_clean__fixed_q96__benchmark__jpeg_q50,sid_set_05cc7d97882d600fd02e,sid_set_05cc7d97882d600fd02e__matched_clean__fixed_q96,selection_val,ai_generated,5.8290629386901855,0.9970678687095642,epoch_014,42,fixed_q96,jpeg,"{""cell_id"":""jpeg_q50"",""name"":""jpeg"",""output_format"":""JPEG"",""parameter"":50,""stochastic"":false}",sid_set,unknown,unknown,unknown
sid_set_05cc7d97882d600fd02e__matched_clean__fixed_q96__benchmark__jpeg_q30,sid_set_05cc7d97882d600fd02e,sid_set_05cc7d97882d600fd02e__matched_clean__fixed_q96,selection_val,ai_generated,5.040900230407715,0.9935736060142517,epoch_014,42,fixed_q96,jpeg,"{""cell_id"":""jpeg_q30"",""name"":""jpeg"",""output_format"":""JPEG"",""parameter"":30,""stochastic"":false}",sid_set,unknown,unknown,unknown
sid_set_05cc7d97882d600fd02e__matched_clean__fixed_q96__benchmark__blur_sigma_0.5,sid_set_05cc7d97882d600fd02e,sid_set_05cc7d97882d600fd02e__matched_clean__fixed_q96,selection_val,ai_generated,4.652509689331055,0.990552544593811,epoch_014,42,fixed_q96,blur,"{""cell_id"":""blur_sigma_0.5"",""name"":""blur"",""output_format"":""PNG"",""parameter"":0.5,""stochastic"":false}",sid_set,unknown,unknown,unknown
sid_set_05cc7d97882d600fd02e__matched_clean__fixed_q96__benchmark__blur_sigma_1.0,sid_set_05cc7d97882d600fd02e,sid_set_05cc7d97882d600fd02e__matched_clean__fixed_q96,selection_val,ai_generated,4.174688339233398,0.9848529100418091,epoch_014,42,fixed_q96,blur,"{""cell_id"":""blur_sigma_1.0"",""name"":""blur"",""output_format"":""PNG"",""parameter"":1.0,""stochastic"":false}",sid_set,unknown,unknown,unknown
sid_set_05cc7d97882d600fd02e__matched_clean__fixed_q96__benchmark__blur_sigma_2.0,sid_set_05cc7d97882d600fd02e,sid_set_05cc7d97882d600fd02e__matched_clean__fixed_q96,selection_val,ai_generated,4.916191101074219,0.9927263259887695,epoch_014,42,fixed_q96,blur,"{""cell_id"":""blur_sigma_2.0"",""name"":""blur"",""output_format"":""PNG"",""parameter"":2.0,""stochastic"":false}",sid_set,unknown,unknown,unknown
sid_set_05cc7d97882d600fd02e__matched_clean__fixed_q96__benchmark__resize_scale_0.5,sid_set_05cc7d97882d600fd02e,sid_set_05cc7d97882d600fd02e__matched_clean__fixed_q96,selection_val,ai_generated,5.048816680908203,0.9936239719390869,epoch_014,42,fixed_q96,resize,"{""cell_id"":""resize_scale_0.5"",""name"":""resize"",""output_format"":""PNG"",""parameter"":0.5,""stochastic"":false}",sid_set,unknown,unknown,unknown
sid_set_05cc7d97882d600fd02e__matched_clean__fixed_q96__benchmark__resize_scale_0.25,sid_set_05cc7d97882d600fd02e,sid_set_05cc7d97882d600fd02e__matched_clean__fixed_q96,selection_val,ai_generated,4.334690570831299,0.9870636463165283,epoch_014,42,fixed_q96,resize,"{""cell_id"":""resize_scale_0.25"",""name"":""resize"",""output_format"":""PNG"",""parameter"":0.25,""stochastic"":false}",sid_set,unknown,unknown,unknown
sid_set_05cc7d97882d600fd02e__matched_clean__fixed_q96__benchmark__noise_sigma_0.02,sid_set_05cc7d97882d600fd02e,sid_set_05cc7d97882d600fd02e__matched_clean__fixed_q96,selection_val,ai_generated,4.9941582679748535,0.9932681918144226,epoch_014,42,fixed_q96,noise,"{""cell_id"":""noise_sigma_0.02"",""name"":""noise"",""output_format"":""PNG"",""parameter"":0.02,""stochastic"":true}",sid_set,unknown,unknown,unknown
sid_set_05cc7d97882d600fd02e__matched_clean__fixed_q96__benchmark__noise_sigma_0.05,sid_set_05cc7d97882d600fd02e,sid_set_05cc7d97882d600fd02e__matched_clean__fixed_q96,selection_val,ai_generated,3.6533761024475098,0.9747504591941833,epoch_014,42,fixed_q96,noise,"{""cell_id"":""noise_sigma_0.05"",""name"":""noise"",""output_format"":""PNG"",""parameter"":0.05,""stochastic"":true}",sid_set,unknown,unknown,unknown
sid_set_05cc7d97882d600fd02e__matched_clean__fixed_q96__benchmark__noise_sigma_0.1,sid_set_05cc7d97882d600fd02e,sid_set_05cc7d97882d600fd02e__matched_clean__fixed_q96,selection_val,ai_generated,2.61480712890625,0.9318085312843323,epoch_014,42,fixed_q96,noise,"{""cell_id"":""noise_sigma_0.1"",""name"":""noise"",""output_format"":""PNG"",""parameter"":0.1,""stochastic"":true}",sid_set,unknown,unknown,unknown
sid_set_05cc7d97882d600fd02e__matched_clean__fixed_q96__benchmark__color_jitter_0.2,sid_set_05cc7d97882d600fd02e,sid_set_05cc7d97882d600fd02e__matched_clean__fixed_q96,selection_val,ai_generated,7.111370086669922,0.9991849064826965,epoch_014,42,fixed_q96,color_jitter,"{""cell_id"":""color_jitter_0.2"",""name"":""color_jitter"",""output_format"":""PNG"",""parameter"":0.2,""stochastic"":true}",sid_set,unknown,unknown,unknown
sid_set_05cc7d97882d600fd02e__matched_clean__fixed_q96__benchmark__center_crop_0.8,sid_set_05cc7d97882d600fd02e,sid_set_05cc7d97882d600fd02e__matched_clean__fixed_q96,selection_val,ai_generated,6.7565836906433105,0.9988381266593933,epoch_014,42,fixed_q96,center_crop,"{""cell_id"":""center_crop_0.8"",""name"":""center_crop"",""output_format"":""PNG"",""parameter"":0.8,""stochastic"":false}",sid_set,unknown,unknown,unknown
sid_set_062cac694590e3b81508__matched_clean__fixed_q96__benchmark__jpeg_q90,sid_set_062cac694590e3b81508,sid_set_062cac694590e3b81508__matched_clean__fixed_q96,selection_val,authentic,-1.8327291011810303,0.13791348040103912,epoch_014,42,fixed_q96,jpeg,"{""cell_id"":""jpeg_q90"",""name"":""jpeg"",""output_format"":""JPEG"",""parameter"":90,""stochastic"":false}",sid_set,unknown,unknown,unknown
sid_set_062cac694590e3b81508__matched_clean__fixed_q96__benchmark__jpeg_q70,sid_set_062cac694590e3b81508,sid_set_062cac694590e3b81508__matched_clean__fixed_q96,selection_val,authentic,-1.000031590461731,0.2689352333545685,epoch_014,42,fixed_q96,jpeg,"{""cell_id"":""jpeg_q70"",""name"":""jpeg"",""output_format"":""JPEG"",""parameter"":70,""stochastic"":false}",sid_set,unknown,unknown,unknown
sid_set_062cac694590e3b81508__matched_clean__fixed_q96__benchmark__jpeg_q50,sid_set_062cac694590e3b81508,sid_set_062cac694590e3b81508__matched_clean__fixed_q96,selection_val,authentic,-0.9831646084785461,0.272264301776886,epoch_014,42,fixed_q96,jpeg,"{""cell_id"":""jpeg_q50"",""name"":""jpeg"",""output_format"":""JPEG"",""parameter"":50,""stochastic"":false}",sid_set,unknown,unknown,unknown
sid_set_062cac694590e3b81508__matched_clean__fixed_q96__benchmark__jpeg_q30,sid_set_062cac694590e3b81508,sid_set_062cac694590e3b81508__matched_clean__fixed_q96,selection_val,authentic,-1.28806734085083,0.21618011593818665,epoch_014,42,fixed_q96,jpeg,"{""cell_id"":""jpeg_q30"",""name"":""jpeg"",""output_format"":""JPEG"",""parameter"":30,""stochastic"":false}",sid_set,unknown,unknown,unknown
sid_set_062cac694590e3b81508__matched_clean__fixed_q96__benchmark__blur_sigma_0.5,sid_set_062cac694590e3b81508,sid_set_062cac694590e3b81508__matched_clean__fixed_q96,selection_val,authentic,-3.4580678939819336,0.030529165640473366,epoch_014,42,fixed_q96,blur,"{""cell_id"":""blur_sigma_0.5"",""name"":""blur"",""output_format"":""PNG"",""parameter"":0.5,""stochastic"":false}",sid_set,unknown,unknown,unknown
sid_set_062cac694590e3b81508__matched_clean__fixed_q96__benchmark__blur_sigma_1.0,sid_set_062cac694590e3b81508,sid_set_062cac694590e3b81508__matched_clean__fixed_q96,selection_val,authentic,-3.1833903789520264,0.03979557752609253,epoch_014,42,fixed_q96,blur,"{""cell_id"":""blur_sigma_1.0"",""name"":""blur"",""output_format"":""PNG"",""parameter"":1.0,""stochastic"":false}",sid_set,unknown,unknown,unknown
sid_set_062cac694590e3b81508__matched_clean__fixed_q96__benchmark__blur_sigma_2.0,sid_set_062cac694590e3b81508,sid_set_062cac694590e3b81508__matched_clean__fixed_q96,selection_val,authentic,-1.773458480834961,0.1451127678155899,epoch_014,42,fixed_q96,blur,"{""cell_id"":""blur_sigma_2.0"",""name"":""blur"",""output_format"":""PNG"",""parameter"":2.0,""stochastic"":false}",sid_set,unknown,unknown,unknown
sid_set_062cac694590e3b81508__matched_clean__fixed_q96__benchmark__resize_scale_0.5,sid_set_062cac694590e3b81508,sid_set_062cac694590e3b81508__matched_clean__fixed_q96,selection_val,authentic,-2.241480827331543,0.09608685225248337,epoch_014,42,fixed_q96,resize,"{""cell_id"":""resize_scale_0.5"",""name"":""resize"",""output_format"":""PNG"",""parameter"":0.5,""stochastic"":false}",sid_set,unknown,unknown,unknown
sid_set_062cac694590e3b81508__matched_clean__fixed_q96__benchmark__resize_scale_0.25,sid_set_062cac694590e3b81508,sid_set_062cac694590e3b81508__matched_clean__fixed_q96,selection_val,authentic,-2.397547721862793,0.08335988223552704,epoch_014,42,fixed_q96,resize,"{""cell_id"":""resize_scale_0.25"",""name"":""resize"",""output_format"":""PNG"",""parameter"":0.25,""stochastic"":false}",sid_set,unknown,unknown,unknown
sid_set_062cac694590e3b81508__matched_clean__fixed_q96__benchmark__noise_sigma_0.02,sid_set_062cac694590e3b81508,sid_set_062cac694590e3b81508__matched_clean__fixed_q96,selection_val,authentic,-0.5816633105278015,0.35854998230934143,epoch_014,42,fixed_q96,noise,"{""cell_id"":""noise_sigma_0.02"",""name"":""noise"",""output_format"":""PNG"",""parameter"":0.02,""stochastic"":true}",sid_set,unknown,unknown,unknown
sid_set_062cac694590e3b81508__matched_clean__fixed_q96__benchmark__noise_sigma_0.05,sid_set_062cac694590e3b81508,sid_set_062cac694590e3b81508__matched_clean__fixed_q96,selection_val,authentic,-1.015376329421997,0.2659290134906769,epoch_014,42,fixed_q96,noise,"{""cell_id"":""noise_sigma_0.05"",""name"":""noise"",""output_format"":""PNG"",""parameter"":0.05,""stochastic"":true}",sid_set,unknown,unknown,unknown
sid_set_062cac694590e3b81508__matched_clean__fixed_q96__benchmark__noise_sigma_0.1,sid_set_062cac694590e3b81508,sid_set_062cac694590e3b81508__matched_clean__fixed_q96,selection_val,authentic,-1.1978785991668701,0.23185282945632935,epoch_014,42,fixed_q96,noise,"{""cell_id"":""noise_sigma_0.1"",""name"":""noise"",""output_format"":""PNG"",""parameter"":0.1,""stochastic"":true}",sid_set,unknown,unknown,unknown
sid_set_062cac694590e3b81508__matched_clean__fixed_q96__benchmark__color_jitter_0.2,sid_set_062cac694590e3b81508,sid_set_062cac694590e3b81508__matched_clean__fixed_q96,selection_val,authentic,-2.072709560394287,0.11177773773670197,epoch_014,42,fixed_q96,color_jitter,"{""cell_id"":""color_jitter_0.2"",""name"":""color_jitter"",""output_format"":""PNG"",""parameter"":0.2,""stochastic"":true}",sid_set,unknown,unknown,unknown
sid_set_062cac694590e3b81508__matched_clean__fixed_q96__benchmark__center_crop_0.8,sid_set_062cac694590e3b81508,sid_set_062cac694590e3b81508__matched_clean__fixed_q96,selection_val,authentic,-2.598299980163574,0.06924791634082794,epoch_014,42,fixed_q96,center_crop,"{""cell_id"":""center_crop_0.8"",""name"":""center_crop"",""output_format"":""PNG"",""parameter"":0.8,""stochastic"":false}",sid_set,unknown,unknown,unknown
sid_set_0667494ffb457298dfdd__matched_clean__fixed_q96__benchmark__jpeg_q90,sid_set_0667494ffb457298dfdd,sid_set_0667494ffb457298dfdd__matched_clean__fixed_q96,selection_val,ai_generated,1.7830076217651367,0.8560678362846375,epoch_014,42,fixed_q96,jpeg,"{""cell_id"":""jpeg_q90"",""name"":""jpeg"",""output_format"":""JPEG"",""parameter"":90,""stochastic"":false}",sid_set,unknown,unknown,unknown
sid_set_0667494ffb457298dfdd__matched_clean__fixed_q96__benchmark__jpeg_q70,sid_set_0667494ffb457298dfdd,sid_set_0667494ffb457298dfdd__matched_clean__fixed_q96,selection_val,ai_generated,2.1094744205474854,0.8918206691741943,epoch_014,42,fixed_q96,jpeg,"{""cell_id"":""jpeg_q70"",""name"":""jpeg"",""output_format"":""JPEG"",""parameter"":70,""stochastic"":false}",sid_set,unknown,unknown,unknown
sid_set_0667494ffb457298dfdd__matched_clean__fixed_q96__benchmark__jpeg_q50,sid_set_0667494ffb457298dfdd,sid_set_0667494ffb457298dfdd__matched_clean__fixed_q96,selection_val,ai_generated,2.073251724243164,0.8882760405540466,epoch_014,42,fixed_q96,jpeg,"{""cell_id"":""jpeg_q50"",""name"":""jpeg"",""output_format"":""JPEG"",""parameter"":50,""stochastic"":false}",sid_set,unknown,unknown,unknown
sid_set_0667494ffb457298dfdd__matched_clean__fixed_q96__benchmark__jpeg_q30,sid_set_0667494ffb457298dfdd,sid_set_0667494ffb457298dfdd__matched_clean__fixed_q96,selection_val,ai_generated,1.3803088665008545,0.7990406155586243,epoch_014,42,fixed_q96,jpeg,"{""cell_id"":""jpeg_q30"",""name"":""jpeg"",""output_format"":""JPEG"",""parameter"":30,""stochastic"":false}",sid_set,unknown,unknown,unknown
sid_set_0667494ffb457298dfdd__matched_clean__fixed_q96__benchmark__blur_sigma_0.5,sid_set_0667494ffb457298dfdd,sid_set_0667494ffb457298dfdd__matched_clean__fixed_q96,selection_val,ai_generated,2.54905366897583,0.9275099039077759,epoch_014,42,fixed_q96,blur,"{""cell_id"":""blur_sigma_0.5"",""name"":""blur"",""output_format"":""PNG"",""parameter"":0.5,""stochastic"":false}",sid_set,unknown,unknown,unknown
sid_set_0667494ffb457298dfdd__matched_clean__fixed_q96__benchmark__blur_sigma_1.0,sid_set_0667494ffb457298dfdd,sid_set_0667494ffb457298dfdd__matched_clean__fixed_q96,selection_val,ai_generated,2.4067299365997314,0.9173390865325928,epoch_014,42,fixed_q96,blur,"{""cell_id"":""blur_sigma_1.0"",""name"":""blur"",""output_format"":""PNG"",""parameter"":1.0,""stochastic"":false}",sid_set,unknown,unknown,unknown
sid_set_0667494ffb457298dfdd__matched_clean__fixed_q96__benchmark__blur_sigma_2.0,sid_set_0667494ffb457298dfdd,sid_set_0667494ffb457298dfdd__matched_clean__fixed_q96,selection_val,ai_generated,3.6680071353912354,0.9751082062721252,epoch_014,42,fixed_q96,blur,"{""cell_id"":""blur_sigma_2.0"",""name"":""blur"",""output_format"":""PNG"",""parameter"":2.0,""stochastic"":false}",sid_set,unknown,unknown,unknown
sid_set_0667494ffb457298dfdd__matched_clean__fixed_q96__benchmark__resize_scale_0.5,sid_set_0667494ffb457298dfdd,sid_set_0667494ffb457298dfdd__matched_clean__fixed_q96,selection_val,ai_generated,3.1631343364715576,0.9594231843948364,epoch_014,42,fixed_q96,resize,"{""cell_id"":""resize_scale_0.5"",""name"":""resize"",""output_format"":""PNG"",""parameter"":0.5,""stochastic"":false}",sid_set,unknown,unknown,unknown
sid_set_0667494ffb457298dfdd__matched_clean__fixed_q96__benchmark__resize_scale_0.25,sid_set_0667494ffb457298dfdd,sid_set_0667494ffb457298dfdd__matched_clean__fixed_q96,selection_val,ai_generated,3.55473256111145,0.9722055792808533,epoch_014,42,fixed_q96,resize,"{""cell_id"":""resize_scale_0.25"",""name"":""resize"",""output_format"":""PNG"",""parameter"":0.25,""stochastic"":false}",sid_set,unknown,unknown,unknown
sid_set_0667494ffb457298dfdd__matched_clean__fixed_q96__benchmark__noise_sigma_0.02,sid_set_0667494ffb457298dfdd,sid_set_0667494ffb457298dfdd__matched_clean__fixed_q96,selection_val,ai_generated,1.0880510807037354,0.7480145692825317,epoch_014,42,fixed_q96,noise,"{""cell_id"":""noise_sigma_0.02"",""name"":""noise"",""output_format"":""PNG"",""parameter"":0.02,""stochastic"":true}",sid_set,unknown,unknown,unknown
sid_set_0667494ffb457298dfdd__matched_clean__fixed_q96__benchmark__noise_sigma_0.05,sid_set_0667494ffb457298dfdd,sid_set_0667494ffb457298dfdd__matched_clean__fixed_q96,selection_val,ai_generated,-0.4415704905986786,0.3913668096065521,epoch_014,42,fixed_q96,noise,"{""cell_id"":""noise_sigma_0.05"",""name"":""noise"",""output_format"":""PNG"",""parameter"":0.05,""stochastic"":true}",sid_set,unknown,unknown,unknown
sid_set_0667494ffb457298dfdd__matched_clean__fixed_q96__benchmark__noise_sigma_0.1,sid_set_0667494ffb457298dfdd,sid_set_0667494ffb457298dfdd__matched_clean__fixed_q96,selection_val,ai_generated,-0.3976361155509949,0.4018804430961609,epoch_014,42,fixed_q96,noise,"{""cell_id"":""noise_sigma_0.1"",""name"":""noise"",""output_format"":""PNG"",""parameter"":0.1,""stochastic"":true}",sid_set,unknown,unknown,unknown
sid_set_0667494ffb457298dfdd__matched_clean__fixed_q96__benchmark__color_jitter_0.2,sid_set_0667494ffb457298dfdd,sid_set_0667494ffb457298dfdd__matched_clean__fixed_q96,selection_val,ai_generated,2.545581340789795,0.9272761344909668,epoch_014,42,fixed_q96,color_jitter,"{""cell_id"":""color_jitter_0.2"",""name"":""color_jitter"",""output_format"":""PNG"",""parameter"":0.2,""stochastic"":true}",sid_set,unknown,unknown,unknown
sid_set_0667494ffb457298dfdd__matched_clean__fixed_q96__benchmark__center_crop_0.8,sid_set_0667494ffb457298dfdd,sid_set_0667494ffb457298dfdd__matched_clean__fixed_q96,selection_val,ai_generated,3.287750720977783,0.9640061259269714,epoch_014,42,fixed_q96,center_crop,"{""cell_id"":""center_crop_0.8"",""name"":""center_crop"",""output_format"":""PNG"",""parameter"":0.8,""stochastic"":false}",sid_set,unknown,unknown,unknown
sid_set_066f100a702b8e1feaf0__matched_clean__fixed_q96__benchmark__jpeg_q90,sid_set_066f100a702b8e1feaf0,sid_set_066f100a702b8e1feaf0__matched_clean__fixed_q96,selection_val,authentic,-7.090893745422363,0.0008319601183757186,epoch_014,42,fixed_q96,jpeg,"{""cell_id"":""jpeg_q90"",""name"":""jpeg"",""output_format"":""JPEG"",""parameter"":90,""stochastic"":false}",sid_set,unknown,unknown,unknown
sid_set_066f100a702b8e1feaf0__matched_clean__fixed_q96__benchmark__jpeg_q70,sid_set_066f100a702b8e1feaf0,sid_set_066f100a702b8e1feaf0__matched_clean__fixed_q96,selection_val,authentic,-6.687754154205322,0.0012445274041965604,epoch_014,42,fixed_q96,jpeg,"{""cell_id"":""jpeg_q70"",""name"":""jpeg"",""output_format"":""JPEG"",""parameter"":70,""stochastic"":false}",sid_set,unknown,unknown,unknown
sid_set_066f100a702b8e1feaf0__matched_clean__fixed_q96__benchmark__jpeg_q50,sid_set_066f100a702b8e1feaf0,sid_set_066f100a702b8e1feaf0__matched_clean__fixed_q96,selection_val,authentic,-6.549211502075195,0.0014291980769485235,epoch_014,42,fixed_q96,jpeg,"{""cell_id"":""jpeg_q50"",""name"":""jpeg"",""output_format"":""JPEG"",""parameter"":50,""stochastic"":false}",sid_set,unknown,unknown,unknown
sid_set_066f100a702b8e1feaf0__matched_clean__fixed_q96__benchmark__jpeg_q30,sid_set_066f100a702b8e1feaf0,sid_set_066f100a702b8e1feaf0__matched_clean__fixed_q96,selection_val,authentic,-6.799291133880615,0.0011133240768685937,epoch_014,42,fixed_q96,jpeg,"{""cell_id"":""jpeg_q30"",""name"":""jpeg"",""output_format"":""JPEG"",""parameter"":30,""stochastic"":false}",sid_set,unknown,unknown,unknown
sid_set_066f100a702b8e1feaf0__matched_clean__fixed_q96__benchmark__blur_sigma_0.5,sid_set_066f100a702b8e1feaf0,sid_set_066f100a702b8e1feaf0__matched_clean__fixed_q96,selection_val,authentic,-8.633240699768066,0.0001780548773240298,epoch_014,42,fixed_q96,blur,"{""cell_id"":""blur_sigma_0.5"",""name"":""blur"",""output_format"":""PNG"",""parameter"":0.5,""stochastic"":false}",sid_set,unknown,unknown,unknown
sid_set_066f100a702b8e1feaf0__matched_clean__fixed_q96__benchmark__blur_sigma_1.0,sid_set_066f100a702b8e1feaf0,sid_set_066f100a702b8e1feaf0__matched_clean__fixed_q96,selection_val,authentic,-7.640911102294922,0.0004801598843187094,epoch_014,42,fixed_q96,blur,"{""cell_id"":""blur_sigma_1.0"",""name"":""blur"",""output_format"":""PNG"",""parameter"":1.0,""stochastic"":false}",sid_set,unknown,unknown,unknown
sid_set_066f100a702b8e1feaf0__matched_clean__fixed_q96__benchmark__blur_sigma_2.0,sid_set_066f100a702b8e1feaf0,sid_set_066f100a702b8e1feaf0__matched_clean__fixed_q96,selection_val,authentic,-5.242992877960205,0.005256638862192631,epoch_014,42,fixed_q96,blur,"{""cell_id"":""blur_sigma_2.0"",""name"":""blur"",""output_format"":""PNG"",""parameter"":2.0,""stochastic"":false}",sid_set,unknown,unknown,unknown
sid_set_066f100a702b8e1feaf0__matched_clean__fixed_q96__benchmark__resize_scale_0.5,sid_set_066f100a702b8e1feaf0,sid_set_066f100a702b8e1feaf0__matched_clean__fixed_q96,selection_val,authentic,-6.118612766265869,0.0021966719068586826,epoch_014,42,fixed_q96,resize,"{""cell_id"":""resize_scale_0.5"",""name"":""resize"",""output_format"":""PNG"",""parameter"":0.5,""stochastic"":false}",sid_set,unknown,unknown,unknown
sid_set_066f100a702b8e1feaf0__matched_clean__fixed_q96__benchmark__resize_scale_0.25,sid_set_066f100a702b8e1feaf0,sid_set_066f100a702b8e1feaf0__matched_clean__fixed_q96,selection_val,authentic,-4.621454238891602,0.009742625057697296,epoch_014,42,fixed_q96,resize,"{""cell_id"":""resize_scale_0.25"",""name"":""resize"",""output_format"":""PNG"",""parameter"":0.25,""stochastic"":false}",sid_set,unknown,unknown,unknown
sid_set_066f100a702b8e1feaf0__matched_clean__fixed_q96__benchmark__noise_sigma_0.02,sid_set_066f100a702b8e1feaf0,sid_set_066f100a702b8e1feaf0__matched_clean__fixed_q96,selection_val,authentic,-7.4603271484375,0.0005751369171775877,epoch_014,42,fixed_q96,noise,"{""cell_id"":""noise_sigma_0.02"",""name"":""noise"",""output_format"":""PNG"",""parameter"":0.02,""stochastic"":true}",sid_set,unknown,unknown,unknown
sid_set_066f100a702b8e1feaf0__matched_clean__fixed_q96__benchmark__noise_sigma_0.05,sid_set_066f100a702b8e1feaf0,sid_set_066f100a702b8e1feaf0__matched_clean__fixed_q96,selection_val,authentic,-6.712610721588135,0.0012140111066401005,epoch_014,42,fixed_q96,noise,"{""cell_id"":""noise_sigma_0.05"",""name"":""noise"",""output_format"":""PNG"",""parameter"":0.05,""stochastic"":true}",sid_set,unknown,unknown,unknown
sid_set_066f100a702b8e1feaf0__matched_clean__fixed_q96__benchmark__noise_sigma_0.1,sid_set_066f100a702b8e1feaf0,sid_set_066f100a702b8e1feaf0__matched_clean__fixed_q96,selection_val,authentic,-5.39979362487793,0.004497196990996599,epoch_014,42,fixed_q96,noise,"{""cell_id"":""noise_sigma_0.1"",""name"":""noise"",""output_format"":""PNG"",""parameter"":0.1,""stochastic"":true}",sid_set,unknown,unknown,unknown
sid_set_066f100a702b8e1feaf0__matched_clean__fixed_q96__benchmark__color_jitter_0.2,sid_set_066f100a702b8e1feaf0,sid_set_066f100a702b8e1feaf0__matched_clean__fixed_q96,selection_val,authentic,-7.367671489715576,0.0006309382151812315,epoch_014,42,fixed_q96,color_jitter,"{""cell_id"":""color_jitter_0.2"",""name"":""color_jitter"",""output_format"":""PNG"",""parameter"":0.2,""stochastic"":true}",sid_set,unknown,unknown,unknown
sid_set_066f100a702b8e1feaf0__matched_clean__fixed_q96__benchmark__center_crop_0.8,sid_set_066f100a702b8e1feaf0,sid_set_066f100a702b8e1feaf0__matched_clean__fixed_q96,selection_val,authentic,-7.743202209472656,0.00043349264888092875,epoch_014,42,fixed_q96,center_crop,"{""cell_id"":""center_crop_0.8"",""name"":""center_crop"",""output_format"":""PNG"",""parameter"":0.8,""stochastic"":false}",sid_set,unknown,unknown,unknown
sid_set_0673611b2820f8513f14__matched_clean__fixed_q96__benchmark__jpeg_q90,sid_set_0673611b2820f8513f14,sid_set_0673611b2820f8513f14__matched_clean__fixed_q96,selection_val,authentic,-7.050656318664551,0.0008660891326144338,epoch_014,42,fixed_q96,jpeg,"{""cell_id"":""jpeg_q90"",""name"":""jpeg"",""output_format"":""JPEG"",""parameter"":90,""stochastic"":false}",sid_set,unknown,unknown,unknown
sid_set_0673611b2820f8513f14__matched_clean__fixed_q96__benchmark__jpeg_q70,sid_set_0673611b2820f8513f14,sid_set_0673611b2820f8513f14__matched_clean__fixed_q96,selection_val,authentic,-7.449887752532959,0.0005811689188703895,epoch_014,42,fixed_q96,jpeg,"{""cell_id"":""jpeg_q70"",""name"":""jpeg"",""output_format"":""JPEG"",""parameter"":70,""stochastic"":false}",sid_set,unknown,unknown,unknown
sid_set_0673611b2820f8513f14__matched_clean__fixed_q96__benchmark__jpeg_q50,sid_set_0673611b2820f8513f14,sid_set_0673611b2820f8513f14__matched_clean__fixed_q96,selection_val,authentic,-6.887423038482666,0.0010194999631494284,epoch_014,42,fixed_q96,jpeg,"{""cell_id"":""jpeg_q50"",""name"":""jpeg"",""output_format"":""JPEG"",""parameter"":50,""stochastic"":false}",sid_set,unknown,unknown,unknown
sid_set_0673611b2820f8513f14__matched_clean__fixed_q96__benchmark__jpeg_q30,sid_set_0673611b2820f8513f14,sid_set_0673611b2820f8513f14__matched_clean__fixed_q96,selection_val,authentic,-7.2140045166015625,0.0007356615387834609,epoch_014,42,fixed_q96,jpeg,"{""cell_id"":""jpeg_q30"",""name"":""jpeg"",""output_format"":""JPEG"",""parameter"":30,""stochastic"":false}",sid_set,unknown,unknown,unknown
sid_set_0673611b2820f8513f14__matched_clean__fixed_q96__benchmark__blur_sigma_0.5,sid_set_0673611b2820f8513f14,sid_set_0673611b2820f8513f14__matched_clean__fixed_q96,selection_val,authentic,-8.443438529968262,0.00021526217460632324,epoch_014,42,fixed_q96,blur,"{""cell_id"":""blur_sigma_0.5"",""name"":""blur"",""output_format"":""PNG"",""parameter"":0.5,""stochastic"":false}",sid_set,unknown,unknown,unknown
sid_set_0673611b2820f8513f14__matched_clean__fixed_q96__benchmark__blur_sigma_1.0,sid_set_0673611b2820f8513f14,sid_set_0673611b2820f8513f14__matched_clean__fixed_q96,selection_val,authentic,-6.9473443031311035,0.0009602614445611835,epoch_014,42,fixed_q96,blur,"{""cell_id"":""blur_sigma_1.0"",""name"":""blur"",""output_format"":""PNG"",""parameter"":1.0,""stochastic"":false}",sid_set,unknown,unknown,unknown
sid_set_0673611b2820f8513f14__matched_clean__fixed_q96__benchmark__blur_sigma_2.0,sid_set_0673611b2820f8513f14,sid_set_0673611b2820f8513f14__matched_clean__fixed_q96,selection_val,authentic,-4.415839672088623,0.01194011326879263,epoch_014,42,fixed_q96,blur,"{""cell_id"":""blur_sigma_2.0"",""name"":""blur"",""output_format"":""PNG"",""parameter"":2.0,""stochastic"":false}",sid_set,unknown,unknown,unknown
sid_set_0673611b2820f8513f14__matched_clean__fixed_q96__benchmark__resize_scale_0.5,sid_set_0673611b2820f8513f14,sid_set_0673611b2820f8513f14__matched_clean__fixed_q96,selection_val,authentic,-5.513139247894287,0.004017222207039595,epoch_014,42,fixed_q96,resize,"{""cell_id"":""resize_scale_0.5"",""name"":""resize"",""output_format"":""PNG"",""parameter"":0.5,""stochastic"":false}",sid_set,unknown,unknown,unknown
sid_set_0673611b2820f8513f14__matched_clean__fixed_q96__benchmark__resize_scale_0.25,sid_set_0673611b2820f8513f14,sid_set_0673611b2820f8513f14__matched_clean__fixed_q96,selection_val,authentic,-4.156224727630615,0.015424935147166252,epoch_014,42,fixed_q96,resize,"{""cell_id"":""resize_scale_0.25"",""name"":""resize"",""output_format"":""PNG"",""parameter"":0.25,""stochastic"":false}",sid_set,unknown,unknown,unknown
sid_set_0673611b2820f8513f14__matched_clean__fixed_q96__benchmark__noise_sigma_0.02,sid_set_0673611b2820f8513f14,sid_set_0673611b2820f8513f14__matched_clean__fixed_q96,selection_val,authentic,-6.100433826446533,0.0022368801292032003,epoch_014,42,fixed_q96,noise,"{""cell_id"":""noise_sigma_0.02"",""name"":""noise"",""output_format"":""PNG"",""parameter"":0.02,""stochastic"":true}",sid_set,unknown,unknown,unknown
sid_set_0673611b2820f8513f14__matched_clean__fixed_q96__benchmark__noise_sigma_0.05,sid_set_0673611b2820f8513f14,sid_set_0673611b2820f8513f14__matched_clean__fixed_q96,selection_val,authentic,-5.674341201782227,0.003421184839680791,epoch_014,42,fixed_q96,noise,"{""cell_id"":""noise_sigma_0.05"",""name"":""noise"",""output_format"":""PNG"",""parameter"":0.05,""stochastic"":true}",sid_set,unknown,unknown,unknown
sid_set_0673611b2820f8513f14__matched_clean__fixed_q96__benchmark__noise_sigma_0.1,sid_set_0673611b2820f8513f14,sid_set_0673611b2820f8513f14__matched_clean__fixed_q96,selection_val,authentic,-4.660068511962891,0.009377053007483482,epoch_014,42,fixed_q96,noise,"{""cell_id"":""noise_sigma_0.1"",""name"":""noise"",""output_format"":""PNG"",""parameter"":0.1,""stochastic"":true}",sid_set,unknown,unknown,unknown
sid_set_0673611b2820f8513f14__matched_clean__fixed_q96__benchmark__color_jitter_0.2,sid_set_0673611b2820f8513f14,sid_set_0673611b2820f8513f14__matched_clean__fixed_q96,selection_val,authentic,-7.977245807647705,0.0003430655924603343,epoch_014,42,fixed_q96,color_jitter,"{""cell_id"":""color_jitter_0.2"",""name"":""color_jitter"",""output_format"":""PNG"",""parameter"":0.2,""stochastic"":true}",sid_set,unknown,unknown,unknown
sid_set_0673611b2820f8513f14__matched_clean__fixed_q96__benchmark__center_crop_0.8,sid_set_0673611b2820f8513f14,sid_set_0673611b2820f8513f14__matched_clean__fixed_q96,selection_val,authentic,-7.944605827331543,0.00035444393870420754,epoch_014,42,fixed_q96,center_crop,"{""cell_id"":""center_crop_0.8"",""name"":""center_crop"",""output_format"":""PNG"",""parameter"":0.8,""stochastic"":false}",sid_set,unknown,unknown,unknown
sid_set_067de27858532d90795c__matched_clean__fixed_q96__benchmark__jpeg_q90,sid_set_067de27858532d90795c,sid_set_067de27858532d90795c__matched_clean__fixed_q96,selection_val,authentic,-5.926380157470703,0.002661022823303938,epoch_014,42,fixed_q96,jpeg,"{""cell_id"":""jpeg_q90"",""name"":""jpeg"",""output_format"":""JPEG"",""parameter"":90,""stochastic"":false}",sid_set,unknown,unknown,unknown
sid_set_067de27858532d90795c__matched_clean__fixed_q96__benchmark__jpeg_q70,sid_set_067de27858532d90795c,sid_set_067de27858532d90795c__matched_clean__fixed_q96,selection_val,authentic,-5.7851362228393555,0.0030634780414402485,epoch_014,42,fixed_q96,jpeg,"{""cell_id"":""jpeg_q70"",""name"":""jpeg"",""output_format"":""JPEG"",""parameter"":70,""stochastic"":false}",sid_set,unknown,unknown,unknown
sid_set_067de27858532d90795c__matched_clean__fixed_q96__benchmark__jpeg_q50,sid_set_067de27858532d90795c,sid_set_067de27858532d90795c__matched_clean__fixed_q96,selection_val,authentic,-5.785972595214844,0.0030609245877712965,epoch_014,42,fixed_q96,jpeg,"{""cell_id"":""jpeg_q50"",""name"":""jpeg"",""output_format"":""JPEG"",""parameter"":50,""stochastic"":false}",sid_set,unknown,unknown,unknown
sid_set_067de27858532d90795c__matched_clean__fixed_q96__benchmark__jpeg_q30,sid_set_067de27858532d90795c,sid_set_067de27858532d90795c__matched_clean__fixed_q96,selection_val,authentic,-6.470160484313965,0.0015465815085917711,epoch_014,42,fixed_q96,jpeg,"{""cell_id"":""jpeg_q30"",""name"":""jpeg"",""output_format"":""JPEG"",""parameter"":30,""stochastic"":false}",sid_set,unknown,unknown,unknown
sid_set_067de27858532d90795c__matched_clean__fixed_q96__benchmark__blur_sigma_0.5,sid_set_067de27858532d90795c,sid_set_067de27858532d90795c__matched_clean__fixed_q96,selection_val,authentic,-7.214771747589111,0.0007350976811721921,epoch_014,42,fixed_q96,blur,"{""cell_id"":""blur_sigma_0.5"",""name"":""blur"",""output_format"":""PNG"",""parameter"":0.5,""stochastic"":false}",sid_set,unknown,unknown,unknown
sid_set_067de27858532d90795c__matched_clean__fixed_q96__benchmark__blur_sigma_1.0,sid_set_067de27858532d90795c,sid_set_067de27858532d90795c__matched_clean__fixed_q96,selection_val,authentic,-6.7269182205200195,0.0011967858299613,epoch_014,42,fixed_q96,blur,"{""cell_id"":""blur_sigma_1.0"",""name"":""blur"",""output_format"":""PNG"",""parameter"":1.0,""stochastic"":false}",sid_set,unknown,unknown,unknown
sid_set_067de27858532d90795c__matched_clean__fixed_q96__benchmark__blur_sigma_2.0,sid_set_067de27858532d90795c,sid_set_067de27858532d90795c__matched_clean__fixed_q96,selection_val,authentic,-3.466681480407715,0.0302752573043108,epoch_014,42,fixed_q96,blur,"{""cell_id"":""blur_sigma_2.0"",""name"":""blur"",""output_format"":""PNG"",""parameter"":2.0,""stochastic"":false}",sid_set,unknown,unknown,unknown
sid_set_067de27858532d90795c__matched_clean__fixed_q96__benchmark__resize_scale_0.5,sid_set_067de27858532d90795c,sid_set_067de27858532d90795c__matched_clean__fixed_q96,selection_val,authentic,-5.221904277801514,0.005368070211261511,epoch_014,42,fixed_q96,resize,"{""cell_id"":""resize_scale_0.5"",""name"":""resize"",""output_format"":""PNG"",""parameter"":0.5,""stochastic"":false}",sid_set,unknown,unknown,unknown
sid_set_067de27858532d90795c__matched_clean__fixed_q96__benchmark__resize_scale_0.25,sid_set_067de27858532d90795c,sid_set_067de27858532d90795c__matched_clean__fixed_q96,selection_val,authentic,-2.6520442962646484,0.06586312502622604,epoch_014,42,fixed_q96,resize,"{""cell_id"":""resize_scale_0.25"",""name"":""resize"",""output_format"":""PNG"",""parameter"":0.25,""stochastic"":false}",sid_set,unknown,unknown,unknown
sid_set_067de27858532d90795c__matched_clean__fixed_q96__benchmark__noise_sigma_0.02,sid_set_067de27858532d90795c,sid_set_067de27858532d90795c__matched_clean__fixed_q96,selection_val,authentic,-6.019253730773926,0.002425585873425007,epoch_014,42,fixed_q96,noise,"{""cell_id"":""noise_sigma_0.02"",""name"":""noise"",""output_format"":""PNG"",""parameter"":0.02,""stochastic"":true}",sid_set,unknown,unknown,unknown
sid_set_067de27858532d90795c__matched_clean__fixed_q96__benchmark__noise_sigma_0.05,sid_set_067de27858532d90795c,sid_set_067de27858532d90795c__matched_clean__fixed_q96,selection_val,authentic,-6.420827388763428,0.001624665455892682,epoch_014,42,fixed_q96,noise,"{""cell_id"":""noise_sigma_0.05"",""name"":""noise"",""output_format"":""PNG"",""parameter"":0.05,""stochastic"":true}",sid_set,unknown,unknown,unknown
sid_set_067de27858532d90795c__matched_clean__fixed_q96__benchmark__noise_sigma_0.1,sid_set_067de27858532d90795c,sid_set_067de27858532d90795c__matched_clean__fixed_q96,selection_val,authentic,-6.279063701629639,0.0018716457998380065,epoch_014,42,fixed_q96,noise,"{""cell_id"":""noise_sigma_0.1"",""name"":""noise"",""output_format"":""PNG"",""parameter"":0.1,""stochastic"":true}",sid_set,unknown,unknown,unknown
sid_set_067de27858532d90795c__matched_clean__fixed_q96__benchmark__color_jitter_0.2,sid_set_067de27858532d90795c,sid_set_067de27858532d90795c__matched_clean__fixed_q96,selection_val,authentic,-5.9603962898254395,0.0025722561404109,epoch_014,42,fixed_q96,color_jitter,"{""cell_id"":""color_jitter_0.2"",""name"":""color_jitter"",""output_format"":""PNG"",""parameter"":0.2,""stochastic"":true}",sid_set,unknown,unknown,unknown
sid_set_067de27858532d90795c__matched_clean__fixed_q96__benchmark__center_crop_0.8,sid_set_067de27858532d90795c,sid_set_067de27858532d90795c__matched_clean__fixed_q96,selection_val,authentic,-6.312648296356201,0.0018099431181326509,epoch_014,42,fixed_q96,center_crop,"{""cell_id"":""center_crop_0.8"",""name"":""center_crop"",""output_format"":""PNG"",""parameter"":0.8,""stochastic"":false}",sid_set,unknown,unknown,unknown
sid_set_06ab5432914d932a7fb1__matched_clean__fixed_q96__benchmark__jpeg_q90,sid_set_06ab5432914d932a7fb1,sid_set_06ab5432914d932a7fb1__matched_clean__fixed_q96,selection_val,authentic,-7.561769962310791,0.0005196839338168502,epoch_014,42,fixed_q96,jpeg,"{""cell_id"":""jpeg_q90"",""name"":""jpeg"",""output_format"":""JPEG"",""parameter"":90,""stochastic"":false}",sid_set,unknown,unknown,unknown
sid_set_06ab5432914d932a7fb1__matched_clean__fixed_q96__benchmark__jpeg_q70,sid_set_06ab5432914d932a7fb1,sid_set_06ab5432914d932a7fb1__matched_clean__fixed_q96,selection_val,authentic,-6.384683609008789,0.0016843604389578104,epoch_014,42,fixed_q96,jpeg,"{""cell_id"":""jpeg_q70"",""name"":""jpeg"",""output_format"":""JPEG"",""parameter"":70,""stochastic"":false}",sid_set,unknown,unknown,unknown
sid_set_06ab5432914d932a7fb1__matched_clean__fixed_q96__benchmark__jpeg_q50,sid_set_06ab5432914d932a7fb1,sid_set_06ab5432914d932a7fb1__matched_clean__fixed_q96,selection_val,authentic,-6.141310214996338,0.0021474803797900677,epoch_014,42,fixed_q96,jpeg,"{""cell_id"":""jpeg_q50"",""name"":""jpeg"",""output_format"":""JPEG"",""parameter"":50,""stochastic"":false}",sid_set,unknown,unknown,unknown
sid_set_06ab5432914d932a7fb1__matched_clean__fixed_q96__benchmark__jpeg_q30,sid_set_06ab5432914d932a7fb1,sid_set_06ab5432914d932a7fb1__matched_clean__fixed_q96,selection_val,authentic,-6.275303363800049,0.0018786838045343757,epoch_014,42,fixed_q96,jpeg,"{""cell_id"":""jpeg_q30"",""name"":""jpeg"",""output_format"":""JPEG"",""parameter"":30,""stochastic"":false}",sid_set,unknown,unknown,unknown
sid_set_06ab5432914d932a7fb1__matched_clean__fixed_q96__benchmark__blur_sigma_0.5,sid_set_06ab5432914d932a7fb1,sid_set_06ab5432914d932a7fb1__matched_clean__fixed_q96,selection_val,authentic,-8.309085845947266,0.0002462084230501205,epoch_014,42,fixed_q96,blur,"{""cell_id"":""blur_sigma_0.5"",""name"":""blur"",""output_format"":""PNG"",""parameter"":0.5,""stochastic"":false}",sid_set,unknown,unknown,unknown
sid_set_06ab5432914d932a7fb1__matched_clean__fixed_q96__benchmark__blur_sigma_1.0,sid_set_06ab5432914d932a7fb1,sid_set_06ab5432914d932a7fb1__matched_clean__fixed_q96,selection_val,authentic,-8.700435638427734,0.00016648553719278425,epoch_014,42,fixed_q96,blur,"{""cell_id"":""blur_sigma_1.0"",""name"":""blur"",""output_format"":""PNG"",""parameter"":1.0,""stochastic"":false}",sid_set,unknown,unknown,unknown
sid_set_06ab5432914d932a7fb1__matched_clean__fixed_q96__benchmark__blur_sigma_2.0,sid_set_06ab5432914d932a7fb1,sid_set_06ab5432914d932a7fb1__matched_clean__fixed_q96,selection_val,authentic,-8.100198745727539,0.0003033867396879941,epoch_014,42,fixed_q96,blur,"{""cell_id"":""blur_sigma_2.0"",""name"":""blur"",""output_format"":""PNG"",""parameter"":2.0,""stochastic"":false}",sid_set,unknown,unknown,unknown
sid_set_06ab5432914d932a7fb1__matched_clean__fixed_q96__benchmark__resize_scale_0.5,sid_set_06ab5432914d932a7fb1,sid_set_06ab5432914d932a7fb1__matched_clean__fixed_q96,selection_val,authentic,-7.544042587280273,0.0005289737600833178,epoch_014,42,fixed_q96,resize,"{""cell_id"":""resize_scale_0.5"",""name"":""resize"",""output_format"":""PNG"",""parameter"":0.5,""stochastic"":false}",sid_set,unknown,unknown,unknown
sid_set_06ab5432914d932a7fb1__matched_clean__fixed_q96__benchmark__resize_scale_0.25,sid_set_06ab5432914d932a7fb1,sid_set_06ab5432914d932a7fb1__matched_clean__fixed_q96,selection_val,authentic,-7.310507774353027,0.0006680309888906777,epoch_014,42,fixed_q96,resize,"{""cell_id"":""resize_scale_0.25"",""name"":""resize"",""output_format"":""PNG"",""parameter"":0.25,""stochastic"":false}",sid_set,unknown,unknown,unknown
sid_set_06ab5432914d932a7fb1__matched_clean__fixed_q96__benchmark__noise_sigma_0.02,sid_set_06ab5432914d932a7fb1,sid_set_06ab5432914d932a7fb1__matched_clean__fixed_q96,selection_val,authentic,-5.57488489151001,0.003777587553486228,epoch_014,42,fixed_q96,noise,"{""cell_id"":""noise_sigma_0.02"",""name"":""noise"",""output_format"":""PNG"",""parameter"":0.02,""stochastic"":true}",sid_set,unknown,unknown,unknown
sid_set_06ab5432914d932a7fb1__matched_clean__fixed_q96__benchmark__noise_sigma_0.05,sid_set_06ab5432914d932a7fb1,sid_set_06ab5432914d932a7fb1__matched_clean__fixed_q96,selection_val,authentic,-5.011953353881836,0.006613851059228182,epoch_014,42,fixed_q96,noise,"{""cell_id"":""noise_sigma_0.05"",""name"":""noise"",""output_format"":""PNG"",""parameter"":0.05,""stochastic"":true}",sid_set,unknown,unknown,unknown
sid_set_06ab5432914d932a7fb1__matched_clean__fixed_q96__benchmark__noise_sigma_0.1,sid_set_06ab5432914d932a7fb1,sid_set_06ab5432914d932a7fb1__matched_clean__fixed_q96,selection_val,authentic,-4.713443756103516,0.00889400765299797,epoch_014,42,fixed_q96,noise,"{""cell_id"":""noise_sigma_0.1"",""name"":""noise"",""output_format"":""PNG"",""parameter"":0.1,""stochastic"":true}",sid_set,unknown,unknown,unknown
sid_set_06ab5432914d932a7fb1__matched_clean__fixed_q96__benchmark__color_jitter_0.2,sid_set_06ab5432914d932a7fb1,sid_set_06ab5432914d932a7fb1__matched_clean__fixed_q96,selection_val,authentic,-7.164402961730957,0.0007730427314527333,epoch_014,42,fixed_q96,color_jitter,"{""cell_id"":""color_jitter_0.2"",""name"":""color_jitter"",""output_format"":""PNG"",""parameter"":0.2,""stochastic"":true}",sid_set,unknown,unknown,unknown
sid_set_06ab5432914d932a7fb1__matched_clean__fixed_q96__benchmark__center_crop_0.8,sid_set_06ab5432914d932a7fb1,sid_set_06ab5432914d932a7fb1__matched_clean__fixed_q96,selection_val,authentic,-7.170446872711182,0.0007683881558477879,epoch_014,42,fixed_q96,center_crop,"{""cell_id"":""center_crop_0.8"",""name"":""center_crop"",""output_format"":""PNG"",""parameter"":0.8,""stochastic"":false}",sid_set,unknown,unknown,unknown
sid_set_06c03fcb9e6eb9be3fd3__matched_clean__fixed_q96__benchmark__jpeg_q90,sid_set_06c03fcb9e6eb9be3fd3,sid_set_06c03fcb9e6eb9be3fd3__matched_clean__fixed_q96,selection_val,authentic,-6.730945587158203,0.0011919814860448241,epoch_014,42,fixed_q96,jpeg,"{""cell_id"":""jpeg_q90"",""name"":""jpeg"",""output_format"":""JPEG"",""parameter"":90,""stochastic"":false}",sid_set,unknown,unknown,unknown
sid_set_06c03fcb9e6eb9be3fd3__matched_clean__fixed_q96__benchmark__jpeg_q70,sid_set_06c03fcb9e6eb9be3fd3,sid_set_06c03fcb9e6eb9be3fd3__matched_clean__fixed_q96,selection_val,authentic,-5.957215309143066,0.0025804303586483,epoch_014,42,fixed_q96,jpeg,"{""cell_id"":""jpeg_q70"",""name"":""jpeg"",""output_format"":""JPEG"",""parameter"":70,""stochastic"":false}",sid_set,unknown,unknown,unknown
sid_set_06c03fcb9e6eb9be3fd3__matched_clean__fixed_q96__benchmark__jpeg_q50,sid_set_06c03fcb9e6eb9be3fd3,sid_set_06c03fcb9e6eb9be3fd3__matched_clean__fixed_q96,selection_val,authentic,-5.575826168060303,0.0037740468978881836,epoch_014,42,fixed_q96,jpeg,"{""cell_id"":""jpeg_q50"",""name"":""jpeg"",""output_format"":""JPEG"",""parameter"":50,""stochastic"":false}",sid_set,unknown,unknown,unknown
sid_set_06c03fcb9e6eb9be3fd3__matched_clean__fixed_q96__benchmark__jpeg_q30,sid_set_06c03fcb9e6eb9be3fd3,sid_set_06c03fcb9e6eb9be3fd3__matched_clean__fixed_q96,selection_val,authentic,-6.26824951171875,0.0018919574795290828,epoch_014,42,fixed_q96,jpeg,"{""cell_id"":""jpeg_q30"",""name"":""jpeg"",""output_format"":""JPEG"",""parameter"":30,""stochastic"":false}",sid_set,unknown,unknown,unknown
sid_set_06c03fcb9e6eb9be3fd3__matched_clean__fixed_q96__benchmark__blur_sigma_0.5,sid_set_06c03fcb9e6eb9be3fd3,sid_set_06c03fcb9e6eb9be3fd3__matched_clean__fixed_q96,selection_val,authentic,-7.841711521148682,0.00039284146623685956,epoch_014,42,fixed_q96,blur,"{""cell_id"":""blur_sigma_0.5"",""name"":""blur"",""output_format"":""PNG"",""parameter"":0.5,""stochastic"":false}",sid_set,unknown,unknown,unknown
sid_set_06c03fcb9e6eb9be3fd3__matched_clean__fixed_q96__benchmark__blur_sigma_1.0,sid_set_06c03fcb9e6eb9be3fd3,sid_set_06c03fcb9e6eb9be3fd3__matched_clean__fixed_q96,selection_val,authentic,-6.455591201782227,0.0015692434972152114,epoch_014,42,fixed_q96,blur,"{""cell_id"":""blur_sigma_1.0"",""name"":""blur"",""output_format"":""PNG"",""parameter"":1.0,""stochastic"":false}",sid_set,unknown,unknown,unknown
sid_set_06c03fcb9e6eb9be3fd3__matched_clean__fixed_q96__benchmark__blur_sigma_2.0,sid_set_06c03fcb9e6eb9be3fd3,sid_set_06c03fcb9e6eb9be3fd3__matched_clean__fixed_q96,selection_val,authentic,-3.2992794513702393,0.03559591621160507,epoch_014,42,fixed_q96,blur,"{""cell_id"":""blur_sigma_2.0"",""name"":""blur"",""output_format"":""PNG"",""parameter"":2.0,""stochastic"":false}",sid_set,unknown,unknown,unknown
sid_set_06c03fcb9e6eb9be3fd3__matched_clean__fixed_q96__benchmark__resize_scale_0.5,sid_set_06c03fcb9e6eb9be3fd3,sid_set_06c03fcb9e6eb9be3fd3__matched_clean__fixed_q96,selection_val,authentic,-5.278079986572266,0.005076317116618156,epoch_014,42,fixed_q96,resize,"{""cell_id"":""resize_scale_0.5"",""name"":""resize"",""output_format"":""PNG"",""parameter"":0.5,""stochastic"":false}",sid_set,unknown,unknown,unknown
sid_set_06c03fcb9e6eb9be3fd3__matched_clean__fixed_q96__benchmark__resize_scale_0.25,sid_set_06c03fcb9e6eb9be3fd3,sid_set_06c03fcb9e6eb9be3fd3__matched_clean__fixed_q96,selection_val,authentic,-3.5366451740264893,0.028287356719374657,epoch_014,42,fixed_q96,resize,"{""cell_id"":""resize_scale_0.25"",""name"":""resize"",""output_format"":""PNG"",""parameter"":0.25,""stochastic"":false}",sid_set,unknown,unknown,unknown
sid_set_06c03fcb9e6eb9be3fd3__matched_clean__fixed_q96__benchmark__noise_sigma_0.02,sid_set_06c03fcb9e6eb9be3fd3,sid_set_06c03fcb9e6eb9be3fd3__matched_clean__fixed_q96,selection_val,authentic,-5.273919582366943,0.0050973729230463505,epoch_014,42,fixed_q96,noise,"{""cell_id"":""noise_sigma_0.02"",""name"":""noise"",""output_format"":""PNG"",""parameter"":0.02,""stochastic"":true}",sid_set,unknown,unknown,unknown
sid_set_06c03fcb9e6eb9be3fd3__matched_clean__fixed_q96__benchmark__noise_sigma_0.05,sid_set_06c03fcb9e6eb9be3fd3,sid_set_06c03fcb9e6eb9be3fd3__matched_clean__fixed_q96,selection_val,authentic,-4.964455604553223,0.006933343596756458,epoch_014,42,fixed_q96,noise,"{""cell_id"":""noise_sigma_0.05"",""name"":""noise"",""output_format"":""PNG"",""parameter"":0.05,""stochastic"":true}",sid_set,unknown,unknown,unknown
sid_set_06c03fcb9e6eb9be3fd3__matched_clean__fixed_q96__benchmark__noise_sigma_0.1,sid_set_06c03fcb9e6eb9be3fd3,sid_set_06c03fcb9e6eb9be3fd3__matched_clean__fixed_q96,selection_val,authentic,-3.9132602214813232,0.01958407461643219,epoch_014,42,fixed_q96,noise,"{""cell_id"":""noise_sigma_0.1"",""name"":""noise"",""output_format"":""PNG"",""parameter"":0.1,""stochastic"":true}",sid_set,unknown,unknown,unknown
sid_set_06c03fcb9e6eb9be3fd3__matched_clean__fixed_q96__benchmark__color_jitter_0.2,sid_set_06c03fcb9e6eb9be3fd3,sid_set_06c03fcb9e6eb9be3fd3__matched_clean__fixed_q96,selection_val,authentic,-6.3737592697143555,0.0017028303118422627,epoch_014,42,fixed_q96,color_jitter,"{""cell_id"":""color_jitter_0.2"",""name"":""color_jitter"",""output_format"":""PNG"",""parameter"":0.2,""stochastic"":true}",sid_set,unknown,unknown,unknown
sid_set_06c03fcb9e6eb9be3fd3__matched_clean__fixed_q96__benchmark__center_crop_0.8,sid_set_06c03fcb9e6eb9be3fd3,sid_set_06c03fcb9e6eb9be3fd3__matched_clean__fixed_q96,selection_val,authentic,-6.923159122467041,0.0009837455581873655,epoch_014,42,fixed_q96,center_crop,"{""cell_id"":""center_crop_0.8"",""name"":""center_crop"",""output_format"":""PNG"",""parameter"":0.8,""stochastic"":false}",sid_set,unknown,unknown,unknown
sid_set_06c1a1df49614b6d4844__matched_clean__fixed_q96__benchmark__jpeg_q90,sid_set_06c1a1df49614b6d4844,sid_set_06c1a1df49614b6d4844__matched_clean__fixed_q96,selection_val,ai_generated,8.880871772766113,0.9998610019683838,epoch_014,42,fixed_q96,jpeg,"{""cell_id"":""jpeg_q90"",""name"":""jpeg"",""output_format"":""JPEG"",""parameter"":90,""stochastic"":false}",sid_set,unknown,unknown,unknown
sid_set_06c1a1df49614b6d4844__matched_clean__fixed_q96__benchmark__jpeg_q70,sid_set_06c1a1df49614b6d4844,sid_set_06c1a1df49614b6d4844__matched_clean__fixed_q96,selection_val,ai_generated,8.629945755004883,0.9998213648796082,epoch_014,42,fixed_q96,jpeg,"{""cell_id"":""jpeg_q70"",""name"":""jpeg"",""output_format"":""JPEG"",""parameter"":70,""stochastic"":false}",sid_set,unknown,unknown,unknown
sid_set_06c1a1df49614b6d4844__matched_clean__fixed_q96__benchmark__jpeg_q50,sid_set_06c1a1df49614b6d4844,sid_set_06c1a1df49614b6d4844__matched_clean__fixed_q96,selection_val,ai_generated,8.771674156188965,0.9998449087142944,epoch_014,42,fixed_q96,jpeg,"{""cell_id"":""jpeg_q50"",""name"":""jpeg"",""output_format"":""JPEG"",""parameter"":50,""stochastic"":false}",sid_set,unknown,unknown,unknown
sid_set_06c1a1df49614b6d4844__matched_clean__fixed_q96__benchmark__jpeg_q30,sid_set_06c1a1df49614b6d4844,sid_set_06c1a1df49614b6d4844__matched_clean__fixed_q96,selection_val,ai_generated,8.260466575622559,0.9997414946556091,epoch_014,42,fixed_q96,jpeg,"{""cell_id"":""jpeg_q30"",""name"":""jpeg"",""output_format"":""JPEG"",""parameter"":30,""stochastic"":false}",sid_set,unknown,unknown,unknown
sid_set_06c1a1df49614b6d4844__matched_clean__fixed_q96__benchmark__blur_sigma_0.5,sid_set_06c1a1df49614b6d4844,sid_set_06c1a1df49614b6d4844__matched_clean__fixed_q96,selection_val,ai_generated,7.607105731964111,0.9995033740997314,epoch_014,42,fixed_q96,blur,"{""cell_id"":""blur_sigma_0.5"",""name"":""blur"",""output_format"":""PNG"",""parameter"":0.5,""stochastic"":false}",sid_set,unknown,unknown,unknown
sid_set_06c1a1df49614b6d4844__matched_clean__fixed_q96__benchmark__blur_sigma_1.0,sid_set_06c1a1df49614b6d4844,sid_set_06c1a1df49614b6d4844__matched_clean__fixed_q96,selection_val,ai_generated,7.451650142669678,0.9994199275970459,epoch_014,42,fixed_q96,blur,"{""cell_id"":""blur_sigma_1.0"",""name"":""blur"",""output_format"":""PNG"",""parameter"":1.0,""stochastic"":false}",sid_set,unknown,unknown,unknown
sid_set_06c1a1df49614b6d4844__matched_clean__fixed_q96__benchmark__blur_sigma_2.0,sid_set_06c1a1df49614b6d4844,sid_set_06c1a1df49614b6d4844__matched_clean__fixed_q96,selection_val,ai_generated,6.596006870269775,0.9986360669136047,epoch_014,42,fixed_q96,blur,"{""cell_id"":""blur_sigma_2.0"",""name"":""blur"",""output_format"":""PNG"",""parameter"":2.0,""stochastic"":false}",sid_set,unknown,unknown,unknown
sid_set_06c1a1df49614b6d4844__matched_clean__fixed_q96__benchmark__resize_scale_0.5,sid_set_06c1a1df49614b6d4844,sid_set_06c1a1df49614b6d4844__matched_clean__fixed_q96,selection_val,ai_generated,7.245255947113037,0.999286949634552,epoch_014,42,fixed_q96,resize,"{""cell_id"":""resize_scale_0.5"",""name"":""resize"",""output_format"":""PNG"",""parameter"":0.5,""stochastic"":false}",sid_set,unknown,unknown,unknown
sid_set_06c1a1df49614b6d4844__matched_clean__fixed_q96__benchmark__resize_scale_0.25,sid_set_06c1a1df49614b6d4844,sid_set_06c1a1df49614b6d4844__matched_clean__fixed_q96,selection_val,ai_generated,6.362527370452881,0.998278021812439,epoch_014,42,fixed_q96,resize,"{""cell_id"":""resize_scale_0.25"",""name"":""resize"",""output_format"":""PNG"",""parameter"":0.25,""stochastic"":false}",sid_set,unknown,unknown,unknown
sid_set_06c1a1df49614b6d4844__matched_clean__fixed_q96__benchmark__noise_sigma_0.02,sid_set_06c1a1df49614b6d4844,sid_set_06c1a1df49614b6d4844__matched_clean__fixed_q96,selection_val,ai_generated,7.281197547912598,0.999312162399292,epoch_014,42,fixed_q96,noise,"{""cell_id"":""noise_sigma_0.02"",""name"":""noise"",""output_format"":""PNG"",""parameter"":0.02,""stochastic"":true}",sid_set,unknown,unknown,unknown
sid_set_06c1a1df49614b6d4844__matched_clean__fixed_q96__benchmark__noise_sigma_0.05,sid_set_06c1a1df49614b6d4844,sid_set_06c1a1df49614b6d4844__matched_clean__fixed_q96,selection_val,ai_generated,5.647511005401611,0.9964860677719116,epoch_014,42,fixed_q96,noise,"{""cell_id"":""noise_sigma_0.05"",""name"":""noise"",""output_format"":""PNG"",""parameter"":0.05,""stochastic"":true}",sid_set,unknown,unknown,unknown
sid_set_06c1a1df49614b6d4844__matched_clean__fixed_q96__benchmark__noise_sigma_0.1,sid_set_06c1a1df49614b6d4844,sid_set_06c1a1df49614b6d4844__matched_clean__fixed_q96,selection_val,ai_generated,5.008349418640137,0.9933624267578125,epoch_014,42,fixed_q96,noise,"{""cell_id"":""noise_sigma_0.1"",""name"":""noise"",""output_format"":""PNG"",""parameter"":0.1,""stochastic"":true}",sid_set,unknown,unknown,unknown
sid_set_06c1a1df49614b6d4844__matched_clean__fixed_q96__benchmark__color_jitter_0.2,sid_set_06c1a1df49614b6d4844,sid_set_06c1a1df49614b6d4844__matched_clean__fixed_q96,selection_val,ai_generated,8.547934532165527,0.9998061060905457,epoch_014,42,fixed_q96,color_jitter,"{""cell_id"":""color_jitter_0.2"",""name"":""color_jitter"",""output_format"":""PNG"",""parameter"":0.2,""stochastic"":true}",sid_set,unknown,unknown,unknown
sid_set_06c1a1df49614b6d4844__matched_clean__fixed_q96__benchmark__center_crop_0.8,sid_set_06c1a1df49614b6d4844,sid_set_06c1a1df49614b6d4844__matched_clean__fixed_q96,selection_val,ai_generated,8.831198692321777,0.9998538494110107,epoch_014,42,fixed_q96,center_crop,"{""cell_id"":""center_crop_0.8"",""name"":""center_crop"",""output_format"":""PNG"",""parameter"":0.8,""stochastic"":false}",sid_set,unknown,unknown,unknown
sid_set_06d3568069dbbb6b933d__matched_clean__fixed_q96__benchmark__jpeg_q90,sid_set_06d3568069dbbb6b933d,sid_set_06d3568069dbbb6b933d__matched_clean__fixed_q96,selection_val,authentic,-5.379196643829346,0.004590356722474098,epoch_014,42,fixed_q96,jpeg,"{""cell_id"":""jpeg_q90"",""name"":""jpeg"",""output_format"":""JPEG"",""parameter"":90,""stochastic"":false}",sid_set,unknown,unknown,unknown
sid_set_06d3568069dbbb6b933d__matched_clean__fixed_q96__benchmark__jpeg_q70,sid_set_06d3568069dbbb6b933d,sid_set_06d3568069dbbb6b933d__matched_clean__fixed_q96,selection_val,authentic,-5.453916072845459,0.004261276684701443,epoch_014,42,fixed_q96,jpeg,"{""cell_id"":""jpeg_q70"",""name"":""jpeg"",""output_format"":""JPEG"",""parameter"":70,""stochastic"":false}",sid_set,unknown,unknown,unknown
sid_set_06d3568069dbbb6b933d__matched_clean__fixed_q96__benchmark__jpeg_q50,sid_set_06d3568069dbbb6b933d,sid_set_06d3568069dbbb6b933d__matched_clean__fixed_q96,selection_val,authentic,-5.497671604156494,0.004079586826264858,epoch_014,42,fixed_q96,jpeg,"{""cell_id"":""jpeg_q50"",""name"":""jpeg"",""output_format"":""JPEG"",""parameter"":50,""stochastic"":false}",sid_set,unknown,unknown,unknown
sid_set_06d3568069dbbb6b933d__matched_clean__fixed_q96__benchmark__jpeg_q30,sid_set_06d3568069dbbb6b933d,sid_set_06d3568069dbbb6b933d__matched_clean__fixed_q96,selection_val,authentic,-4.972456455230713,0.006878472398966551,epoch_014,42,fixed_q96,jpeg,"{""cell_id"":""jpeg_q30"",""name"":""jpeg"",""output_format"":""JPEG"",""parameter"":30,""stochastic"":false}",sid_set,unknown,unknown,unknown
sid_set_06d3568069dbbb6b933d__matched_clean__fixed_q96__benchmark__blur_sigma_0.5,sid_set_06d3568069dbbb6b933d,sid_set_06d3568069dbbb6b933d__matched_clean__fixed_q96,selection_val,authentic,-7.613256931304932,0.0004936169716529548,epoch_014,42,fixed_q96,blur,"{""cell_id"":""blur_sigma_0.5"",""name"":""blur"",""output_format"":""PNG"",""parameter"":0.5,""stochastic"":false}",sid_set,unknown,unknown,unknown
sid_set_06d3568069dbbb6b933d__matched_clean__fixed_q96__benchmark__blur_sigma_1.0,sid_set_06d3568069dbbb6b933d,sid_set_06d3568069dbbb6b933d__matched_clean__fixed_q96,selection_val,authentic,-5.706465244293213,0.003313387744128704,epoch_014,42,fixed_q96,blur,"{""cell_id"":""blur_sigma_1.0"",""name"":""blur"",""output_format"":""PNG"",""parameter"":1.0,""stochastic"":false}",sid_set,unknown,unknown,unknown
sid_set_06d3568069dbbb6b933d__matched_clean__fixed_q96__benchmark__blur_sigma_2.0,sid_set_06d3568069dbbb6b933d,sid_set_06d3568069dbbb6b933d__matched_clean__fixed_q96,selection_val,authentic,-3.7184102535247803,0.02369733154773712,epoch_014,42,fixed_q96,blur,"{""cell_id"":""blur_sigma_2.0"",""name"":""blur"",""output_format"":""PNG"",""parameter"":2.0,""stochastic"":false}",sid_set,unknown,unknown,unknown
sid_set_06d3568069dbbb6b933d__matched_clean__fixed_q96__benchmark__resize_scale_0.5,sid_set_06d3568069dbbb6b933d,sid_set_06d3568069dbbb6b933d__matched_clean__fixed_q96,selection_val,authentic,-4.2685441970825195,0.013808799907565117,epoch_014,42,fixed_q96,resize,"{""cell_id"":""resize_scale_0.5"",""name"":""resize"",""output_format"":""PNG"",""parameter"":0.5,""stochastic"":false}",sid_set,unknown,unknown,unknown
sid_set_06d3568069dbbb6b933d__matched_clean__fixed_q96__benchmark__resize_scale_0.25,sid_set_06d3568069dbbb6b933d,sid_set_06d3568069dbbb6b933d__matched_clean__fixed_q96,selection_val,authentic,-3.3408164978027344,0.03419718146324158,epoch_014,42,fixed_q96,resize,"{""cell_id"":""resize_scale_0.25"",""name"":""resize"",""output_format"":""PNG"",""parameter"":0.25,""stochastic"":false}",sid_set,unknown,unknown,unknown
sid_set_06d3568069dbbb6b933d__matched_clean__fixed_q96__benchmark__noise_sigma_0.02,sid_set_06d3568069dbbb6b933d,sid_set_06d3568069dbbb6b933d__matched_clean__fixed_q96,selection_val,authentic,-4.261170387268066,0.013909578323364258,epoch_014,42,fixed_q96,noise,"{""cell_id"":""noise_sigma_0.02"",""name"":""noise"",""output_format"":""PNG"",""parameter"":0.02,""stochastic"":true}",sid_set,unknown,unknown,unknown
sid_set_06d3568069dbbb6b933d__matched_clean__fixed_q96__benchmark__noise_sigma_0.05,sid_set_06d3568069dbbb6b933d,sid_set_06d3568069dbbb6b933d__matched_clean__fixed_q96,selection_val,authentic,-4.00445556640625,0.017907680943608284,epoch_014,42,fixed_q96,noise,"{""cell_id"":""noise_sigma_0.05"",""name"":""noise"",""output_format"":""PNG"",""parameter"":0.05,""stochastic"":true}",sid_set,unknown,unknown,unknown
sid_set_06d3568069dbbb6b933d__matched_clean__fixed_q96__benchmark__noise_sigma_0.1,sid_set_06d3568069dbbb6b933d,sid_set_06d3568069dbbb6b933d__matched_clean__fixed_q96,selection_val,authentic,-2.8900914192199707,0.05264555662870407,epoch_014,42,fixed_q96,noise,"{""cell_id"":""noise_sigma_0.1"",""name"":""noise"",""output_format"":""PNG"",""parameter"":0.1,""stochastic"":true}",sid_set,unknown,unknown,unknown
sid_set_06d3568069dbbb6b933d__matched_clean__fixed_q96__benchmark__color_jitter_0.2,sid_set_06d3568069dbbb6b933d,sid_set_06d3568069dbbb6b933d__matched_clean__fixed_q96,selection_val,authentic,-5.04826545715332,0.006379500962793827,epoch_014,42,fixed_q96,color_jitter,"{""cell_id"":""color_jitter_0.2"",""name"":""color_jitter"",""output_format"":""PNG"",""parameter"":0.2,""stochastic"":true}",sid_set,unknown,unknown,unknown
sid_set_06d3568069dbbb6b933d__matched_clean__fixed_q96__benchmark__center_crop_0.8,sid_set_06d3568069dbbb6b933d,sid_set_06d3568069dbbb6b933d__matched_clean__fixed_q96,selection_val,authentic,-6.152356147766113,0.002123940037563443,epoch_014,42,fixed_q96,center_crop,"{""cell_id"":""center_crop_0.8"",""name"":""center_crop"",""output_format"":""PNG"",""parameter"":0.8,""stochastic"":false}",sid_set,unknown,unknown,unknown
sid_set_06d8178366ba8b91375a__matched_clean__fixed_q96__benchmark__jpeg_q90,sid_set_06d8178366ba8b91375a,sid_set_06d8178366ba8b91375a__matched_clean__fixed_q96,selection_val,authentic,-2.489398241043091,0.07660475373268127,epoch_014,42,fixed_q96,jpeg,"{""cell_id"":""jpeg_q90"",""name"":""jpeg"",""output_format"":""JPEG"",""parameter"":90,""stochastic"":false}",sid_set,unknown,unknown,unknown
sid_set_06d8178366ba8b91375a__matched_clean__fixed_q96__benchmark__jpeg_q70,sid_set_06d8178366ba8b91375a,sid_set_06d8178366ba8b91375a__matched_clean__fixed_q96,selection_val,authentic,-3.2032713890075684,0.03904280066490173,epoch_014,42,fixed_q96,jpeg,"{""cell_id"":""jpeg_q70"",""name"":""jpeg"",""output_format"":""JPEG"",""parameter"":70,""stochastic"":false}",sid_set,unknown,unknown,unknown
sid_set_06d8178366ba8b91375a__matched_clean__fixed_q96__benchmark__jpeg_q50,sid_set_06d8178366ba8b91375a,sid_set_06d8178366ba8b91375a__matched_clean__fixed_q96,selection_val,authentic,-3.013734817504883,0.04680922254920006,epoch_014,42,fixed_q96,jpeg,"{""cell_id"":""jpeg_q50"",""name"":""jpeg"",""output_format"":""JPEG"",""parameter"":50,""stochastic"":false}",sid_set,unknown,unknown,unknown
sid_set_06d8178366ba8b91375a__matched_clean__fixed_q96__benchmark__jpeg_q30,sid_set_06d8178366ba8b91375a,sid_set_06d8178366ba8b91375a__matched_clean__fixed_q96,selection_val,authentic,-3.80694580078125,0.021733107045292854,epoch_014,42,fixed_q96,jpeg,"{""cell_id"":""jpeg_q30"",""name"":""jpeg"",""output_format"":""JPEG"",""parameter"":30,""stochastic"":false}",sid_set,unknown,unknown,unknown
sid_set_06d8178366ba8b91375a__matched_clean__fixed_q96__benchmark__blur_sigma_0.5,sid_set_06d8178366ba8b91375a,sid_set_06d8178366ba8b91375a__matched_clean__fixed_q96,selection_val,authentic,-4.073955535888672,0.01672547124326229,epoch_014,42,fixed_q96,blur,"{""cell_id"":""blur_sigma_0.5"",""name"":""blur"",""output_format"":""PNG"",""parameter"":0.5,""stochastic"":false}",sid_set,unknown,unknown,unknown
sid_set_06d8178366ba8b91375a__matched_clean__fixed_q96__benchmark__blur_sigma_1.0,sid_set_06d8178366ba8b91375a,sid_set_06d8178366ba8b91375a__matched_clean__fixed_q96,selection_val,authentic,-4.745541095733643,0.008615486323833466,epoch_014,42,fixed_q96,blur,"{""cell_id"":""blur_sigma_1.0"",""name"":""blur"",""output_format"":""PNG"",""parameter"":1.0,""stochastic"":false}",sid_set,unknown,unknown,unknown
sid_set_06d8178366ba8b91375a__matched_clean__fixed_q96__benchmark__blur_sigma_2.0,sid_set_06d8178366ba8b91375a,sid_set_06d8178366ba8b91375a__matched_clean__fixed_q96,selection_val,authentic,-3.823375940322876,0.02138652093708515,epoch_014,42,fixed_q96,blur,"{""cell_id"":""blur_sigma_2.0"",""name"":""blur"",""output_format"":""PNG"",""parameter"":2.0,""stochastic"":false}",sid_set,unknown,unknown,unknown
sid_set_06d8178366ba8b91375a__matched_clean__fixed_q96__benchmark__resize_scale_0.5,sid_set_06d8178366ba8b91375a,sid_set_06d8178366ba8b91375a__matched_clean__fixed_q96,selection_val,authentic,-3.707916498184204,0.02394132874906063,epoch_014,42,fixed_q96,resize,"{""cell_id"":""resize_scale_0.5"",""name"":""resize"",""output_format"":""PNG"",""parameter"":0.5,""stochastic"":false}",sid_set,unknown,unknown,unknown
sid_set_06d8178366ba8b91375a__matched_clean__fixed_q96__benchmark__resize_scale_0.25,sid_set_06d8178366ba8b91375a,sid_set_06d8178366ba8b91375a__matched_clean__fixed_q96,selection_val,authentic,-3.712355613708496,0.02383781224489212,epoch_014,42,fixed_q96,resize,"{""cell_id"":""resize_scale_0.25"",""name"":""resize"",""output_format"":""PNG"",""parameter"":0.25,""stochastic"":false}",sid_set,unknown,unknown,unknown
sid_set_06d8178366ba8b91375a__matched_clean__fixed_q96__benchmark__noise_sigma_0.02,sid_set_06d8178366ba8b91375a,sid_set_06d8178366ba8b91375a__matched_clean__fixed_q96,selection_val,authentic,-2.4437615871429443,0.07989595085382462,epoch_014,42,fixed_q96,noise,"{""cell_id"":""noise_sigma_0.02"",""name"":""noise"",""output_format"":""PNG"",""parameter"":0.02,""stochastic"":true}",sid_set,unknown,unknown,unknown
sid_set_06d8178366ba8b91375a__matched_clean__fixed_q96__benchmark__noise_sigma_0.05,sid_set_06d8178366ba8b91375a,sid_set_06d8178366ba8b91375a__matched_clean__fixed_q96,selection_val,authentic,-3.428783655166626,0.0314079150557518,epoch_014,42,fixed_q96,noise,"{""cell_id"":""noise_sigma_0.05"",""name"":""noise"",""output_format"":""PNG"",""parameter"":0.05,""stochastic"":true}",sid_set,unknown,unknown,unknown
sid_set_06d8178366ba8b91375a__matched_clean__fixed_q96__benchmark__noise_sigma_0.1,sid_set_06d8178366ba8b91375a,sid_set_06d8178366ba8b91375a__matched_clean__fixed_q96,selection_val,authentic,-3.950983762741089,0.018872737884521484,epoch_014,42,fixed_q96,noise,"{""cell_id"":""noise_sigma_0.1"",""name"":""noise"",""output_format"":""PNG"",""parameter"":0.1,""stochastic"":true}",sid_set,unknown,unknown,unknown
sid_set_06d8178366ba8b91375a__matched_clean__fixed_q96__benchmark__color_jitter_0.2,sid_set_06d8178366ba8b91375a,sid_set_06d8178366ba8b91375a__matched_clean__fixed_q96,selection_val,authentic,-3.92401123046875,0.01937871053814888,epoch_014,42,fixed_q96,color_jitter,"{""cell_id"":""color_jitter_0.2"",""name"":""color_jitter"",""output_format"":""PNG"",""parameter"":0.2,""stochastic"":true}",sid_set,unknown,unknown,unknown
sid_set_06d8178366ba8b91375a__matched_clean__fixed_q96__benchmark__center_crop_0.8,sid_set_06d8178366ba8b91375a,sid_set_06d8178366ba8b91375a__matched_clean__fixed_q96,selection_val,authentic,-3.0467417240142822,0.04535834863781929,epoch_014,42,fixed_q96,center_crop,"{""cell_id"":""center_crop_0.8"",""name"":""center_crop"",""output_format"":""PNG"",""parameter"":0.8,""stochastic"":false}",sid_set,unknown,unknown,unknown
sid_set_06d950f58d170b94e7a8__matched_clean__fixed_q96__benchmark__jpeg_q90,sid_set_06d950f58d170b94e7a8,sid_set_06d950f58d170b94e7a8__matched_clean__fixed_q96,selection_val,ai_generated,7.642300605773926,0.9995205402374268,epoch_014,42,fixed_q96,jpeg,"{""cell_id"":""jpeg_q90"",""name"":""jpeg"",""output_format"":""JPEG"",""parameter"":90,""stochastic"":false}",sid_set,unknown,unknown,unknown
sid_set_06d950f58d170b94e7a8__matched_clean__fixed_q96__benchmark__jpeg_q70,sid_set_06d950f58d170b94e7a8,sid_set_06d950f58d170b94e7a8__matched_clean__fixed_q96,selection_val,ai_generated,6.5505876541137695,0.9985727071762085,epoch_014,42,fixed_q96,jpeg,"{""cell_id"":""jpeg_q70"",""name"":""jpeg"",""output_format"":""JPEG"",""parameter"":70,""stochastic"":false}",sid_set,unknown,unknown,unknown
sid_set_06d950f58d170b94e7a8__matched_clean__fixed_q96__benchmark__jpeg_q50,sid_set_06d950f58d170b94e7a8,sid_set_06d950f58d170b94e7a8__matched_clean__fixed_q96,selection_val,ai_generated,6.136083126068115,0.9978412389755249,epoch_014,42,fixed_q96,jpeg,"{""cell_id"":""jpeg_q50"",""name"":""jpeg"",""output_format"":""JPEG"",""parameter"":50,""stochastic"":false}",sid_set,unknown,unknown,unknown
sid_set_06d950f58d170b94e7a8__matched_clean__fixed_q96__benchmark__jpeg_q30,sid_set_06d950f58d170b94e7a8,sid_set_06d950f58d170b94e7a8__matched_clean__fixed_q96,selection_val,ai_generated,6.0502400398254395,0.997648298740387,epoch_014,42,fixed_q96,jpeg,"{""cell_id"":""jpeg_q30"",""name"":""jpeg"",""output_format"":""JPEG"",""parameter"":30,""stochastic"":false}",sid_set,unknown,unknown,unknown
sid_set_06d950f58d170b94e7a8__matched_clean__fixed_q96__benchmark__blur_sigma_0.5,sid_set_06d950f58d170b94e7a8,sid_set_06d950f58d170b94e7a8__matched_clean__fixed_q96,selection_val,ai_generated,6.87890100479126,0.9989718198776245,epoch_014,42,fixed_q96,blur,"{""cell_id"":""blur_sigma_0.5"",""name"":""blur"",""output_format"":""PNG"",""parameter"":0.5,""stochastic"":false}",sid_set,unknown,unknown,unknown
sid_set_06d950f58d170b94e7a8__matched_clean__fixed_q96__benchmark__blur_sigma_1.0,sid_set_06d950f58d170b94e7a8,sid_set_06d950f58d170b94e7a8__matched_clean__fixed_q96,selection_val,ai_generated,7.000346660614014,0.999089241027832,epoch_014,42,fixed_q96,blur,"{""cell_id"":""blur_sigma_1.0"",""name"":""blur"",""output_format"":""PNG"",""parameter"":1.0,""stochastic"":false}",sid_set,unknown,unknown,unknown
sid_set_06d950f58d170b94e7a8__matched_clean__fixed_q96__benchmark__blur_sigma_2.0,sid_set_06d950f58d170b94e7a8,sid_set_06d950f58d170b94e7a8__matched_clean__fixed_q96,selection_val,ai_generated,6.48103141784668,0.99847012758255,epoch_014,42,fixed_q96,blur,"{""cell_id"":""blur_sigma_2.0"",""name"":""blur"",""output_format"":""PNG"",""parameter"":2.0,""stochastic"":false}",sid_set,unknown,unknown,unknown
sid_set_06d950f58d170b94e7a8__matched_clean__fixed_q96__benchmark__resize_scale_0.5,sid_set_06d950f58d170b94e7a8,sid_set_06d950f58d170b94e7a8__matched_clean__fixed_q96,selection_val,ai_generated,6.582257270812988,0.9986171722412109,epoch_014,42,fixed_q96,resize,"{""cell_id"":""resize_scale_0.5"",""name"":""resize"",""output_format"":""PNG"",""parameter"":0.5,""stochastic"":false}",sid_set,unknown,unknown,unknown
sid_set_06d950f58d170b94e7a8__matched_clean__fixed_q96__benchmark__resize_scale_0.25,sid_set_06d950f58d170b94e7a8,sid_set_06d950f58d170b94e7a8__matched_clean__fixed_q96,selection_val,ai_generated,5.503904819488525,0.9959456324577332,epoch_014,42,fixed_q96,resize,"{""cell_id"":""resize_scale_0.25"",""name"":""resize"",""output_format"":""PNG"",""parameter"":0.25,""stochastic"":false}",sid_set,unknown,unknown,unknown
sid_set_06d950f58d170b94e7a8__matched_clean__fixed_q96__benchmark__noise_sigma_0.02,sid_set_06d950f58d170b94e7a8,sid_set_06d950f58d170b94e7a8__matched_clean__fixed_q96,selection_val,ai_generated,6.345740795135498,0.9982489347457886,epoch_014,42,fixed_q96,noise,"{""cell_id"":""noise_sigma_0.02"",""name"":""noise"",""output_format"":""PNG"",""parameter"":0.02,""stochastic"":true}",sid_set,unknown,unknown,unknown
sid_set_06d950f58d170b94e7a8__matched_clean__fixed_q96__benchmark__noise_sigma_0.05,sid_set_06d950f58d170b94e7a8,sid_set_06d950f58d170b94e7a8__matched_clean__fixed_q96,selection_val,ai_generated,5.500946044921875,0.9959337115287781,epoch_014,42,fixed_q96,noise,"{""cell_id"":""noise_sigma_0.05"",""name"":""noise"",""output_format"":""PNG"",""parameter"":0.05,""stochastic"":true}",sid_set,unknown,unknown,unknown
sid_set_06d950f58d170b94e7a8__matched_clean__fixed_q96__benchmark__noise_sigma_0.1,sid_set_06d950f58d170b94e7a8,sid_set_06d950f58d170b94e7a8__matched_clean__fixed_q96,selection_val,ai_generated,3.7309749126434326,0.9765916466712952,epoch_014,42,fixed_q96,noise,"{""cell_id"":""noise_sigma_0.1"",""name"":""noise"",""output_format"":""PNG"",""parameter"":0.1,""stochastic"":true}",sid_set,unknown,unknown,unknown
sid_set_06d950f58d170b94e7a8__matched_clean__fixed_q96__benchmark__color_jitter_0.2,sid_set_06d950f58d170b94e7a8,sid_set_06d950f58d170b94e7a8__matched_clean__fixed_q96,selection_val,ai_generated,5.9067206382751465,0.997286319732666,epoch_014,42,fixed_q96,color_jitter,"{""cell_id"":""color_jitter_0.2"",""name"":""color_jitter"",""output_format"":""PNG"",""parameter"":0.2,""stochastic"":true}",sid_set,unknown,unknown,unknown
sid_set_06d950f58d170b94e7a8__matched_clean__fixed_q96__benchmark__center_crop_0.8,sid_set_06d950f58d170b94e7a8,sid_set_06d950f58d170b94e7a8__matched_clean__fixed_q96,selection_val,ai_generated,7.8346991539001465,0.9996044039726257,epoch_014,42,fixed_q96,center_crop,"{""cell_id"":""center_crop_0.8"",""name"":""center_crop"",""output_format"":""PNG"",""parameter"":0.8,""stochastic"":false}",sid_set,unknown,unknown,unknown
sid_set_071c575bac2d2242220d__matched_clean__fixed_q96__benchmark__jpeg_q90,sid_set_071c575bac2d2242220d,sid_set_071c575bac2d2242220d__matched_clean__fixed_q96,selection_val,ai_generated,5.330776691436768,0.9951830506324768,epoch_014,42,fixed_q96,jpeg,"{""cell_id"":""jpeg_q90"",""name"":""jpeg"",""output_format"":""JPEG"",""parameter"":90,""stochastic"":false}",sid_set,unknown,unknown,unknown
sid_set_071c575bac2d2242220d__matched_clean__fixed_q96__benchmark__jpeg_q70,sid_set_071c575bac2d2242220d,sid_set_071c575bac2d2242220d__matched_clean__fixed_q96,selection_val,ai_generated,4.852892875671387,0.9922547340393066,epoch_014,42,fixed_q96,jpeg,"{""cell_id"":""jpeg_q70"",""name"":""jpeg"",""output_format"":""JPEG"",""parameter"":70,""stochastic"":false}",sid_set,unknown,unknown,unknown
sid_set_071c575bac2d2242220d__matched_clean__fixed_q96__benchmark__jpeg_q50,sid_set_071c575bac2d2242220d,sid_set_071c575bac2d2242220d__matched_clean__fixed_q96,selection_val,ai_generated,5.137301921844482,0.9941607117652893,epoch_014,42,fixed_q96,jpeg,"{""cell_id"":""jpeg_q50"",""name"":""jpeg"",""output_format"":""JPEG"",""parameter"":50,""stochastic"":false}",sid_set,unknown,unknown,unknown
sid_set_071c575bac2d2242220d__matched_clean__fixed_q96__benchmark__jpeg_q30,sid_set_071c575bac2d2242220d,sid_set_071c575bac2d2242220d__matched_clean__fixed_q96,selection_val,ai_generated,4.619165420532227,0.9902352690696716,epoch_014,42,fixed_q96,jpeg,"{""cell_id"":""jpeg_q30"",""name"":""jpeg"",""output_format"":""JPEG"",""parameter"":30,""stochastic"":false}",sid_set,unknown,unknown,unknown
sid_set_071c575bac2d2242220d__matched_clean__fixed_q96__benchmark__blur_sigma_0.5,sid_set_071c575bac2d2242220d,sid_set_071c575bac2d2242220d__matched_clean__fixed_q96,selection_val,ai_generated,4.611415863037109,0.9901600480079651,epoch_014,42,fixed_q96,blur,"{""cell_id"":""blur_sigma_0.5"",""name"":""blur"",""output_format"":""PNG"",""parameter"":0.5,""stochastic"":false}",sid_set,unknown,unknown,unknown
sid_set_071c575bac2d2242220d__matched_clean__fixed_q96__benchmark__blur_sigma_1.0,sid_set_071c575bac2d2242220d,sid_set_071c575bac2d2242220d__matched_clean__fixed_q96,selection_val,ai_generated,4.802616119384766,0.9918585419654846,epoch_014,42,fixed_q96,blur,"{""cell_id"":""blur_sigma_1.0"",""name"":""blur"",""output_format"":""PNG"",""parameter"":1.0,""stochastic"":false}",sid_set,unknown,unknown,unknown
sid_set_071c575bac2d2242220d__matched_clean__fixed_q96__benchmark__blur_sigma_2.0,sid_set_071c575bac2d2242220d,sid_set_071c575bac2d2242220d__matched_clean__fixed_q96,selection_val,ai_generated,4.9746479988098145,0.9931365251541138,epoch_014,42,fixed_q96,blur,"{""cell_id"":""blur_sigma_2.0"",""name"":""blur"",""output_format"":""PNG"",""parameter"":2.0,""stochastic"":false}",sid_set,unknown,unknown,unknown
sid_set_071c575bac2d2242220d__matched_clean__fixed_q96__benchmark__resize_scale_0.5,sid_set_071c575bac2d2242220d,sid_set_071c575bac2d2242220d__matched_clean__fixed_q96,selection_val,ai_generated,5.263967037200928,0.9948518872261047,epoch_014,42,fixed_q96,resize,"{""cell_id"":""resize_scale_0.5"",""name"":""resize"",""output_format"":""PNG"",""parameter"":0.5,""stochastic"":false}",sid_set,unknown,unknown,unknown
sid_set_071c575bac2d2242220d__matched_clean__fixed_q96__benchmark__resize_scale_0.25,sid_set_071c575bac2d2242220d,sid_set_071c575bac2d2242220d__matched_clean__fixed_q96,selection_val,ai_generated,5.1579461097717285,0.9942793846130371,epoch_014,42,fixed_q96,resize,"{""cell_id"":""resize_scale_0.25"",""name"":""resize"",""output_format"":""PNG"",""parameter"":0.25,""stochastic"":false}",sid_set,unknown,unknown,unknown
sid_set_071c575bac2d2242220d__matched_clean__fixed_q96__benchmark__noise_sigma_0.02,sid_set_071c575bac2d2242220d,sid_set_071c575bac2d2242220d__matched_clean__fixed_q96,selection_val,ai_generated,3.9476613998413086,0.9810656905174255,epoch_014,42,fixed_q96,noise,"{""cell_id"":""noise_sigma_0.02"",""name"":""noise"",""output_format"":""PNG"",""parameter"":0.02,""stochastic"":true}",sid_set,unknown,unknown,unknown
sid_set_071c575bac2d2242220d__matched_clean__fixed_q96__benchmark__noise_sigma_0.05,sid_set_071c575bac2d2242220d,sid_set_071c575bac2d2242220d__matched_clean__fixed_q96,selection_val,ai_generated,3.6847105026245117,0.9755104184150696,epoch_014,42,fixed_q96,noise,"{""cell_id"":""noise_sigma_0.05"",""name"":""noise"",""output_format"":""PNG"",""parameter"":0.05,""stochastic"":true}",sid_set,unknown,unknown,unknown
sid_set_071c575bac2d2242220d__matched_clean__fixed_q96__benchmark__noise_sigma_0.1,sid_set_071c575bac2d2242220d,sid_set_071c575bac2d2242220d__matched_clean__fixed_q96,selection_val,ai_generated,2.791498899459839,0.9422146677970886,epoch_014,42,fixed_q96,noise,"{""cell_id"":""noise_sigma_0.1"",""name"":""noise"",""output_format"":""PNG"",""parameter"":0.1,""stochastic"":true}",sid_set,unknown,unknown,unknown
sid_set_071c575bac2d2242220d__matched_clean__fixed_q96__benchmark__color_jitter_0.2,sid_set_071c575bac2d2242220d,sid_set_071c575bac2d2242220d__matched_clean__fixed_q96,selection_val,ai_generated,5.3801655769348145,0.9954140186309814,epoch_014,42,fixed_q96,color_jitter,"{""cell_id"":""color_jitter_0.2"",""name"":""color_jitter"",""output_format"":""PNG"",""parameter"":0.2,""stochastic"":true}",sid_set,unknown,unknown,unknown
sid_set_071c575bac2d2242220d__matched_clean__fixed_q96__benchmark__center_crop_0.8,sid_set_071c575bac2d2242220d,sid_set_071c575bac2d2242220d__matched_clean__fixed_q96,selection_val,ai_generated,5.532986164093018,0.996061384677887,epoch_014,42,fixed_q96,center_crop,"{""cell_id"":""center_crop_0.8"",""name"":""center_crop"",""output_format"":""PNG"",""parameter"":0.8,""stochastic"":false}",sid_set,unknown,unknown,unknown
sid_set_072417e8340d67f6ad2d__matched_clean__fixed_q96__benchmark__jpeg_q90,sid_set_072417e8340d67f6ad2d,sid_set_072417e8340d67f6ad2d__matched_clean__fixed_q96,selection_val,authentic,-6.877374172210693,0.0010297858389094472,epoch_014,42,fixed_q96,jpeg,"{""cell_id"":""jpeg_q90"",""name"":""jpeg"",""output_format"":""JPEG"",""parameter"":90,""stochastic"":false}",sid_set,unknown,unknown,unknown
sid_set_072417e8340d67f6ad2d__matched_clean__fixed_q96__benchmark__jpeg_q70,sid_set_072417e8340d67f6ad2d,sid_set_072417e8340d67f6ad2d__matched_clean__fixed_q96,selection_val,authentic,-6.301300525665283,0.0018305610865354538,epoch_014,42,fixed_q96,jpeg,"{""cell_id"":""jpeg_q70"",""name"":""jpeg"",""output_format"":""JPEG"",""parameter"":70,""stochastic"":false}",sid_set,unknown,unknown,unknown
sid_set_072417e8340d67f6ad2d__matched_clean__fixed_q96__benchmark__jpeg_q50,sid_set_072417e8340d67f6ad2d,sid_set_072417e8340d67f6ad2d__matched_clean__fixed_q96,selection_val,authentic,-6.307734966278076,0.001818841672502458,epoch_014,42,fixed_q96,jpeg,"{""cell_id"":""jpeg_q50"",""name"":""jpeg"",""output_format"":""JPEG"",""parameter"":50,""stochastic"":false}",sid_set,unknown,unknown,unknown
sid_set_072417e8340d67f6ad2d__matched_clean__fixed_q96__benchmark__jpeg_q30,sid_set_072417e8340d67f6ad2d,sid_set_072417e8340d67f6ad2d__matched_clean__fixed_q96,selection_val,authentic,-5.606326580047607,0.0036610900424420834,epoch_014,42,fixed_q96,jpeg,"{""cell_id"":""jpeg_q30"",""name"":""jpeg"",""output_format"":""JPEG"",""parameter"":30,""stochastic"":false}",sid_set,unknown,unknown,unknown
sid_set_072417e8340d67f6ad2d__matched_clean__fixed_q96__benchmark__blur_sigma_0.5,sid_set_072417e8340d67f6ad2d,sid_set_072417e8340d67f6ad2d__matched_clean__fixed_q96,selection_val,authentic,-7.5201005935668945,0.0005417843349277973,epoch_014,42,fixed_q96,blur,"{""cell_id"":""blur_sigma_0.5"",""name"":""blur"",""output_format"":""PNG"",""parameter"":0.5,""stochastic"":false}",sid_set,unknown,unknown,unknown
sid_set_072417e8340d67f6ad2d__matched_clean__fixed_q96__benchmark__blur_sigma_1.0,sid_set_072417e8340d67f6ad2d,sid_set_072417e8340d67f6ad2d__matched_clean__fixed_q96,selection_val,authentic,-7.28877067565918,0.0006827009492553771,epoch_014,42,fixed_q96,blur,"{""cell_id"":""blur_sigma_1.0"",""name"":""blur"",""output_format"":""PNG"",""parameter"":1.0,""stochastic"":false}",sid_set,unknown,unknown,unknown
sid_set_072417e8340d67f6ad2d__matched_clean__fixed_q96__benchmark__blur_sigma_2.0,sid_set_072417e8340d67f6ad2d,sid_set_072417e8340d67f6ad2d__matched_clean__fixed_q96,selection_val,authentic,-5.485447406768799,0.00412955554202199,epoch_014,42,fixed_q96,blur,"{""cell_id"":""blur_sigma_2.0"",""name"":""blur"",""output_format"":""PNG"",""parameter"":2.0,""stochastic"":false}",sid_set,unknown,unknown,unknown
sid_set_072417e8340d67f6ad2d__matched_clean__fixed_q96__benchmark__resize_scale_0.5,sid_set_072417e8340d67f6ad2d,sid_set_072417e8340d67f6ad2d__matched_clean__fixed_q96,selection_val,authentic,-5.751884937286377,0.0031667270231992006,epoch_014,42,fixed_q96,resize,"{""cell_id"":""resize_scale_0.5"",""name"":""resize"",""output_format"":""PNG"",""parameter"":0.5,""stochastic"":false}",sid_set,unknown,unknown,unknown
sid_set_072417e8340d67f6ad2d__matched_clean__fixed_q96__benchmark__resize_scale_0.25,sid_set_072417e8340d67f6ad2d,sid_set_072417e8340d67f6ad2d__matched_clean__fixed_q96,selection_val,authentic,-5.42425012588501,0.004389022011309862,epoch_014,42,fixed_q96,resize,"{""cell_id"":""resize_scale_0.25"",""name"":""resize"",""output_format"":""PNG"",""parameter"":0.25,""stochastic"":false}",sid_set,unknown,unknown,unknown
sid_set_072417e8340d67f6ad2d__matched_clean__fixed_q96__benchmark__noise_sigma_0.02,sid_set_072417e8340d67f6ad2d,sid_set_072417e8340d67f6ad2d__matched_clean__fixed_q96,selection_val,authentic,-6.09627103805542,0.002246190095320344,epoch_014,42,fixed_q96,noise,"{""cell_id"":""noise_sigma_0.02"",""name"":""noise"",""output_format"":""PNG"",""parameter"":0.02,""stochastic"":true}",sid_set,unknown,unknown,unknown
sid_set_072417e8340d67f6ad2d__matched_clean__fixed_q96__benchmark__noise_sigma_0.05,sid_set_072417e8340d67f6ad2d,sid_set_072417e8340d67f6ad2d__matched_clean__fixed_q96,selection_val,authentic,-5.041543006896973,0.0064222551882267,epoch_014,42,fixed_q96,noise,"{""cell_id"":""noise_sigma_0.05"",""name"":""noise"",""output_format"":""PNG"",""parameter"":0.05,""stochastic"":true}",sid_set,unknown,unknown,unknown
sid_set_072417e8340d67f6ad2d__matched_clean__fixed_q96__benchmark__noise_sigma_0.1,sid_set_072417e8340d67f6ad2d,sid_set_072417e8340d67f6ad2d__matched_clean__fixed_q96,selection_val,authentic,-4.121674060821533,0.01595853827893734,epoch_014,42,fixed_q96,noise,"{""cell_id"":""noise_sigma_0.1"",""name"":""noise"",""output_format"":""PNG"",""parameter"":0.1,""stochastic"":true}",sid_set,unknown,unknown,unknown
sid_set_072417e8340d67f6ad2d__matched_clean__fixed_q96__benchmark__color_jitter_0.2,sid_set_072417e8340d67f6ad2d,sid_set_072417e8340d67f6ad2d__matched_clean__fixed_q96,selection_val,authentic,-6.614055633544922,0.0013395841233432293,epoch_014,42,fixed_q96,color_jitter,"{""cell_id"":""color_jitter_0.2"",""name"":""color_jitter"",""output_format"":""PNG"",""parameter"":0.2,""stochastic"":true}",sid_set,unknown,unknown,unknown
sid_set_072417e8340d67f6ad2d__matched_clean__fixed_q96__benchmark__center_crop_0.8,sid_set_072417e8340d67f6ad2d,sid_set_072417e8340d67f6ad2d__matched_clean__fixed_q96,selection_val,authentic,-6.9375691413879395,0.0009696850320324302,epoch_014,42,fixed_q96,center_crop,"{""cell_id"":""center_crop_0.8"",""name"":""center_crop"",""output_format"":""PNG"",""parameter"":0.8,""stochastic"":false}",sid_set,unknown,unknown,unknown
sid_set_075b88b949fa3023577e__matched_clean__fixed_q96__benchmark__jpeg_q90,sid_set_075b88b949fa3023577e,sid_set_075b88b949fa3023577e__matched_clean__fixed_q96,selection_val,ai_generated,5.569343566894531,0.9962014555931091,epoch_014,42,fixed_q96,jpeg,"{""cell_id"":""jpeg_q90"",""name"":""jpeg"",""output_format"":""JPEG"",""parameter"":90,""stochastic"":false}",sid_set,unknown,unknown,unknown
sid_set_075b88b949fa3023577e__matched_clean__fixed_q96__benchmark__jpeg_q70,sid_set_075b88b949fa3023577e,sid_set_075b88b949fa3023577e__matched_clean__fixed_q96,selection_val,ai_generated,5.368860244750977,0.9953622221946716,epoch_014,42,fixed_q96,jpeg,"{""cell_id"":""jpeg_q70"",""name"":""jpeg"",""output_format"":""JPEG"",""parameter"":70,""stochastic"":false}",sid_set,unknown,unknown,unknown
sid_set_075b88b949fa3023577e__matched_clean__fixed_q96__benchmark__jpeg_q50,sid_set_075b88b949fa3023577e,sid_set_075b88b949fa3023577e__matched_clean__fixed_q96,selection_val,ai_generated,4.831918716430664,0.9920918941497803,epoch_014,42,fixed_q96,jpeg,"{""cell_id"":""jpeg_q50"",""name"":""jpeg"",""output_format"":""JPEG"",""parameter"":50,""stochastic"":false}",sid_set,unknown,unknown,unknown
sid_set_075b88b949fa3023577e__matched_clean__fixed_q96__benchmark__jpeg_q30,sid_set_075b88b949fa3023577e,sid_set_075b88b949fa3023577e__matched_clean__fixed_q96,selection_val,ai_generated,3.3007123470306396,0.9644532799720764,epoch_014,42,fixed_q96,jpeg,"{""cell_id"":""jpeg_q30"",""name"":""jpeg"",""output_format"":""JPEG"",""parameter"":30,""stochastic"":false}",sid_set,unknown,unknown,unknown
sid_set_075b88b949fa3023577e__matched_clean__fixed_q96__benchmark__blur_sigma_0.5,sid_set_075b88b949fa3023577e,sid_set_075b88b949fa3023577e__matched_clean__fixed_q96,selection_val,ai_generated,5.441450595855713,0.9956855773925781,epoch_014,42,fixed_q96,blur,"{""cell_id"":""blur_sigma_0.5"",""name"":""blur"",""output_format"":""PNG"",""parameter"":0.5,""stochastic"":false}",sid_set,unknown,unknown,unknown
sid_set_075b88b949fa3023577e__matched_clean__fixed_q96__benchmark__blur_sigma_1.0,sid_set_075b88b949fa3023577e,sid_set_075b88b949fa3023577e__matched_clean__fixed_q96,selection_val,ai_generated,4.549245357513428,0.9895355105400085,epoch_014,42,fixed_q96,blur,"{""cell_id"":""blur_sigma_1.0"",""name"":""blur"",""output_format"":""PNG"",""parameter"":1.0,""stochastic"":false}",sid_set,unknown,unknown,unknown
sid_set_075b88b949fa3023577e__matched_clean__fixed_q96__benchmark__blur_sigma_2.0,sid_set_075b88b949fa3023577e,sid_set_075b88b949fa3023577e__matched_clean__fixed_q96,selection_val,ai_generated,3.3958921432495117,0.9675758481025696,epoch_014,42,fixed_q96,blur,"{""cell_id"":""blur_sigma_2.0"",""name"":""blur"",""output_format"":""PNG"",""parameter"":2.0,""stochastic"":false}",sid_set,unknown,unknown,unknown
sid_set_075b88b949fa3023577e__matched_clean__fixed_q96__benchmark__resize_scale_0.5,sid_set_075b88b949fa3023577e,sid_set_075b88b949fa3023577e__matched_clean__fixed_q96,selection_val,ai_generated,4.511362075805664,0.9891358613967896,epoch_014,42,fixed_q96,resize,"{""cell_id"":""resize_scale_0.5"",""name"":""resize"",""output_format"":""PNG"",""parameter"":0.5,""stochastic"":false}",sid_set,unknown,unknown,unknown
sid_set_075b88b949fa3023577e__matched_clean__fixed_q96__benchmark__resize_scale_0.25,sid_set_075b88b949fa3023577e,sid_set_075b88b949fa3023577e__matched_clean__fixed_q96,selection_val,ai_generated,2.8519527912139893,0.9454194903373718,epoch_014,42,fixed_q96,resize,"{""cell_id"":""resize_scale_0.25"",""name"":""resize"",""output_format"":""PNG"",""parameter"":0.25,""stochastic"":false}",sid_set,unknown,unknown,unknown
sid_set_075b88b949fa3023577e__matched_clean__fixed_q96__benchmark__noise_sigma_0.02,sid_set_075b88b949fa3023577e,sid_set_075b88b949fa3023577e__matched_clean__fixed_q96,selection_val,ai_generated,3.107154369354248,0.9571868777275085,epoch_014,42,fixed_q96,noise,"{""cell_id"":""noise_sigma_0.02"",""name"":""noise"",""output_format"":""PNG"",""parameter"":0.02,""stochastic"":true}",sid_set,unknown,unknown,unknown
sid_set_075b88b949fa3023577e__matched_clean__fixed_q96__benchmark__noise_sigma_0.05,sid_set_075b88b949fa3023577e,sid_set_075b88b949fa3023577e__matched_clean__fixed_q96,selection_val,ai_generated,1.8955953121185303,0.8693922162055969,epoch_014,42,fixed_q96,noise,"{""cell_id"":""noise_sigma_0.05"",""name"":""noise"",""output_format"":""PNG"",""parameter"":0.05,""stochastic"":true}",sid_set,unknown,unknown,unknown
sid_set_075b88b949fa3023577e__matched_clean__fixed_q96__benchmark__noise_sigma_0.1,sid_set_075b88b949fa3023577e,sid_set_075b88b949fa3023577e__matched_clean__fixed_q96,selection_val,ai_generated,1.1263856887817383,0.7551712989807129,epoch_014,42,fixed_q96,noise,"{""cell_id"":""noise_sigma_0.1"",""name"":""noise"",""output_format"":""PNG"",""parameter"":0.1,""stochastic"":true}",sid_set,unknown,unknown,unknown
sid_set_075b88b949fa3023577e__matched_clean__fixed_q96__benchmark__color_jitter_0.2,sid_set_075b88b949fa3023577e,sid_set_075b88b949fa3023577e__matched_clean__fixed_q96,selection_val,ai_generated,5.228146076202393,0.9946651458740234,epoch_014,42,fixed_q96,color_jitter,"{""cell_id"":""color_jitter_0.2"",""name"":""color_jitter"",""output_format"":""PNG"",""parameter"":0.2,""stochastic"":true}",sid_set,unknown,unknown,unknown
sid_set_075b88b949fa3023577e__matched_clean__fixed_q96__benchmark__center_crop_0.8,sid_set_075b88b949fa3023577e,sid_set_075b88b949fa3023577e__matched_clean__fixed_q96,selection_val,ai_generated,5.862552165985107,0.9971640706062317,epoch_014,42,fixed_q96,center_crop,"{""cell_id"":""center_crop_0.8"",""name"":""center_crop"",""output_format"":""PNG"",""parameter"":0.8,""stochastic"":false}",sid_set,unknown,unknown,unknown
sid_set_077aef332961f26c3996__matched_clean__fixed_q96__benchmark__jpeg_q90,sid_set_077aef332961f26c3996,sid_set_077aef332961f26c3996__matched_clean__fixed_q96,selection_val,ai_generated,6.6754069328308105,0.998740017414093,epoch_014,42,fixed_q96,jpeg,"{""cell_id"":""jpeg_q90"",""name"":""jpeg"",""output_format"":""JPEG"",""parameter"":90,""stochastic"":false}",sid_set,unknown,unknown,unknown
sid_set_077aef332961f26c3996__matched_clean__fixed_q96__benchmark__jpeg_q70,sid_set_077aef332961f26c3996,sid_set_077aef332961f26c3996__matched_clean__fixed_q96,selection_val,ai_generated,6.0974578857421875,0.9977565407752991,epoch_014,42,fixed_q96,jpeg,"{""cell_id"":""jpeg_q70"",""name"":""jpeg"",""output_format"":""JPEG"",""parameter"":70,""stochastic"":false}",sid_set,unknown,unknown,unknown
sid_set_077aef332961f26c3996__matched_clean__fixed_q96__benchmark__jpeg_q50,sid_set_077aef332961f26c3996,sid_set_077aef332961f26c3996__matched_clean__fixed_q96,selection_val,ai_generated,5.667415142059326,0.9965550899505615,epoch_014,42,fixed_q96,jpeg,"{""cell_id"":""jpeg_q50"",""name"":""jpeg"",""output_format"":""JPEG"",""parameter"":50,""stochastic"":false}",sid_set,unknown,unknown,unknown
sid_set_077aef332961f26c3996__matched_clean__fixed_q96__benchmark__jpeg_q30,sid_set_077aef332961f26c3996,sid_set_077aef332961f26c3996__matched_clean__fixed_q96,selection_val,ai_generated,5.027724266052246,0.9934890270233154,epoch_014,42,fixed_q96,jpeg,"{""cell_id"":""jpeg_q30"",""name"":""jpeg"",""output_format"":""JPEG"",""parameter"":30,""stochastic"":false}",sid_set,unknown,unknown,unknown
sid_set_077aef332961f26c3996__matched_clean__fixed_q96__benchmark__blur_sigma_0.5,sid_set_077aef332961f26c3996,sid_set_077aef332961f26c3996__matched_clean__fixed_q96,selection_val,ai_generated,5.34567928314209,0.9952539205551147,epoch_014,42,fixed_q96,blur,"{""cell_id"":""blur_sigma_0.5"",""name"":""blur"",""output_format"":""PNG"",""parameter"":0.5,""stochastic"":false}",sid_set,unknown,unknown,unknown
sid_set_077aef332961f26c3996__matched_clean__fixed_q96__benchmark__blur_sigma_1.0,sid_set_077aef332961f26c3996,sid_set_077aef332961f26c3996__matched_clean__fixed_q96,selection_val,ai_generated,3.775421142578125,0.9775865077972412,epoch_014,42,fixed_q96,blur,"{""cell_id"":""blur_sigma_1.0"",""name"":""blur"",""output_format"":""PNG"",""parameter"":1.0,""stochastic"":false}",sid_set,unknown,unknown,unknown
sid_set_077aef332961f26c3996__matched_clean__fixed_q96__benchmark__blur_sigma_2.0,sid_set_077aef332961f26c3996,sid_set_077aef332961f26c3996__matched_clean__fixed_q96,selection_val,ai_generated,4.202073574066162,0.9852561950683594,epoch_014,42,fixed_q96,blur,"{""cell_id"":""blur_sigma_2.0"",""name"":""blur"",""output_format"":""PNG"",""parameter"":2.0,""stochastic"":false}",sid_set,unknown,unknown,unknown
sid_set_077aef332961f26c3996__matched_clean__fixed_q96__benchmark__resize_scale_0.5,sid_set_077aef332961f26c3996,sid_set_077aef332961f26c3996__matched_clean__fixed_q96,selection_val,ai_generated,4.104760646820068,0.9837737083435059,epoch_014,42,fixed_q96,resize,"{""cell_id"":""resize_scale_0.5"",""name"":""resize"",""output_format"":""PNG"",""parameter"":0.5,""stochastic"":false}",sid_set,unknown,unknown,unknown
sid_set_077aef332961f26c3996__matched_clean__fixed_q96__benchmark__resize_scale_0.25,sid_set_077aef332961f26c3996,sid_set_077aef332961f26c3996__matched_clean__fixed_q96,selection_val,ai_generated,3.2104530334472656,0.9612258076667786,epoch_014,42,fixed_q96,resize,"{""cell_id"":""resize_scale_0.25"",""name"":""resize"",""output_format"":""PNG"",""parameter"":0.25,""stochastic"":false}",sid_set,unknown,unknown,unknown
sid_set_077aef332961f26c3996__matched_clean__fixed_q96__benchmark__noise_sigma_0.02,sid_set_077aef332961f26c3996,sid_set_077aef332961f26c3996__matched_clean__fixed_q96,selection_val,ai_generated,5.284872531890869,0.9949578642845154,epoch_014,42,fixed_q96,noise,"{""cell_id"":""noise_sigma_0.02"",""name"":""noise"",""output_format"":""PNG"",""parameter"":0.02,""stochastic"":true}",sid_set,unknown,unknown,unknown
sid_set_077aef332961f26c3996__matched_clean__fixed_q96__benchmark__noise_sigma_0.05,sid_set_077aef332961f26c3996,sid_set_077aef332961f26c3996__matched_clean__fixed_q96,selection_val,ai_generated,4.19527530670166,0.9851570129394531,epoch_014,42,fixed_q96,noise,"{""cell_id"":""noise_sigma_0.05"",""name"":""noise"",""output_format"":""PNG"",""parameter"":0.05,""stochastic"":true}",sid_set,unknown,unknown,unknown
sid_set_077aef332961f26c3996__matched_clean__fixed_q96__benchmark__noise_sigma_0.1,sid_set_077aef332961f26c3996,sid_set_077aef332961f26c3996__matched_clean__fixed_q96,selection_val,ai_generated,3.885625123977661,0.9798781871795654,epoch_014,42,fixed_q96,noise,"{""cell_id"":""noise_sigma_0.1"",""name"":""noise"",""output_format"":""PNG"",""parameter"":0.1,""stochastic"":true}",sid_set,unknown,unknown,unknown
sid_set_077aef332961f26c3996__matched_clean__fixed_q96__benchmark__color_jitter_0.2,sid_set_077aef332961f26c3996,sid_set_077aef332961f26c3996__matched_clean__fixed_q96,selection_val,ai_generated,6.431281089782715,0.9983921647071838,epoch_014,42,fixed_q96,color_jitter,"{""cell_id"":""color_jitter_0.2"",""name"":""color_jitter"",""output_format"":""PNG"",""parameter"":0.2,""stochastic"":true}",sid_set,unknown,unknown,unknown
sid_set_077aef332961f26c3996__matched_clean__fixed_q96__benchmark__center_crop_0.8,sid_set_077aef332961f26c3996,sid_set_077aef332961f26c3996__matched_clean__fixed_q96,selection_val,ai_generated,5.249581813812256,0.9947776794433594,epoch_014,42,fixed_q96,center_crop,"{""cell_id"":""center_crop_0.8"",""name"":""center_crop"",""output_format"":""PNG"",""parameter"":0.8,""stochastic"":false}",sid_set,unknown,unknown,unknown
sid_set_079db4dfbdd60f58a440__matched_clean__fixed_q96__benchmark__jpeg_q90,sid_set_079db4dfbdd60f58a440,sid_set_079db4dfbdd60f58a440__matched_clean__fixed_q96,selection_val,ai_generated,7.31102180480957,0.9993322491645813,epoch_014,42,fixed_q96,jpeg,"{""cell_id"":""jpeg_q90"",""name"":""jpeg"",""output_format"":""JPEG"",""parameter"":90,""stochastic"":false}",sid_set,unknown,unknown,unknown
sid_set_079db4dfbdd60f58a440__matched_clean__fixed_q96__benchmark__jpeg_q70,sid_set_079db4dfbdd60f58a440,sid_set_079db4dfbdd60f58a440__matched_clean__fixed_q96,selection_val,ai_generated,8.233037948608398,0.9997343420982361,epoch_014,42,fixed_q96,jpeg,"{""cell_id"":""jpeg_q70"",""name"":""jpeg"",""output_format"":""JPEG"",""parameter"":70,""stochastic"":false}",sid_set,unknown,unknown,unknown
sid_set_079db4dfbdd60f58a440__matched_clean__fixed_q96__benchmark__jpeg_q50,sid_set_079db4dfbdd60f58a440,sid_set_079db4dfbdd60f58a440__matched_clean__fixed_q96,selection_val,ai_generated,7.962671756744385,0.9996519088745117,epoch_014,42,fixed_q96,jpeg,"{""cell_id"":""jpeg_q50"",""name"":""jpeg"",""output_format"":""JPEG"",""parameter"":50,""stochastic"":false}",sid_set,unknown,unknown,unknown
sid_set_079db4dfbdd60f58a440__matched_clean__fixed_q96__benchmark__jpeg_q30,sid_set_079db4dfbdd60f58a440,sid_set_079db4dfbdd60f58a440__matched_clean__fixed_q96,selection_val,ai_generated,7.383668422698975,0.99937903881073,epoch_014,42,fixed_q96,jpeg,"{""cell_id"":""jpeg_q30"",""name"":""jpeg"",""output_format"":""JPEG"",""parameter"":30,""stochastic"":false}",sid_set,unknown,unknown,unknown
sid_set_079db4dfbdd60f58a440__matched_clean__fixed_q96__benchmark__blur_sigma_0.5,sid_set_079db4dfbdd60f58a440,sid_set_079db4dfbdd60f58a440__matched_clean__fixed_q96,selection_val,ai_generated,6.345520496368408,0.9982484579086304,epoch_014,42,fixed_q96,blur,"{""cell_id"":""blur_sigma_0.5"",""name"":""blur"",""output_format"":""PNG"",""parameter"":0.5,""stochastic"":false}",sid_set,unknown,unknown,unknown
sid_set_079db4dfbdd60f58a440__matched_clean__fixed_q96__benchmark__blur_sigma_1.0,sid_set_079db4dfbdd60f58a440,sid_set_079db4dfbdd60f58a440__matched_clean__fixed_q96,selection_val,ai_generated,5.529200077056885,0.9960464835166931,epoch_014,42,fixed_q96,blur,"{""cell_id"":""blur_sigma_1.0"",""name"":""blur"",""output_format"":""PNG"",""parameter"":1.0,""stochastic"":false}",sid_set,unknown,unknown,unknown
sid_set_079db4dfbdd60f58a440__matched_clean__fixed_q96__benchmark__blur_sigma_2.0,sid_set_079db4dfbdd60f58a440,sid_set_079db4dfbdd60f58a440__matched_clean__fixed_q96,selection_val,ai_generated,5.3863067626953125,0.9954420328140259,epoch_014,42,fixed_q96,blur,"{""cell_id"":""blur_sigma_2.0"",""name"":""blur"",""output_format"":""PNG"",""parameter"":2.0,""stochastic"":false}",sid_set,unknown,unknown,unknown
sid_set_079db4dfbdd60f58a440__matched_clean__fixed_q96__benchmark__resize_scale_0.5,sid_set_079db4dfbdd60f58a440,sid_set_079db4dfbdd60f58a440__matched_clean__fixed_q96,selection_val,ai_generated,5.75639009475708,0.9968474507331848,epoch_014,42,fixed_q96,resize,"{""cell_id"":""resize_scale_0.5"",""name"":""resize"",""output_format"":""PNG"",""parameter"":0.5,""stochastic"":false}",sid_set,unknown,unknown,unknown
sid_set_079db4dfbdd60f58a440__matched_clean__fixed_q96__benchmark__resize_scale_0.25,sid_set_079db4dfbdd60f58a440,sid_set_079db4dfbdd60f58a440__matched_clean__fixed_q96,selection_val,ai_generated,4.9400315284729,0.9928964972496033,epoch_014,42,fixed_q96,resize,"{""cell_id"":""resize_scale_0.25"",""name"":""resize"",""output_format"":""PNG"",""parameter"":0.25,""stochastic"":false}",sid_set,unknown,unknown,unknown
sid_set_079db4dfbdd60f58a440__matched_clean__fixed_q96__benchmark__noise_sigma_0.02,sid_set_079db4dfbdd60f58a440,sid_set_079db4dfbdd60f58a440__matched_clean__fixed_q96,selection_val,ai_generated,6.882299900054932,0.9989752769470215,epoch_014,42,fixed_q96,noise,"{""cell_id"":""noise_sigma_0.02"",""name"":""noise"",""output_format"":""PNG"",""parameter"":0.02,""stochastic"":true}",sid_set,unknown,unknown,unknown
sid_set_079db4dfbdd60f58a440__matched_clean__fixed_q96__benchmark__noise_sigma_0.05,sid_set_079db4dfbdd60f58a440,sid_set_079db4dfbdd60f58a440__matched_clean__fixed_q96,selection_val,ai_generated,5.761556625366211,0.9968637228012085,epoch_014,42,fixed_q96,noise,"{""cell_id"":""noise_sigma_0.05"",""name"":""noise"",""output_format"":""PNG"",""parameter"":0.05,""stochastic"":true}",sid_set,unknown,unknown,unknown
sid_set_079db4dfbdd60f58a440__matched_clean__fixed_q96__benchmark__noise_sigma_0.1,sid_set_079db4dfbdd60f58a440,sid_set_079db4dfbdd60f58a440__matched_clean__fixed_q96,selection_val,ai_generated,4.546755313873291,0.9895097017288208,epoch_014,42,fixed_q96,noise,"{""cell_id"":""noise_sigma_0.1"",""name"":""noise"",""output_format"":""PNG"",""parameter"":0.1,""stochastic"":true}",sid_set,unknown,unknown,unknown
sid_set_079db4dfbdd60f58a440__matched_clean__fixed_q96__benchmark__color_jitter_0.2,sid_set_079db4dfbdd60f58a440,sid_set_079db4dfbdd60f58a440__matched_clean__fixed_q96,selection_val,ai_generated,7.474568843841553,0.9994329810142517,epoch_014,42,fixed_q96,color_jitter,"{""cell_id"":""color_jitter_0.2"",""name"":""color_jitter"",""output_format"":""PNG"",""parameter"":0.2,""stochastic"":true}",sid_set,unknown,unknown,unknown
sid_set_079db4dfbdd60f58a440__matched_clean__fixed_q96__benchmark__center_crop_0.8,sid_set_079db4dfbdd60f58a440,sid_set_079db4dfbdd60f58a440__matched_clean__fixed_q96,selection_val,ai_generated,7.068156719207764,0.999148964881897,epoch_014,42,fixed_q96,center_crop,"{""cell_id"":""center_crop_0.8"",""name"":""center_crop"",""output_format"":""PNG"",""parameter"":0.8,""stochastic"":false}",sid_set,unknown,unknown,unknown
sid_set_07c70168a1ada1ce482e__matched_clean__fixed_q96__benchmark__jpeg_q90,sid_set_07c70168a1ada1ce482e,sid_set_07c70168a1ada1ce482e__matched_clean__fixed_q96,selection_val,ai_generated,7.0803399085998535,0.9991592168807983,epoch_014,42,fixed_q96,jpeg,"{""cell_id"":""jpeg_q90"",""name"":""jpeg"",""output_format"":""JPEG"",""parameter"":90,""stochastic"":false}",sid_set,unknown,unknown,unknown
sid_set_07c70168a1ada1ce482e__matched_clean__fixed_q96__benchmark__jpeg_q70,sid_set_07c70168a1ada1ce482e,sid_set_07c70168a1ada1ce482e__matched_clean__fixed_q96,selection_val,ai_generated,6.521273612976074,0.998530387878418,epoch_014,42,fixed_q96,jpeg,"{""cell_id"":""jpeg_q70"",""name"":""jpeg"",""output_format"":""JPEG"",""parameter"":70,""stochastic"":false}",sid_set,unknown,unknown,unknown
sid_set_07c70168a1ada1ce482e__matched_clean__fixed_q96__benchmark__jpeg_q50,sid_set_07c70168a1ada1ce482e,sid_set_07c70168a1ada1ce482e__matched_clean__fixed_q96,selection_val,ai_generated,7.181117057800293,0.9992398023605347,epoch_014,42,fixed_q96,jpeg,"{""cell_id"":""jpeg_q50"",""name"":""jpeg"",""output_format"":""JPEG"",""parameter"":50,""stochastic"":false}",sid_set,unknown,unknown,unknown
sid_set_07c70168a1ada1ce482e__matched_clean__fixed_q96__benchmark__jpeg_q30,sid_set_07c70168a1ada1ce482e,sid_set_07c70168a1ada1ce482e__matched_clean__fixed_q96,selection_val,ai_generated,6.003140926361084,0.9975351095199585,epoch_014,42,fixed_q96,jpeg,"{""cell_id"":""jpeg_q30"",""name"":""jpeg"",""output_format"":""JPEG"",""parameter"":30,""stochastic"":false}",sid_set,unknown,unknown,unknown
sid_set_07c70168a1ada1ce482e__matched_clean__fixed_q96__benchmark__blur_sigma_0.5,sid_set_07c70168a1ada1ce482e,sid_set_07c70168a1ada1ce482e__matched_clean__fixed_q96,selection_val,ai_generated,5.509115695953369,0.9959666728973389,epoch_014,42,fixed_q96,blur,"{""cell_id"":""blur_sigma_0.5"",""name"":""blur"",""output_format"":""PNG"",""parameter"":0.5,""stochastic"":false}",sid_set,unknown,unknown,unknown
sid_set_07c70168a1ada1ce482e__matched_clean__fixed_q96__benchmark__blur_sigma_1.0,sid_set_07c70168a1ada1ce482e,sid_set_07c70168a1ada1ce482e__matched_clean__fixed_q96,selection_val,ai_generated,5.238187789916992,0.9947182536125183,epoch_014,42,fixed_q96,blur,"{""cell_id"":""blur_sigma_1.0"",""name"":""blur"",""output_format"":""PNG"",""parameter"":1.0,""stochastic"":false}",sid_set,unknown,unknown,unknown
sid_set_07c70168a1ada1ce482e__matched_clean__fixed_q96__benchmark__blur_sigma_2.0,sid_set_07c70168a1ada1ce482e,sid_set_07c70168a1ada1ce482e__matched_clean__fixed_q96,selection_val,ai_generated,4.471593379974365,0.9887000918388367,epoch_014,42,fixed_q96,blur,"{""cell_id"":""blur_sigma_2.0"",""name"":""blur"",""output_format"":""PNG"",""parameter"":2.0,""stochastic"":false}",sid_set,unknown,unknown,unknown
sid_set_07c70168a1ada1ce482e__matched_clean__fixed_q96__benchmark__resize_scale_0.5,sid_set_07c70168a1ada1ce482e,sid_set_07c70168a1ada1ce482e__matched_clean__fixed_q96,selection_val,ai_generated,5.547834396362305,0.9961192607879639,epoch_014,42,fixed_q96,resize,"{""cell_id"":""resize_scale_0.5"",""name"":""resize"",""output_format"":""PNG"",""parameter"":0.5,""stochastic"":false}",sid_set,unknown,unknown,unknown
sid_set_07c70168a1ada1ce482e__matched_clean__fixed_q96__benchmark__resize_scale_0.25,sid_set_07c70168a1ada1ce482e,sid_set_07c70168a1ada1ce482e__matched_clean__fixed_q96,selection_val,ai_generated,3.417759418487549,0.9682549834251404,epoch_014,42,fixed_q96,resize,"{""cell_id"":""resize_scale_0.25"",""name"":""resize"",""output_format"":""PNG"",""parameter"":0.25,""stochastic"":false}",sid_set,unknown,unknown,unknown
sid_set_07c70168a1ada1ce482e__matched_clean__fixed_q96__benchmark__noise_sigma_0.02,sid_set_07c70168a1ada1ce482e,sid_set_07c70168a1ada1ce482e__matched_clean__fixed_q96,selection_val,ai_generated,6.082995891571045,0.9977238774299622,epoch_014,42,fixed_q96,noise,"{""cell_id"":""noise_sigma_0.02"",""name"":""noise"",""output_format"":""PNG"",""parameter"":0.02,""stochastic"":true}",sid_set,unknown,unknown,unknown
sid_set_07c70168a1ada1ce482e__matched_clean__fixed_q96__benchmark__noise_sigma_0.05,sid_set_07c70168a1ada1ce482e,sid_set_07c70168a1ada1ce482e__matched_clean__fixed_q96,selection_val,ai_generated,5.167037487030029,0.994330883026123,epoch_014,42,fixed_q96,noise,"{""cell_id"":""noise_sigma_0.05"",""name"":""noise"",""output_format"":""PNG"",""parameter"":0.05,""stochastic"":true}",sid_set,unknown,unknown,unknown
sid_set_07c70168a1ada1ce482e__matched_clean__fixed_q96__benchmark__noise_sigma_0.1,sid_set_07c70168a1ada1ce482e,sid_set_07c70168a1ada1ce482e__matched_clean__fixed_q96,selection_val,ai_generated,4.622732639312744,0.990269660949707,epoch_014,42,fixed_q96,noise,"{""cell_id"":""noise_sigma_0.1"",""name"":""noise"",""output_format"":""PNG"",""parameter"":0.1,""stochastic"":true}",sid_set,unknown,unknown,unknown
sid_set_07c70168a1ada1ce482e__matched_clean__fixed_q96__benchmark__color_jitter_0.2,sid_set_07c70168a1ada1ce482e,sid_set_07c70168a1ada1ce482e__matched_clean__fixed_q96,selection_val,ai_generated,6.92554235458374,0.9990185499191284,epoch_014,42,fixed_q96,color_jitter,"{""cell_id"":""color_jitter_0.2"",""name"":""color_jitter"",""output_format"":""PNG"",""parameter"":0.2,""stochastic"":true}",sid_set,unknown,unknown,unknown
sid_set_07c70168a1ada1ce482e__matched_clean__fixed_q96__benchmark__center_crop_0.8,sid_set_07c70168a1ada1ce482e,sid_set_07c70168a1ada1ce482e__matched_clean__fixed_q96,selection_val,ai_generated,6.392117023468018,0.9983281493186951,epoch_014,42,fixed_q96,center_crop,"{""cell_id"":""center_crop_0.8"",""name"":""center_crop"",""output_format"":""PNG"",""parameter"":0.8,""stochastic"":false}",sid_set,unknown,unknown,unknown
sid_set_07e7b14841934144e95e__matched_clean__fixed_q96__benchmark__jpeg_q90,sid_set_07e7b14841934144e95e,sid_set_07e7b14841934144e95e__matched_clean__fixed_q96,selection_val,authentic,-5.4445295333862305,0.004301290959119797,epoch_014,42,fixed_q96,jpeg,"{""cell_id"":""jpeg_q90"",""name"":""jpeg"",""output_format"":""JPEG"",""parameter"":90,""stochastic"":false}",sid_set,unknown,unknown,unknown
sid_set_07e7b14841934144e95e__matched_clean__fixed_q96__benchmark__jpeg_q70,sid_set_07e7b14841934144e95e,sid_set_07e7b14841934144e95e__matched_clean__fixed_q96,selection_val,authentic,-5.255323886871338,0.005192552227526903,epoch_014,42,fixed_q96,jpeg,"{""cell_id"":""jpeg_q70"",""name"":""jpeg"",""output_format"":""JPEG"",""parameter"":70,""stochastic"":false}",sid_set,unknown,unknown,unknown
sid_set_07e7b14841934144e95e__matched_clean__fixed_q96__benchmark__jpeg_q50,sid_set_07e7b14841934144e95e,sid_set_07e7b14841934144e95e__matched_clean__fixed_q96,selection_val,authentic,-5.0618977546691895,0.006293667946010828,epoch_014,42,fixed_q96,jpeg,"{""cell_id"":""jpeg_q50"",""name"":""jpeg"",""output_format"":""JPEG"",""parameter"":50,""stochastic"":false}",sid_set,unknown,unknown,unknown
sid_set_07e7b14841934144e95e__matched_clean__fixed_q96__benchmark__jpeg_q30,sid_set_07e7b14841934144e95e,sid_set_07e7b14841934144e95e__matched_clean__fixed_q96,selection_val,authentic,-4.910183429718018,0.007317200303077698,epoch_014,42,fixed_q96,jpeg,"{""cell_id"":""jpeg_q30"",""name"":""jpeg"",""output_format"":""JPEG"",""parameter"":30,""stochastic"":false}",sid_set,unknown,unknown,unknown
sid_set_07e7b14841934144e95e__matched_clean__fixed_q96__benchmark__blur_sigma_0.5,sid_set_07e7b14841934144e95e,sid_set_07e7b14841934144e95e__matched_clean__fixed_q96,selection_val,authentic,-5.975859642028809,0.00253288634121418,epoch_014,42,fixed_q96,blur,"{""cell_id"":""blur_sigma_0.5"",""name"":""blur"",""output_format"":""PNG"",""parameter"":0.5,""stochastic"":false}",sid_set,unknown,unknown,unknown
sid_set_07e7b14841934144e95e__matched_clean__fixed_q96__benchmark__blur_sigma_1.0,sid_set_07e7b14841934144e95e,sid_set_07e7b14841934144e95e__matched_clean__fixed_q96,selection_val,authentic,-6.013243198394775,0.0024401729460805655,epoch_014,42,fixed_q96,blur,"{""cell_id"":""blur_sigma_1.0"",""name"":""blur"",""output_format"":""PNG"",""parameter"":1.0,""stochastic"":false}",sid_set,unknown,unknown,unknown
sid_set_07e7b14841934144e95e__matched_clean__fixed_q96__benchmark__blur_sigma_2.0,sid_set_07e7b14841934144e95e,sid_set_07e7b14841934144e95e__matched_clean__fixed_q96,selection_val,authentic,-5.250851154327393,0.0052157072350382805,epoch_014,42,fixed_q96,blur,"{""cell_id"":""blur_sigma_2.0"",""name"":""blur"",""output_format"":""PNG"",""parameter"":2.0,""stochastic"":false}",sid_set,unknown,unknown,unknown
sid_set_07e7b14841934144e95e__matched_clean__fixed_q96__benchmark__resize_scale_0.5,sid_set_07e7b14841934144e95e,sid_set_07e7b14841934144e95e__matched_clean__fixed_q96,selection_val,authentic,-5.31536340713501,0.004891448188573122,epoch_014,42,fixed_q96,resize,"{""cell_id"":""resize_scale_0.5"",""name"":""resize"",""output_format"":""PNG"",""parameter"":0.5,""stochastic"":false}",sid_set,unknown,unknown,unknown
sid_set_07e7b14841934144e95e__matched_clean__fixed_q96__benchmark__resize_scale_0.25,sid_set_07e7b14841934144e95e,sid_set_07e7b14841934144e95e__matched_clean__fixed_q96,selection_val,authentic,-5.039402961730957,0.0064359246753156185,epoch_014,42,fixed_q96,resize,"{""cell_id"":""resize_scale_0.25"",""name"":""resize"",""output_format"":""PNG"",""parameter"":0.25,""stochastic"":false}",sid_set,unknown,unknown,unknown
sid_set_07e7b14841934144e95e__matched_clean__fixed_q96__benchmark__noise_sigma_0.02,sid_set_07e7b14841934144e95e,sid_set_07e7b14841934144e95e__matched_clean__fixed_q96,selection_val,authentic,-3.699782609939575,0.024132139980793,epoch_014,42,fixed_q96,noise,"{""cell_id"":""noise_sigma_0.02"",""name"":""noise"",""output_format"":""PNG"",""parameter"":0.02,""stochastic"":true}",sid_set,unknown,unknown,unknown
sid_set_07e7b14841934144e95e__matched_clean__fixed_q96__benchmark__noise_sigma_0.05,sid_set_07e7b14841934144e95e,sid_set_07e7b14841934144e95e__matched_clean__fixed_q96,selection_val,authentic,-3.6775145530700684,0.024662142619490623,epoch_014,42,fixed_q96,noise,"{""cell_id"":""noise_sigma_0.05"",""name"":""noise"",""output_format"":""PNG"",""parameter"":0.05,""stochastic"":true}",sid_set,unknown,unknown,unknown
sid_set_07e7b14841934144e95e__matched_clean__fixed_q96__benchmark__noise_sigma_0.1,sid_set_07e7b14841934144e95e,sid_set_07e7b14841934144e95e__matched_clean__fixed_q96,selection_val,authentic,-3.0032756328582764,0.047278109937906265,epoch_014,42,fixed_q96,noise,"{""cell_id"":""noise_sigma_0.1"",""name"":""noise"",""output_format"":""PNG"",""parameter"":0.1,""stochastic"":true}",sid_set,unknown,unknown,unknown
sid_set_07e7b14841934144e95e__matched_clean__fixed_q96__benchmark__color_jitter_0.2,sid_set_07e7b14841934144e95e,sid_set_07e7b14841934144e95e__matched_clean__fixed_q96,selection_val,authentic,-5.600718021392822,0.0036816054489463568,epoch_014,42,fixed_q96,color_jitter,"{""cell_id"":""color_jitter_0.2"",""name"":""color_jitter"",""output_format"":""PNG"",""parameter"":0.2,""stochastic"":true}",sid_set,unknown,unknown,unknown
sid_set_07e7b14841934144e95e__matched_clean__fixed_q96__benchmark__center_crop_0.8,sid_set_07e7b14841934144e95e,sid_set_07e7b14841934144e95e__matched_clean__fixed_q96,selection_val,authentic,-5.358946323394775,0.004683820530772209,epoch_014,42,fixed_q96,center_crop,"{""cell_id"":""center_crop_0.8"",""name"":""center_crop"",""output_format"":""PNG"",""parameter"":0.8,""stochastic"":false}",sid_set,unknown,unknown,unknown
sid_set_0803708fb4b51afce8fc__matched_clean__fixed_q96__benchmark__jpeg_q90,sid_set_0803708fb4b51afce8fc,sid_set_0803708fb4b51afce8fc__matched_clean__fixed_q96,selection_val,ai_generated,5.720832347869873,0.9967337846755981,epoch_014,42,fixed_q96,jpeg,"{""cell_id"":""jpeg_q90"",""name"":""jpeg"",""output_format"":""JPEG"",""parameter"":90,""stochastic"":false}",sid_set,unknown,unknown,unknown
sid_set_0803708fb4b51afce8fc__matched_clean__fixed_q96__benchmark__jpeg_q70,sid_set_0803708fb4b51afce8fc,sid_set_0803708fb4b51afce8fc__matched_clean__fixed_q96,selection_val,ai_generated,5.990218639373779,0.9975031018257141,epoch_014,42,fixed_q96,jpeg,"{""cell_id"":""jpeg_q70"",""name"":""jpeg"",""output_format"":""JPEG"",""parameter"":70,""stochastic"":false}",sid_set,unknown,unknown,unknown
sid_set_0803708fb4b51afce8fc__matched_clean__fixed_q96__benchmark__jpeg_q50,sid_set_0803708fb4b51afce8fc,sid_set_0803708fb4b51afce8fc__matched_clean__fixed_q96,selection_val,ai_generated,6.522198677062988,0.998531699180603,epoch_014,42,fixed_q96,jpeg,"{""cell_id"":""jpeg_q50"",""name"":""jpeg"",""output_format"":""JPEG"",""parameter"":50,""stochastic"":false}",sid_set,unknown,unknown,unknown
sid_set_0803708fb4b51afce8fc__matched_clean__fixed_q96__benchmark__jpeg_q30,sid_set_0803708fb4b51afce8fc,sid_set_0803708fb4b51afce8fc__matched_clean__fixed_q96,selection_val,ai_generated,6.167547225952148,0.9979079961776733,epoch_014,42,fixed_q96,jpeg,"{""cell_id"":""jpeg_q30"",""name"":""jpeg"",""output_format"":""JPEG"",""parameter"":30,""stochastic"":false}",sid_set,unknown,unknown,unknown
sid_set_0803708fb4b51afce8fc__matched_clean__fixed_q96__benchmark__blur_sigma_0.5,sid_set_0803708fb4b51afce8fc,sid_set_0803708fb4b51afce8fc__matched_clean__fixed_q96,selection_val,ai_generated,5.2108588218688965,0.9945725798606873,epoch_014,42,fixed_q96,blur,"{""cell_id"":""blur_sigma_0.5"",""name"":""blur"",""output_format"":""PNG"",""parameter"":0.5,""stochastic"":false}",sid_set,unknown,unknown,unknown
sid_set_0803708fb4b51afce8fc__matched_clean__fixed_q96__benchmark__blur_sigma_1.0,sid_set_0803708fb4b51afce8fc,sid_set_0803708fb4b51afce8fc__matched_clean__fixed_q96,selection_val,ai_generated,3.910386800765991,0.9803606867790222,epoch_014,42,fixed_q96,blur,"{""cell_id"":""blur_sigma_1.0"",""name"":""blur"",""output_format"":""PNG"",""parameter"":1.0,""stochastic"":false}",sid_set,unknown,unknown,unknown
sid_set_0803708fb4b51afce8fc__matched_clean__fixed_q96__benchmark__blur_sigma_2.0,sid_set_0803708fb4b51afce8fc,sid_set_0803708fb4b51afce8fc__matched_clean__fixed_q96,selection_val,ai_generated,4.439544677734375,0.9883362650871277,epoch_014,42,fixed_q96,blur,"{""cell_id"":""blur_sigma_2.0"",""name"":""blur"",""output_format"":""PNG"",""parameter"":2.0,""stochastic"":false}",sid_set,unknown,unknown,unknown
sid_set_0803708fb4b51afce8fc__matched_clean__fixed_q96__benchmark__resize_scale_0.5,sid_set_0803708fb4b51afce8fc,sid_set_0803708fb4b51afce8fc__matched_clean__fixed_q96,selection_val,ai_generated,4.745420932769775,0.99138343334198,epoch_014,42,fixed_q96,resize,"{""cell_id"":""resize_scale_0.5"",""name"":""resize"",""output_format"":""PNG"",""parameter"":0.5,""stochastic"":false}",sid_set,unknown,unknown,unknown
sid_set_0803708fb4b51afce8fc__matched_clean__fixed_q96__benchmark__resize_scale_0.25,sid_set_0803708fb4b51afce8fc,sid_set_0803708fb4b51afce8fc__matched_clean__fixed_q96,selection_val,ai_generated,4.39931058883667,0.987863302230835,epoch_014,42,fixed_q96,resize,"{""cell_id"":""resize_scale_0.25"",""name"":""resize"",""output_format"":""PNG"",""parameter"":0.25,""stochastic"":false}",sid_set,unknown,unknown,unknown
sid_set_0803708fb4b51afce8fc__matched_clean__fixed_q96__benchmark__noise_sigma_0.02,sid_set_0803708fb4b51afce8fc,sid_set_0803708fb4b51afce8fc__matched_clean__fixed_q96,selection_val,ai_generated,6.483763217926025,0.9984742999076843,epoch_014,42,fixed_q96,noise,"{""cell_id"":""noise_sigma_0.02"",""name"":""noise"",""output_format"":""PNG"",""parameter"":0.02,""stochastic"":true}",sid_set,unknown,unknown,unknown
sid_set_0803708fb4b51afce8fc__matched_clean__fixed_q96__benchmark__noise_sigma_0.05,sid_set_0803708fb4b51afce8fc,sid_set_0803708fb4b51afce8fc__matched_clean__fixed_q96,selection_val,ai_generated,6.0397515296936035,0.9976235032081604,epoch_014,42,fixed_q96,noise,"{""cell_id"":""noise_sigma_0.05"",""name"":""noise"",""output_format"":""PNG"",""parameter"":0.05,""stochastic"":true}",sid_set,unknown,unknown,unknown
sid_set_0803708fb4b51afce8fc__matched_clean__fixed_q96__benchmark__noise_sigma_0.1,sid_set_0803708fb4b51afce8fc,sid_set_0803708fb4b51afce8fc__matched_clean__fixed_q96,selection_val,ai_generated,4.561821460723877,0.9896649718284607,epoch_014,42,fixed_q96,noise,"{""cell_id"":""noise_sigma_0.1"",""name"":""noise"",""output_format"":""PNG"",""parameter"":0.1,""stochastic"":true}",sid_set,unknown,unknown,unknown
sid_set_0803708fb4b51afce8fc__matched_clean__fixed_q96__benchmark__color_jitter_0.2,sid_set_0803708fb4b51afce8fc,sid_set_0803708fb4b51afce8fc__matched_clean__fixed_q96,selection_val,ai_generated,5.771597385406494,0.9968948364257812,epoch_014,42,fixed_q96,color_jitter,"{""cell_id"":""color_jitter_0.2"",""name"":""color_jitter"",""output_format"":""PNG"",""parameter"":0.2,""stochastic"":true}",sid_set,unknown,unknown,unknown
sid_set_0803708fb4b51afce8fc__matched_clean__fixed_q96__benchmark__center_crop_0.8,sid_set_0803708fb4b51afce8fc,sid_set_0803708fb4b51afce8fc__matched_clean__fixed_q96,selection_val,ai_generated,6.175581455230713,0.9979246854782104,epoch_014,42,fixed_q96,center_crop,"{""cell_id"":""center_crop_0.8"",""name"":""center_crop"",""output_format"":""PNG"",""parameter"":0.8,""stochastic"":false}",sid_set,unknown,unknown,unknown
sid_set_0815941588100ddc6ccf__matched_clean__fixed_q96__benchmark__jpeg_q90,sid_set_0815941588100ddc6ccf,sid_set_0815941588100ddc6ccf__matched_clean__fixed_q96,selection_val,authentic,-1.8249831199645996,0.13883700966835022,epoch_014,42,fixed_q96,jpeg,"{""cell_id"":""jpeg_q90"",""name"":""jpeg"",""output_format"":""JPEG"",""parameter"":90,""stochastic"":false}",sid_set,unknown,unknown,unknown
sid_set_0815941588100ddc6ccf__matched_clean__fixed_q96__benchmark__jpeg_q70,sid_set_0815941588100ddc6ccf,sid_set_0815941588100ddc6ccf__matched_clean__fixed_q96,selection_val,authentic,-1.6679904460906982,0.15869230031967163,epoch_014,42,fixed_q96,jpeg,"{""cell_id"":""jpeg_q70"",""name"":""jpeg"",""output_format"":""JPEG"",""parameter"":70,""stochastic"":false}",sid_set,unknown,unknown,unknown
sid_set_0815941588100ddc6ccf__matched_clean__fixed_q96__benchmark__jpeg_q50,sid_set_0815941588100ddc6ccf,sid_set_0815941588100ddc6ccf__matched_clean__fixed_q96,selection_val,authentic,-0.8059291243553162,0.3087586462497711,epoch_014,42,fixed_q96,jpeg,"{""cell_id"":""jpeg_q50"",""name"":""jpeg"",""output_format"":""JPEG"",""parameter"":50,""stochastic"":false}",sid_set,unknown,unknown,unknown
sid_set_0815941588100ddc6ccf__matched_clean__fixed_q96__benchmark__jpeg_q30,sid_set_0815941588100ddc6ccf,sid_set_0815941588100ddc6ccf__matched_clean__fixed_q96,selection_val,authentic,-0.9864105582237244,0.2716216444969177,epoch_014,42,fixed_q96,jpeg,"{""cell_id"":""jpeg_q30"",""name"":""jpeg"",""output_format"":""JPEG"",""parameter"":30,""stochastic"":false}",sid_set,unknown,unknown,unknown
sid_set_0815941588100ddc6ccf__matched_clean__fixed_q96__benchmark__blur_sigma_0.5,sid_set_0815941588100ddc6ccf,sid_set_0815941588100ddc6ccf__matched_clean__fixed_q96,selection_val,authentic,-2.0531375408172607,0.11373572796583176,epoch_014,42,fixed_q96,blur,"{""cell_id"":""blur_sigma_0.5"",""name"":""blur"",""output_format"":""PNG"",""parameter"":0.5,""stochastic"":false}",sid_set,unknown,unknown,unknown
sid_set_0815941588100ddc6ccf__matched_clean__fixed_q96__benchmark__blur_sigma_1.0,sid_set_0815941588100ddc6ccf,sid_set_0815941588100ddc6ccf__matched_clean__fixed_q96,selection_val,authentic,-2.025193452835083,0.11658304184675217,epoch_014,42,fixed_q96,blur,"{""cell_id"":""blur_sigma_1.0"",""name"":""blur"",""output_format"":""PNG"",""parameter"":1.0,""stochastic"":false}",sid_set,unknown,unknown,unknown
sid_set_0815941588100ddc6ccf__matched_clean__fixed_q96__benchmark__blur_sigma_2.0,sid_set_0815941588100ddc6ccf,sid_set_0815941588100ddc6ccf__matched_clean__fixed_q96,selection_val,authentic,-0.46985143423080444,0.38465142250061035,epoch_014,42,fixed_q96,blur,"{""cell_id"":""blur_sigma_2.0"",""name"":""blur"",""output_format"":""PNG"",""parameter"":2.0,""stochastic"":false}",sid_set,unknown,unknown,unknown
sid_set_0815941588100ddc6ccf__matched_clean__fixed_q96__benchmark__resize_scale_0.5,sid_set_0815941588100ddc6ccf,sid_set_0815941588100ddc6ccf__matched_clean__fixed_q96,selection_val,authentic,-1.4042718410491943,0.19713909924030304,epoch_014,42,fixed_q96,resize,"{""cell_id"":""resize_scale_0.5"",""name"":""resize"",""output_format"":""PNG"",""parameter"":0.5,""stochastic"":false}",sid_set,unknown,unknown,unknown
sid_set_0815941588100ddc6ccf__matched_clean__fixed_q96__benchmark__resize_scale_0.25,sid_set_0815941588100ddc6ccf,sid_set_0815941588100ddc6ccf__matched_clean__fixed_q96,selection_val,authentic,-0.45454251766204834,0.38828131556510925,epoch_014,42,fixed_q96,resize,"{""cell_id"":""resize_scale_0.25"",""name"":""resize"",""output_format"":""PNG"",""parameter"":0.25,""stochastic"":false}",sid_set,unknown,unknown,unknown
sid_set_0815941588100ddc6ccf__matched_clean__fixed_q96__benchmark__noise_sigma_0.02,sid_set_0815941588100ddc6ccf,sid_set_0815941588100ddc6ccf__matched_clean__fixed_q96,selection_val,authentic,-0.9639475345611572,0.27608853578567505,epoch_014,42,fixed_q96,noise,"{""cell_id"":""noise_sigma_0.02"",""name"":""noise"",""output_format"":""PNG"",""parameter"":0.02,""stochastic"":true}",sid_set,unknown,unknown,unknown
sid_set_0815941588100ddc6ccf__matched_clean__fixed_q96__benchmark__noise_sigma_0.05,sid_set_0815941588100ddc6ccf,sid_set_0815941588100ddc6ccf__matched_clean__fixed_q96,selection_val,authentic,-0.14926332235336304,0.4627532660961151,epoch_014,42,fixed_q96,noise,"{""cell_id"":""noise_sigma_0.05"",""name"":""noise"",""output_format"":""PNG"",""parameter"":0.05,""stochastic"":true}",sid_set,unknown,unknown,unknown
sid_set_0815941588100ddc6ccf__matched_clean__fixed_q96__benchmark__noise_sigma_0.1,sid_set_0815941588100ddc6ccf,sid_set_0815941588100ddc6ccf__matched_clean__fixed_q96,selection_val,authentic,-0.44193124771118164,0.391280859708786,epoch_014,42,fixed_q96,noise,"{""cell_id"":""noise_sigma_0.1"",""name"":""noise"",""output_format"":""PNG"",""parameter"":0.1,""stochastic"":true}",sid_set,unknown,unknown,unknown
sid_set_0815941588100ddc6ccf__matched_clean__fixed_q96__benchmark__color_jitter_0.2,sid_set_0815941588100ddc6ccf,sid_set_0815941588100ddc6ccf__matched_clean__fixed_q96,selection_val,authentic,-2.3508214950561523,0.08700049668550491,epoch_014,42,fixed_q96,color_jitter,"{""cell_id"":""color_jitter_0.2"",""name"":""color_jitter"",""output_format"":""PNG"",""parameter"":0.2,""stochastic"":true}",sid_set,unknown,unknown,unknown
sid_set_0815941588100ddc6ccf__matched_clean__fixed_q96__benchmark__center_crop_0.8,sid_set_0815941588100ddc6ccf,sid_set_0815941588100ddc6ccf__matched_clean__fixed_q96,selection_val,authentic,-2.5570180416107178,0.07195641845464706,epoch_014,42,fixed_q96,center_crop,"{""cell_id"":""center_crop_0.8"",""name"":""center_crop"",""output_format"":""PNG"",""parameter"":0.8,""stochastic"":false}",sid_set,unknown,unknown,unknown
sid_set_082b98f13e80f40201d9__matched_clean__fixed_q96__benchmark__jpeg_q90,sid_set_082b98f13e80f40201d9,sid_set_082b98f13e80f40201d9__matched_clean__fixed_q96,selection_val,ai_generated,4.742950439453125,0.9913623929023743,epoch_014,42,fixed_q96,jpeg,"{""cell_id"":""jpeg_q90"",""name"":""jpeg"",""output_format"":""JPEG"",""parameter"":90,""stochastic"":false}",sid_set,unknown,unknown,unknown
sid_set_082b98f13e80f40201d9__matched_clean__fixed_q96__benchmark__jpeg_q70,sid_set_082b98f13e80f40201d9,sid_set_082b98f13e80f40201d9__matched_clean__fixed_q96,selection_val,ai_generated,4.519997596740723,0.9892282485961914,epoch_014,42,fixed_q96,jpeg,"{""cell_id"":""jpeg_q70"",""name"":""jpeg"",""output_format"":""JPEG"",""parameter"":70,""stochastic"":false}",sid_set,unknown,unknown,unknown
sid_set_082b98f13e80f40201d9__matched_clean__fixed_q96__benchmark__jpeg_q50,sid_set_082b98f13e80f40201d9,sid_set_082b98f13e80f40201d9__matched_clean__fixed_q96,selection_val,ai_generated,4.268205642700195,0.9861866235733032,epoch_014,42,fixed_q96,jpeg,"{""cell_id"":""jpeg_q50"",""name"":""jpeg"",""output_format"":""JPEG"",""parameter"":50,""stochastic"":false}",sid_set,unknown,unknown,unknown
sid_set_082b98f13e80f40201d9__matched_clean__fixed_q96__benchmark__jpeg_q30,sid_set_082b98f13e80f40201d9,sid_set_082b98f13e80f40201d9__matched_clean__fixed_q96,selection_val,ai_generated,4.247303009033203,0.9858989715576172,epoch_014,42,fixed_q96,jpeg,"{""cell_id"":""jpeg_q30"",""name"":""jpeg"",""output_format"":""JPEG"",""parameter"":30,""stochastic"":false}",sid_set,unknown,unknown,unknown
sid_set_082b98f13e80f40201d9__matched_clean__fixed_q96__benchmark__blur_sigma_0.5,sid_set_082b98f13e80f40201d9,sid_set_082b98f13e80f40201d9__matched_clean__fixed_q96,selection_val,ai_generated,4.726195335388184,0.9912176728248596,epoch_014,42,fixed_q96,blur,"{""cell_id"":""blur_sigma_0.5"",""name"":""blur"",""output_format"":""PNG"",""parameter"":0.5,""stochastic"":false}",sid_set,unknown,unknown,unknown
sid_set_082b98f13e80f40201d9__matched_clean__fixed_q96__benchmark__blur_sigma_1.0,sid_set_082b98f13e80f40201d9,sid_set_082b98f13e80f40201d9__matched_clean__fixed_q96,selection_val,ai_generated,4.524312973022461,0.9892740845680237,epoch_014,42,fixed_q96,blur,"{""cell_id"":""blur_sigma_1.0"",""name"":""blur"",""output_format"":""PNG"",""parameter"":1.0,""stochastic"":false}",sid_set,unknown,unknown,unknown
sid_set_082b98f13e80f40201d9__matched_clean__fixed_q96__benchmark__blur_sigma_2.0,sid_set_082b98f13e80f40201d9,sid_set_082b98f13e80f40201d9__matched_clean__fixed_q96,selection_val,ai_generated,4.535283088684082,0.989389955997467,epoch_014,42,fixed_q96,blur,"{""cell_id"":""blur_sigma_2.0"",""name"":""blur"",""output_format"":""PNG"",""parameter"":2.0,""stochastic"":false}",sid_set,unknown,unknown,unknown
sid_set_082b98f13e80f40201d9__matched_clean__fixed_q96__benchmark__resize_scale_0.5,sid_set_082b98f13e80f40201d9,sid_set_082b98f13e80f40201d9__matched_clean__fixed_q96,selection_val,ai_generated,4.701968669891357,0.991004228591919,epoch_014,42,fixed_q96,resize,"{""cell_id"":""resize_scale_0.5"",""name"":""resize"",""output_format"":""PNG"",""parameter"":0.5,""stochastic"":false}",sid_set,unknown,unknown,unknown
sid_set_082b98f13e80f40201d9__matched_clean__fixed_q96__benchmark__resize_scale_0.25,sid_set_082b98f13e80f40201d9,sid_set_082b98f13e80f40201d9__matched_clean__fixed_q96,selection_val,ai_generated,3.7908828258514404,0.977922797203064,epoch_014,42,fixed_q96,resize,"{""cell_id"":""resize_scale_0.25"",""name"":""resize"",""output_format"":""PNG"",""parameter"":0.25,""stochastic"":false}",sid_set,unknown,unknown,unknown
sid_set_082b98f13e80f40201d9__matched_clean__fixed_q96__benchmark__noise_sigma_0.02,sid_set_082b98f13e80f40201d9,sid_set_082b98f13e80f40201d9__matched_clean__fixed_q96,selection_val,ai_generated,4.702314376831055,0.991007387638092,epoch_014,42,fixed_q96,noise,"{""cell_id"":""noise_sigma_0.02"",""name"":""noise"",""output_format"":""PNG"",""parameter"":0.02,""stochastic"":true}",sid_set,unknown,unknown,unknown
sid_set_082b98f13e80f40201d9__matched_clean__fixed_q96__benchmark__noise_sigma_0.05,sid_set_082b98f13e80f40201d9,sid_set_082b98f13e80f40201d9__matched_clean__fixed_q96,selection_val,ai_generated,3.9205214977264404,0.9805548787117004,epoch_014,42,fixed_q96,noise,"{""cell_id"":""noise_sigma_0.05"",""name"":""noise"",""output_format"":""PNG"",""parameter"":0.05,""stochastic"":true}",sid_set,unknown,unknown,unknown
sid_set_082b98f13e80f40201d9__matched_clean__fixed_q96__benchmark__noise_sigma_0.1,sid_set_082b98f13e80f40201d9,sid_set_082b98f13e80f40201d9__matched_clean__fixed_q96,selection_val,ai_generated,3.210730791091919,0.9612361788749695,epoch_014,42,fixed_q96,noise,"{""cell_id"":""noise_sigma_0.1"",""name"":""noise"",""output_format"":""PNG"",""parameter"":0.1,""stochastic"":true}",sid_set,unknown,unknown,unknown
sid_set_082b98f13e80f40201d9__matched_clean__fixed_q96__benchmark__color_jitter_0.2,sid_set_082b98f13e80f40201d9,sid_set_082b98f13e80f40201d9__matched_clean__fixed_q96,selection_val,ai_generated,2.583000898361206,0.9297595024108887,epoch_014,42,fixed_q96,color_jitter,"{""cell_id"":""color_jitter_0.2"",""name"":""color_jitter"",""output_format"":""PNG"",""parameter"":0.2,""stochastic"":true}",sid_set,unknown,unknown,unknown
sid_set_082b98f13e80f40201d9__matched_clean__fixed_q96__benchmark__center_crop_0.8,sid_set_082b98f13e80f40201d9,sid_set_082b98f13e80f40201d9__matched_clean__fixed_q96,selection_val,ai_generated,5.366024494171143,0.995349109172821,epoch_014,42,fixed_q96,center_crop,"{""cell_id"":""center_crop_0.8"",""name"":""center_crop"",""output_format"":""PNG"",""parameter"":0.8,""stochastic"":false}",sid_set,unknown,unknown,unknown
sid_set_0841a8e6c919da28b9c1__matched_clean__fixed_q96__benchmark__jpeg_q90,sid_set_0841a8e6c919da28b9c1,sid_set_0841a8e6c919da28b9c1__matched_clean__fixed_q96,selection_val,ai_generated,7.839849472045898,0.9996064305305481,epoch_014,42,fixed_q96,jpeg,"{""cell_id"":""jpeg_q90"",""name"":""jpeg"",""output_format"":""JPEG"",""parameter"":90,""stochastic"":false}",sid_set,unknown,unknown,unknown
sid_set_0841a8e6c919da28b9c1__matched_clean__fixed_q96__benchmark__jpeg_q70,sid_set_0841a8e6c919da28b9c1,sid_set_0841a8e6c919da28b9c1__matched_clean__fixed_q96,selection_val,ai_generated,6.66153621673584,0.9987223744392395,epoch_014,42,fixed_q96,jpeg,"{""cell_id"":""jpeg_q70"",""name"":""jpeg"",""output_format"":""JPEG"",""parameter"":70,""stochastic"":false}",sid_set,unknown,unknown,unknown
sid_set_0841a8e6c919da28b9c1__matched_clean__fixed_q96__benchmark__jpeg_q50,sid_set_0841a8e6c919da28b9c1,sid_set_0841a8e6c919da28b9c1__matched_clean__fixed_q96,selection_val,ai_generated,6.695127964019775,0.9987646341323853,epoch_014,42,fixed_q96,jpeg,"{""cell_id"":""jpeg_q50"",""name"":""jpeg"",""output_format"":""JPEG"",""parameter"":50,""stochastic"":false}",sid_set,unknown,unknown,unknown
sid_set_0841a8e6c919da28b9c1__matched_clean__fixed_q96__benchmark__jpeg_q30,sid_set_0841a8e6c919da28b9c1,sid_set_0841a8e6c919da28b9c1__matched_clean__fixed_q96,selection_val,ai_generated,6.27832555770874,0.9981269240379333,epoch_014,42,fixed_q96,jpeg,"{""cell_id"":""jpeg_q30"",""name"":""jpeg"",""output_format"":""JPEG"",""parameter"":30,""stochastic"":false}",sid_set,unknown,unknown,unknown
sid_set_0841a8e6c919da28b9c1__matched_clean__fixed_q96__benchmark__blur_sigma_0.5,sid_set_0841a8e6c919da28b9c1,sid_set_0841a8e6c919da28b9c1__matched_clean__fixed_q96,selection_val,ai_generated,6.723754405975342,0.9987994432449341,epoch_014,42,fixed_q96,blur,"{""cell_id"":""blur_sigma_0.5"",""name"":""blur"",""output_format"":""PNG"",""parameter"":0.5,""stochastic"":false}",sid_set,unknown,unknown,unknown
sid_set_0841a8e6c919da28b9c1__matched_clean__fixed_q96__benchmark__blur_sigma_1.0,sid_set_0841a8e6c919da28b9c1,sid_set_0841a8e6c919da28b9c1__matched_clean__fixed_q96,selection_val,ai_generated,6.031686782836914,0.9976043105125427,epoch_014,42,fixed_q96,blur,"{""cell_id"":""blur_sigma_1.0"",""name"":""blur"",""output_format"":""PNG"",""parameter"":1.0,""stochastic"":false}",sid_set,unknown,unknown,unknown
sid_set_0841a8e6c919da28b9c1__matched_clean__fixed_q96__benchmark__blur_sigma_2.0,sid_set_0841a8e6c919da28b9c1,sid_set_0841a8e6c919da28b9c1__matched_clean__fixed_q96,selection_val,ai_generated,5.781001567840576,0.9969238638877869,epoch_014,42,fixed_q96,blur,"{""cell_id"":""blur_sigma_2.0"",""name"":""blur"",""output_format"":""PNG"",""parameter"":2.0,""stochastic"":false}",sid_set,unknown,unknown,unknown
sid_set_0841a8e6c919da28b9c1__matched_clean__fixed_q96__benchmark__resize_scale_0.5,sid_set_0841a8e6c919da28b9c1,sid_set_0841a8e6c919da28b9c1__matched_clean__fixed_q96,selection_val,ai_generated,6.148016452789307,0.9978669285774231,epoch_014,42,fixed_q96,resize,"{""cell_id"":""resize_scale_0.5"",""name"":""resize"",""output_format"":""PNG"",""parameter"":0.5,""stochastic"":false}",sid_set,unknown,unknown,unknown
sid_set_0841a8e6c919da28b9c1__matched_clean__fixed_q96__benchmark__resize_scale_0.25,sid_set_0841a8e6c919da28b9c1,sid_set_0841a8e6c919da28b9c1__matched_clean__fixed_q96,selection_val,ai_generated,5.311758518218994,0.9950909614562988,epoch_014,42,fixed_q96,resize,"{""cell_id"":""resize_scale_0.25"",""name"":""resize"",""output_format"":""PNG"",""parameter"":0.25,""stochastic"":false}",sid_set,unknown,unknown,unknown
sid_set_0841a8e6c919da28b9c1__matched_clean__fixed_q96__benchmark__noise_sigma_0.02,sid_set_0841a8e6c919da28b9c1,sid_set_0841a8e6c919da28b9c1__matched_clean__fixed_q96,selection_val,ai_generated,6.650181293487549,0.9987078905105591,epoch_014,42,fixed_q96,noise,"{""cell_id"":""noise_sigma_0.02"",""name"":""noise"",""output_format"":""PNG"",""parameter"":0.02,""stochastic"":true}",sid_set,unknown,unknown,unknown
sid_set_0841a8e6c919da28b9c1__matched_clean__fixed_q96__benchmark__noise_sigma_0.05,sid_set_0841a8e6c919da28b9c1,sid_set_0841a8e6c919da28b9c1__matched_clean__fixed_q96,selection_val,ai_generated,5.910658359527588,0.9972969889640808,epoch_014,42,fixed_q96,noise,"{""cell_id"":""noise_sigma_0.05"",""name"":""noise"",""output_format"":""PNG"",""parameter"":0.05,""stochastic"":true}",sid_set,unknown,unknown,unknown
sid_set_0841a8e6c919da28b9c1__matched_clean__fixed_q96__benchmark__noise_sigma_0.1,sid_set_0841a8e6c919da28b9c1,sid_set_0841a8e6c919da28b9c1__matched_clean__fixed_q96,selection_val,ai_generated,4.755116939544678,0.9914659261703491,epoch_014,42,fixed_q96,noise,"{""cell_id"":""noise_sigma_0.1"",""name"":""noise"",""output_format"":""PNG"",""parameter"":0.1,""stochastic"":true}",sid_set,unknown,unknown,unknown
sid_set_0841a8e6c919da28b9c1__matched_clean__fixed_q96__benchmark__color_jitter_0.2,sid_set_0841a8e6c919da28b9c1,sid_set_0841a8e6c919da28b9c1__matched_clean__fixed_q96,selection_val,ai_generated,7.9739603996276855,0.9996558427810669,epoch_014,42,fixed_q96,color_jitter,"{""cell_id"":""color_jitter_0.2"",""name"":""color_jitter"",""output_format"":""PNG"",""parameter"":0.2,""stochastic"":true}",sid_set,unknown,unknown,unknown
sid_set_0841a8e6c919da28b9c1__matched_clean__fixed_q96__benchmark__center_crop_0.8,sid_set_0841a8e6c919da28b9c1,sid_set_0841a8e6c919da28b9c1__matched_clean__fixed_q96,selection_val,ai_generated,7.255469799041748,0.9992941617965698,epoch_014,42,fixed_q96,center_crop,"{""cell_id"":""center_crop_0.8"",""name"":""center_crop"",""output_format"":""PNG"",""parameter"":0.8,""stochastic"":false}",sid_set,unknown,unknown,unknown
sid_set_0853ee4faadb6e594103__matched_clean__fixed_q96__benchmark__jpeg_q90,sid_set_0853ee4faadb6e594103,sid_set_0853ee4faadb6e594103__matched_clean__fixed_q96,selection_val,authentic,-8.25846004486084,0.00025899053434841335,epoch_014,42,fixed_q96,jpeg,"{""cell_id"":""jpeg_q90"",""name"":""jpeg"",""output_format"":""JPEG"",""parameter"":90,""stochastic"":false}",sid_set,unknown,unknown,unknown
sid_set_0853ee4faadb6e594103__matched_clean__fixed_q96__benchmark__jpeg_q70,sid_set_0853ee4faadb6e594103,sid_set_0853ee4faadb6e594103__matched_clean__fixed_q96,selection_val,authentic,-7.955294609069824,0.0003506768844090402,epoch_014,42,fixed_q96,jpeg,"{""cell_id"":""jpeg_q70"",""name"":""jpeg"",""output_format"":""JPEG"",""parameter"":70,""stochastic"":false}",sid_set,unknown,unknown,unknown
sid_set_0853ee4faadb6e594103__matched_clean__fixed_q96__benchmark__jpeg_q50,sid_set_0853ee4faadb6e594103,sid_set_0853ee4faadb6e594103__matched_clean__fixed_q96,selection_val,authentic,-7.687507152557373,0.0004583096015267074,epoch_014,42,fixed_q96,jpeg,"{""cell_id"":""jpeg_q50"",""name"":""jpeg"",""output_format"":""JPEG"",""parameter"":50,""stochastic"":false}",sid_set,unknown,unknown,unknown
sid_set_0853ee4faadb6e594103__matched_clean__fixed_q96__benchmark__jpeg_q30,sid_set_0853ee4faadb6e594103,sid_set_0853ee4faadb6e594103__matched_clean__fixed_q96,selection_val,authentic,-8.043129920959473,0.0003211985167581588,epoch_014,42,fixed_q96,jpeg,"{""cell_id"":""jpeg_q30"",""name"":""jpeg"",""output_format"":""JPEG"",""parameter"":30,""stochastic"":false}",sid_set,unknown,unknown,unknown
sid_set_0853ee4faadb6e594103__matched_clean__fixed_q96__benchmark__blur_sigma_0.5,sid_set_0853ee4faadb6e594103,sid_set_0853ee4faadb6e594103__matched_clean__fixed_q96,selection_val,authentic,-8.673081398010254,0.00017110169574152678,epoch_014,42,fixed_q96,blur,"{""cell_id"":""blur_sigma_0.5"",""name"":""blur"",""output_format"":""PNG"",""parameter"":0.5,""stochastic"":false}",sid_set,unknown,unknown,unknown
sid_set_0853ee4faadb6e594103__matched_clean__fixed_q96__benchmark__blur_sigma_1.0,sid_set_0853ee4faadb6e594103,sid_set_0853ee4faadb6e594103__matched_clean__fixed_q96,selection_val,authentic,-7.524040699005127,0.0005396549822762609,epoch_014,42,fixed_q96,blur,"{""cell_id"":""blur_sigma_1.0"",""name"":""blur"",""output_format"":""PNG"",""parameter"":1.0,""stochastic"":false}",sid_set,unknown,unknown,unknown
sid_set_0853ee4faadb6e594103__matched_clean__fixed_q96__benchmark__blur_sigma_2.0,sid_set_0853ee4faadb6e594103,sid_set_0853ee4faadb6e594103__matched_clean__fixed_q96,selection_val,authentic,-4.373862266540527,0.01244562678039074,epoch_014,42,fixed_q96,blur,"{""cell_id"":""blur_sigma_2.0"",""name"":""blur"",""output_format"":""PNG"",""parameter"":2.0,""stochastic"":false}",sid_set,unknown,unknown,unknown
sid_set_0853ee4faadb6e594103__matched_clean__fixed_q96__benchmark__resize_scale_0.5,sid_set_0853ee4faadb6e594103,sid_set_0853ee4faadb6e594103__matched_clean__fixed_q96,selection_val,authentic,-6.177674293518066,0.00207095080986619,epoch_014,42,fixed_q96,resize,"{""cell_id"":""resize_scale_0.5"",""name"":""resize"",""output_format"":""PNG"",""parameter"":0.5,""stochastic"":false}",sid_set,unknown,unknown,unknown
sid_set_0853ee4faadb6e594103__matched_clean__fixed_q96__benchmark__resize_scale_0.25,sid_set_0853ee4faadb6e594103,sid_set_0853ee4faadb6e594103__matched_clean__fixed_q96,selection_val,authentic,-2.3528008460998535,0.08684340119361877,epoch_014,42,fixed_q96,resize,"{""cell_id"":""resize_scale_0.25"",""name"":""resize"",""output_format"":""PNG"",""parameter"":0.25,""stochastic"":false}",sid_set,unknown,unknown,unknown
sid_set_0853ee4faadb6e594103__matched_clean__fixed_q96__benchmark__noise_sigma_0.02,sid_set_0853ee4faadb6e594103,sid_set_0853ee4faadb6e594103__matched_clean__fixed_q96,selection_val,authentic,-7.598681449890137,0.0005008607404306531,epoch_014,42,fixed_q96,noise,"{""cell_id"":""noise_sigma_0.02"",""name"":""noise"",""output_format"":""PNG"",""parameter"":0.02,""stochastic"":true}",sid_set,unknown,unknown,unknown
sid_set_0853ee4faadb6e594103__matched_clean__fixed_q96__benchmark__noise_sigma_0.05,sid_set_0853ee4faadb6e594103,sid_set_0853ee4faadb6e594103__matched_clean__fixed_q96,selection_val,authentic,-5.763797283172607,0.003129345364868641,epoch_014,42,fixed_q96,noise,"{""cell_id"":""noise_sigma_0.05"",""name"":""noise"",""output_format"":""PNG"",""parameter"":0.05,""stochastic"":true}",sid_set,unknown,unknown,unknown
sid_set_0853ee4faadb6e594103__matched_clean__fixed_q96__benchmark__noise_sigma_0.1,sid_set_0853ee4faadb6e594103,sid_set_0853ee4faadb6e594103__matched_clean__fixed_q96,selection_val,authentic,-4.47563362121582,0.011254892684519291,epoch_014,42,fixed_q96,noise,"{""cell_id"":""noise_sigma_0.1"",""name"":""noise"",""output_format"":""PNG"",""parameter"":0.1,""stochastic"":true}",sid_set,unknown,unknown,unknown
sid_set_0853ee4faadb6e594103__matched_clean__fixed_q96__benchmark__color_jitter_0.2,sid_set_0853ee4faadb6e594103,sid_set_0853ee4faadb6e594103__matched_clean__fixed_q96,selection_val,authentic,-8.792511940002441,0.00015184294898062944,epoch_014,42,fixed_q96,color_jitter,"{""cell_id"":""color_jitter_0.2"",""name"":""color_jitter"",""output_format"":""PNG"",""parameter"":0.2,""stochastic"":true}",sid_set,unknown,unknown,unknown
sid_set_0853ee4faadb6e594103__matched_clean__fixed_q96__benchmark__center_crop_0.8,sid_set_0853ee4faadb6e594103,sid_set_0853ee4faadb6e594103__matched_clean__fixed_q96,selection_val,authentic,-8.474066734313965,0.00020877039059996605,epoch_014,42,fixed_q96,center_crop,"{""cell_id"":""center_crop_0.8"",""name"":""center_crop"",""output_format"":""PNG"",""parameter"":0.8,""stochastic"":false}",sid_set,unknown,unknown,unknown
sid_set_088e28d9487568e032da__matched_clean__fixed_q96__benchmark__jpeg_q90,sid_set_088e28d9487568e032da,sid_set_088e28d9487568e032da__matched_clean__fixed_q96,selection_val,ai_generated,4.736277103424072,0.9913051128387451,epoch_014,42,fixed_q96,jpeg,"{""cell_id"":""jpeg_q90"",""name"":""jpeg"",""output_format"":""JPEG"",""parameter"":90,""stochastic"":false}",sid_set,unknown,unknown,unknown
sid_set_088e28d9487568e032da__matched_clean__fixed_q96__benchmark__jpeg_q70,sid_set_088e28d9487568e032da,sid_set_088e28d9487568e032da__matched_clean__fixed_q96,selection_val,ai_generated,5.651570796966553,0.9965002536773682,epoch_014,42,fixed_q96,jpeg,"{""cell_id"":""jpeg_q70"",""name"":""jpeg"",""output_format"":""JPEG"",""parameter"":70,""stochastic"":false}",sid_set,unknown,unknown,unknown
sid_set_088e28d9487568e032da__matched_clean__fixed_q96__benchmark__jpeg_q50,sid_set_088e28d9487568e032da,sid_set_088e28d9487568e032da__matched_clean__fixed_q96,selection_val,ai_generated,4.4278693199157715,0.9882010221481323,epoch_014,42,fixed_q96,jpeg,"{""cell_id"":""jpeg_q50"",""name"":""jpeg"",""output_format"":""JPEG"",""parameter"":50,""stochastic"":false}",sid_set,unknown,unknown,unknown
sid_set_088e28d9487568e032da__matched_clean__fixed_q96__benchmark__jpeg_q30,sid_set_088e28d9487568e032da,sid_set_088e28d9487568e032da__matched_clean__fixed_q96,selection_val,ai_generated,4.768477916717529,0.991578221321106,epoch_014,42,fixed_q96,jpeg,"{""cell_id"":""jpeg_q30"",""name"":""jpeg"",""output_format"":""JPEG"",""parameter"":30,""stochastic"":false}",sid_set,unknown,unknown,unknown
sid_set_088e28d9487568e032da__matched_clean__fixed_q96__benchmark__blur_sigma_0.5,sid_set_088e28d9487568e032da,sid_set_088e28d9487568e032da__matched_clean__fixed_q96,selection_val,ai_generated,4.600540637969971,0.9900535345077515,epoch_014,42,fixed_q96,blur,"{""cell_id"":""blur_sigma_0.5"",""name"":""blur"",""output_format"":""PNG"",""parameter"":0.5,""stochastic"":false}",sid_set,unknown,unknown,unknown
sid_set_088e28d9487568e032da__matched_clean__fixed_q96__benchmark__blur_sigma_1.0,sid_set_088e28d9487568e032da,sid_set_088e28d9487568e032da__matched_clean__fixed_q96,selection_val,ai_generated,3.5528359413146973,0.9721543192863464,epoch_014,42,fixed_q96,blur,"{""cell_id"":""blur_sigma_1.0"",""name"":""blur"",""output_format"":""PNG"",""parameter"":1.0,""stochastic"":false}",sid_set,unknown,unknown,unknown
sid_set_088e28d9487568e032da__matched_clean__fixed_q96__benchmark__blur_sigma_2.0,sid_set_088e28d9487568e032da,sid_set_088e28d9487568e032da__matched_clean__fixed_q96,selection_val,ai_generated,3.6265125274658203,0.9740808606147766,epoch_014,42,fixed_q96,blur,"{""cell_id"":""blur_sigma_2.0"",""name"":""blur"",""output_format"":""PNG"",""parameter"":2.0,""stochastic"":false}",sid_set,unknown,unknown,unknown
sid_set_088e28d9487568e032da__matched_clean__fixed_q96__benchmark__resize_scale_0.5,sid_set_088e28d9487568e032da,sid_set_088e28d9487568e032da__matched_clean__fixed_q96,selection_val,ai_generated,4.156678199768066,0.9845820069313049,epoch_014,42,fixed_q96,resize,"{""cell_id"":""resize_scale_0.5"",""name"":""resize"",""output_format"":""PNG"",""parameter"":0.5,""stochastic"":false}",sid_set,unknown,unknown,unknown
sid_set_088e28d9487568e032da__matched_clean__fixed_q96__benchmark__resize_scale_0.25,sid_set_088e28d9487568e032da,sid_set_088e28d9487568e032da__matched_clean__fixed_q96,selection_val,ai_generated,2.9641306400299072,0.9509270787239075,epoch_014,42,fixed_q96,resize,"{""cell_id"":""resize_scale_0.25"",""name"":""resize"",""output_format"":""PNG"",""parameter"":0.25,""stochastic"":false}",sid_set,unknown,unknown,unknown
sid_set_088e28d9487568e032da__matched_clean__fixed_q96__benchmark__noise_sigma_0.02,sid_set_088e28d9487568e032da,sid_set_088e28d9487568e032da__matched_clean__fixed_q96,selection_val,ai_generated,4.453701496124268,0.9884983897209167,epoch_014,42,fixed_q96,noise,"{""cell_id"":""noise_sigma_0.02"",""name"":""noise"",""output_format"":""PNG"",""parameter"":0.02,""stochastic"":true}",sid_set,unknown,unknown,unknown
sid_set_088e28d9487568e032da__matched_clean__fixed_q96__benchmark__noise_sigma_0.05,sid_set_088e28d9487568e032da,sid_set_088e28d9487568e032da__matched_clean__fixed_q96,selection_val,ai_generated,3.4938859939575195,0.9705132246017456,epoch_014,42,fixed_q96,noise,"{""cell_id"":""noise_sigma_0.05"",""name"":""noise"",""output_format"":""PNG"",""parameter"":0.05,""stochastic"":true}",sid_set,unknown,unknown,unknown
sid_set_088e28d9487568e032da__matched_clean__fixed_q96__benchmark__noise_sigma_0.1,sid_set_088e28d9487568e032da,sid_set_088e28d9487568e032da__matched_clean__fixed_q96,selection_val,ai_generated,2.901289939880371,0.9479101896286011,epoch_014,42,fixed_q96,noise,"{""cell_id"":""noise_sigma_0.1"",""name"":""noise"",""output_format"":""PNG"",""parameter"":0.1,""stochastic"":true}",sid_set,unknown,unknown,unknown
sid_set_088e28d9487568e032da__matched_clean__fixed_q96__benchmark__color_jitter_0.2,sid_set_088e28d9487568e032da,sid_set_088e28d9487568e032da__matched_clean__fixed_q96,selection_val,ai_generated,5.328885555267334,0.995173990726471,epoch_014,42,fixed_q96,color_jitter,"{""cell_id"":""color_jitter_0.2"",""name"":""color_jitter"",""output_format"":""PNG"",""parameter"":0.2,""stochastic"":true}",sid_set,unknown,unknown,unknown
sid_set_088e28d9487568e032da__matched_clean__fixed_q96__benchmark__center_crop_0.8,sid_set_088e28d9487568e032da,sid_set_088e28d9487568e032da__matched_clean__fixed_q96,selection_val,ai_generated,3.8452558517456055,0.9790666699409485,epoch_014,42,fixed_q96,center_crop,"{""cell_id"":""center_crop_0.8"",""name"":""center_crop"",""output_format"":""PNG"",""parameter"":0.8,""stochastic"":false}",sid_set,unknown,unknown,unknown
sid_set_08b18f594783c7fd225e__matched_clean__fixed_q96__benchmark__jpeg_q90,sid_set_08b18f594783c7fd225e,sid_set_08b18f594783c7fd225e__matched_clean__fixed_q96,selection_val,ai_generated,6.6415534019470215,0.9986967444419861,epoch_014,42,fixed_q96,jpeg,"{""cell_id"":""jpeg_q90"",""name"":""jpeg"",""output_format"":""JPEG"",""parameter"":90,""stochastic"":false}",sid_set,unknown,unknown,unknown
sid_set_08b18f594783c7fd225e__matched_clean__fixed_q96__benchmark__jpeg_q70,sid_set_08b18f594783c7fd225e,sid_set_08b18f594783c7fd225e__matched_clean__fixed_q96,selection_val,ai_generated,6.064196586608887,0.9976807832717896,epoch_014,42,fixed_q96,jpeg,"{""cell_id"":""jpeg_q70"",""name"":""jpeg"",""output_format"":""JPEG"",""parameter"":70,""stochastic"":false}",sid_set,unknown,unknown,unknown
sid_set_08b18f594783c7fd225e__matched_clean__fixed_q96__benchmark__jpeg_q50,sid_set_08b18f594783c7fd225e,sid_set_08b18f594783c7fd225e__matched_clean__fixed_q96,selection_val,ai_generated,6.231331825256348,0.9980370402336121,epoch_014,42,fixed_q96,jpeg,"{""cell_id"":""jpeg_q50"",""name"":""jpeg"",""output_format"":""JPEG"",""parameter"":50,""stochastic"":false}",sid_set,unknown,unknown,unknown
sid_set_08b18f594783c7fd225e__matched_clean__fixed_q96__benchmark__jpeg_q30,sid_set_08b18f594783c7fd225e,sid_set_08b18f594783c7fd225e__matched_clean__fixed_q96,selection_val,ai_generated,6.156444072723389,0.9978846907615662,epoch_014,42,fixed_q96,jpeg,"{""cell_id"":""jpeg_q30"",""name"":""jpeg"",""output_format"":""JPEG"",""parameter"":30,""stochastic"":false}",sid_set,unknown,unknown,unknown
sid_set_08b18f594783c7fd225e__matched_clean__fixed_q96__benchmark__blur_sigma_0.5,sid_set_08b18f594783c7fd225e,sid_set_08b18f594783c7fd225e__matched_clean__fixed_q96,selection_val,ai_generated,5.655681133270264,0.996514618396759,epoch_014,42,fixed_q96,blur,"{""cell_id"":""blur_sigma_0.5"",""name"":""blur"",""output_format"":""PNG"",""parameter"":0.5,""stochastic"":false}",sid_set,unknown,unknown,unknown
sid_set_08b18f594783c7fd225e__matched_clean__fixed_q96__benchmark__blur_sigma_1.0,sid_set_08b18f594783c7fd225e,sid_set_08b18f594783c7fd225e__matched_clean__fixed_q96,selection_val,ai_generated,5.633518695831299,0.9964368343353271,epoch_014,42,fixed_q96,blur,"{""cell_id"":""blur_sigma_1.0"",""name"":""blur"",""output_format"":""PNG"",""parameter"":1.0,""stochastic"":false}",sid_set,unknown,unknown,unknown
sid_set_08b18f594783c7fd225e__matched_clean__fixed_q96__benchmark__blur_sigma_2.0,sid_set_08b18f594783c7fd225e,sid_set_08b18f594783c7fd225e__matched_clean__fixed_q96,selection_val,ai_generated,5.18745756149292,0.9944449067115784,epoch_014,42,fixed_q96,blur,"{""cell_id"":""blur_sigma_2.0"",""name"":""blur"",""output_format"":""PNG"",""parameter"":2.0,""stochastic"":false}",sid_set,unknown,unknown,unknown
sid_set_08b18f594783c7fd225e__matched_clean__fixed_q96__benchmark__resize_scale_0.5,sid_set_08b18f594783c7fd225e,sid_set_08b18f594783c7fd225e__matched_clean__fixed_q96,selection_val,ai_generated,5.8928422927856445,0.9972484707832336,epoch_014,42,fixed_q96,resize,"{""cell_id"":""resize_scale_0.5"",""name"":""resize"",""output_format"":""PNG"",""parameter"":0.5,""stochastic"":false}",sid_set,unknown,unknown,unknown
sid_set_08b18f594783c7fd225e__matched_clean__fixed_q96__benchmark__resize_scale_0.25,sid_set_08b18f594783c7fd225e,sid_set_08b18f594783c7fd225e__matched_clean__fixed_q96,selection_val,ai_generated,4.574295997619629,0.989791750907898,epoch_014,42,fixed_q96,resize,"{""cell_id"":""resize_scale_0.25"",""name"":""resize"",""output_format"":""PNG"",""parameter"":0.25,""stochastic"":false}",sid_set,unknown,unknown,unknown
sid_set_08b18f594783c7fd225e__matched_clean__fixed_q96__benchmark__noise_sigma_0.02,sid_set_08b18f594783c7fd225e,sid_set_08b18f594783c7fd225e__matched_clean__fixed_q96,selection_val,ai_generated,5.43286657333374,0.9956484436988831,epoch_014,42,fixed_q96,noise,"{""cell_id"":""noise_sigma_0.02"",""name"":""noise"",""output_format"":""PNG"",""parameter"":0.02,""stochastic"":true}",sid_set,unknown,unknown,unknown
sid_set_08b18f594783c7fd225e__matched_clean__fixed_q96__benchmark__noise_sigma_0.05,sid_set_08b18f594783c7fd225e,sid_set_08b18f594783c7fd225e__matched_clean__fixed_q96,selection_val,ai_generated,5.090363025665283,0.9938819408416748,epoch_014,42,fixed_q96,noise,"{""cell_id"":""noise_sigma_0.05"",""name"":""noise"",""output_format"":""PNG"",""parameter"":0.05,""stochastic"":true}",sid_set,unknown,unknown,unknown
sid_set_08b18f594783c7fd225e__matched_clean__fixed_q96__benchmark__noise_sigma_0.1,sid_set_08b18f594783c7fd225e,sid_set_08b18f594783c7fd225e__matched_clean__fixed_q96,selection_val,ai_generated,4.814133167266846,0.9919511079788208,epoch_014,42,fixed_q96,noise,"{""cell_id"":""noise_sigma_0.1"",""name"":""noise"",""output_format"":""PNG"",""parameter"":0.1,""stochastic"":true}",sid_set,unknown,unknown,unknown
sid_set_08b18f594783c7fd225e__matched_clean__fixed_q96__benchmark__color_jitter_0.2,sid_set_08b18f594783c7fd225e,sid_set_08b18f594783c7fd225e__matched_clean__fixed_q96,selection_val,ai_generated,5.672702312469482,0.9965732097625732,epoch_014,42,fixed_q96,color_jitter,"{""cell_id"":""color_jitter_0.2"",""name"":""color_jitter"",""output_format"":""PNG"",""parameter"":0.2,""stochastic"":true}",sid_set,unknown,unknown,unknown
sid_set_08b18f594783c7fd225e__matched_clean__fixed_q96__benchmark__center_crop_0.8,sid_set_08b18f594783c7fd225e,sid_set_08b18f594783c7fd225e__matched_clean__fixed_q96,selection_val,ai_generated,6.465237140655518,0.9984458088874817,epoch_014,42,fixed_q96,center_crop,"{""cell_id"":""center_crop_0.8"",""name"":""center_crop"",""output_format"":""PNG"",""parameter"":0.8,""stochastic"":false}",sid_set,unknown,unknown,unknown
sid_set_0902580583df4927b301__matched_clean__fixed_q96__benchmark__jpeg_q90,sid_set_0902580583df4927b301,sid_set_0902580583df4927b301__matched_clean__fixed_q96,selection_val,authentic,-5.8665995597839355,0.0028244880959391594,epoch_014,42,fixed_q96,jpeg,"{""cell_id"":""jpeg_q90"",""name"":""jpeg"",""output_format"":""JPEG"",""parameter"":90,""stochastic"":false}",sid_set,unknown,unknown,unknown
sid_set_0902580583df4927b301__matched_clean__fixed_q96__benchmark__jpeg_q70,sid_set_0902580583df4927b301,sid_set_0902580583df4927b301__matched_clean__fixed_q96,selection_val,authentic,-5.064114570617676,0.0062798187136650085,epoch_014,42,fixed_q96,jpeg,"{""cell_id"":""jpeg_q70"",""name"":""jpeg"",""output_format"":""JPEG"",""parameter"":70,""stochastic"":false}",sid_set,unknown,unknown,unknown
sid_set_0902580583df4927b301__matched_clean__fixed_q96__benchmark__jpeg_q50,sid_set_0902580583df4927b301,sid_set_0902580583df4927b301__matched_clean__fixed_q96,selection_val,authentic,-5.49536657333374,0.0040889629162848,epoch_014,42,fixed_q96,jpeg,"{""cell_id"":""jpeg_q50"",""name"":""jpeg"",""output_format"":""JPEG"",""parameter"":50,""stochastic"":false}",sid_set,unknown,unknown,unknown
sid_set_0902580583df4927b301__matched_clean__fixed_q96__benchmark__jpeg_q30,sid_set_0902580583df4927b301,sid_set_0902580583df4927b301__matched_clean__fixed_q96,selection_val,authentic,-5.023112773895264,0.006540934555232525,epoch_014,42,fixed_q96,jpeg,"{""cell_id"":""jpeg_q30"",""name"":""jpeg"",""output_format"":""JPEG"",""parameter"":30,""stochastic"":false}",sid_set,unknown,unknown,unknown
sid_set_0902580583df4927b301__matched_clean__fixed_q96__benchmark__blur_sigma_0.5,sid_set_0902580583df4927b301,sid_set_0902580583df4927b301__matched_clean__fixed_q96,selection_val,authentic,-6.363912105560303,0.001719652209430933,epoch_014,42,fixed_q96,blur,"{""cell_id"":""blur_sigma_0.5"",""name"":""blur"",""output_format"":""PNG"",""parameter"":0.5,""stochastic"":false}",sid_set,unknown,unknown,unknown
sid_set_0902580583df4927b301__matched_clean__fixed_q96__benchmark__blur_sigma_1.0,sid_set_0902580583df4927b301,sid_set_0902580583df4927b301__matched_clean__fixed_q96,selection_val,authentic,-5.9676103591918945,0.0025538138579577208,epoch_014,42,fixed_q96,blur,"{""cell_id"":""blur_sigma_1.0"",""name"":""blur"",""output_format"":""PNG"",""parameter"":1.0,""stochastic"":false}",sid_set,unknown,unknown,unknown
sid_set_0902580583df4927b301__matched_clean__fixed_q96__benchmark__blur_sigma_2.0,sid_set_0902580583df4927b301,sid_set_0902580583df4927b301__matched_clean__fixed_q96,selection_val,authentic,-5.069096088409424,0.00624880800023675,epoch_014,42,fixed_q96,blur,"{""cell_id"":""blur_sigma_2.0"",""name"":""blur"",""output_format"":""PNG"",""parameter"":2.0,""stochastic"":false}",sid_set,unknown,unknown,unknown
sid_set_0902580583df4927b301__matched_clean__fixed_q96__benchmark__resize_scale_0.5,sid_set_0902580583df4927b301,sid_set_0902580583df4927b301__matched_clean__fixed_q96,selection_val,authentic,-5.581320762634277,0.0037534446455538273,epoch_014,42,fixed_q96,resize,"{""cell_id"":""resize_scale_0.5"",""name"":""resize"",""output_format"":""PNG"",""parameter"":0.5,""stochastic"":false}",sid_set,unknown,unknown,unknown
sid_set_0902580583df4927b301__matched_clean__fixed_q96__benchmark__resize_scale_0.25,sid_set_0902580583df4927b301,sid_set_0902580583df4927b301__matched_clean__fixed_q96,selection_val,authentic,-5.138941287994385,0.005829709582030773,epoch_014,42,fixed_q96,resize,"{""cell_id"":""resize_scale_0.25"",""name"":""resize"",""output_format"":""PNG"",""parameter"":0.25,""stochastic"":false}",sid_set,unknown,unknown,unknown
sid_set_0902580583df4927b301__matched_clean__fixed_q96__benchmark__noise_sigma_0.02,sid_set_0902580583df4927b301,sid_set_0902580583df4927b301__matched_clean__fixed_q96,selection_val,authentic,-4.790865421295166,0.008236857131123543,epoch_014,42,fixed_q96,noise,"{""cell_id"":""noise_sigma_0.02"",""name"":""noise"",""output_format"":""PNG"",""parameter"":0.02,""stochastic"":true}",sid_set,unknown,unknown,unknown
sid_set_0902580583df4927b301__matched_clean__fixed_q96__benchmark__noise_sigma_0.05,sid_set_0902580583df4927b301,sid_set_0902580583df4927b301__matched_clean__fixed_q96,selection_val,authentic,-5.076844692230225,0.0062008751556277275,epoch_014,42,fixed_q96,noise,"{""cell_id"":""noise_sigma_0.05"",""name"":""noise"",""output_format"":""PNG"",""parameter"":0.05,""stochastic"":true}",sid_set,unknown,unknown,unknown
sid_set_0902580583df4927b301__matched_clean__fixed_q96__benchmark__noise_sigma_0.1,sid_set_0902580583df4927b301,sid_set_0902580583df4927b301__matched_clean__fixed_q96,selection_val,authentic,-4.237095355987549,0.014243686571717262,epoch_014,42,fixed_q96,noise,"{""cell_id"":""noise_sigma_0.1"",""name"":""noise"",""output_format"":""PNG"",""parameter"":0.1,""stochastic"":true}",sid_set,unknown,unknown,unknown
sid_set_0902580583df4927b301__matched_clean__fixed_q96__benchmark__color_jitter_0.2,sid_set_0902580583df4927b301,sid_set_0902580583df4927b301__matched_clean__fixed_q96,selection_val,authentic,-6.0502448081970215,0.0023517413064837456,epoch_014,42,fixed_q96,color_jitter,"{""cell_id"":""color_jitter_0.2"",""name"":""color_jitter"",""output_format"":""PNG"",""parameter"":0.2,""stochastic"":true}",sid_set,unknown,unknown,unknown
sid_set_0902580583df4927b301__matched_clean__fixed_q96__benchmark__center_crop_0.8,sid_set_0902580583df4927b301,sid_set_0902580583df4927b301__matched_clean__fixed_q96,selection_val,authentic,-5.682426929473877,0.0033937275875359774,epoch_014,42,fixed_q96,center_crop,"{""cell_id"":""center_crop_0.8"",""name"":""center_crop"",""output_format"":""PNG"",""parameter"":0.8,""stochastic"":false}",sid_set,unknown,unknown,unknown
sid_set_09218eef2c0597272d4f__matched_clean__fixed_q96__benchmark__jpeg_q90,sid_set_09218eef2c0597272d4f,sid_set_09218eef2c0597272d4f__matched_clean__fixed_q96,selection_val,ai_generated,6.827812671661377,0.9989179372787476,epoch_014,42,fixed_q96,jpeg,"{""cell_id"":""jpeg_q90"",""name"":""jpeg"",""output_format"":""JPEG"",""parameter"":90,""stochastic"":false}",sid_set,unknown,unknown,unknown
sid_set_09218eef2c0597272d4f__matched_clean__fixed_q96__benchmark__jpeg_q70,sid_set_09218eef2c0597272d4f,sid_set_09218eef2c0597272d4f__matched_clean__fixed_q96,selection_val,ai_generated,6.785003662109375,0.9988706707954407,epoch_014,42,fixed_q96,jpeg,"{""cell_id"":""jpeg_q70"",""name"":""jpeg"",""output_format"":""JPEG"",""parameter"":70,""stochastic"":false}",sid_set,unknown,unknown,unknown
sid_set_09218eef2c0597272d4f__matched_clean__fixed_q96__benchmark__jpeg_q50,sid_set_09218eef2c0597272d4f,sid_set_09218eef2c0597272d4f__matched_clean__fixed_q96,selection_val,ai_generated,6.320323944091797,0.9982038736343384,epoch_014,42,fixed_q96,jpeg,"{""cell_id"":""jpeg_q50"",""name"":""jpeg"",""output_format"":""JPEG"",""parameter"":50,""stochastic"":false}",sid_set,unknown,unknown,unknown
sid_set_09218eef2c0597272d4f__matched_clean__fixed_q96__benchmark__jpeg_q30,sid_set_09218eef2c0597272d4f,sid_set_09218eef2c0597272d4f__matched_clean__fixed_q96,selection_val,ai_generated,6.385624885559082,0.9983172416687012,epoch_014,42,fixed_q96,jpeg,"{""cell_id"":""jpeg_q30"",""name"":""jpeg"",""output_format"":""JPEG"",""parameter"":30,""stochastic"":false}",sid_set,unknown,unknown,unknown
sid_set_09218eef2c0597272d4f__matched_clean__fixed_q96__benchmark__blur_sigma_0.5,sid_set_09218eef2c0597272d4f,sid_set_09218eef2c0597272d4f__matched_clean__fixed_q96,selection_val,ai_generated,5.54834508895874,0.9961212277412415,epoch_014,42,fixed_q96,blur,"{""cell_id"":""blur_sigma_0.5"",""name"":""blur"",""output_format"":""PNG"",""parameter"":0.5,""stochastic"":false}",sid_set,unknown,unknown,unknown
sid_set_09218eef2c0597272d4f__matched_clean__fixed_q96__benchmark__blur_sigma_1.0,sid_set_09218eef2c0597272d4f,sid_set_09218eef2c0597272d4f__matched_clean__fixed_q96,selection_val,ai_generated,5.124236106872559,0.9940844178199768,epoch_014,42,fixed_q96,blur,"{""cell_id"":""blur_sigma_1.0"",""name"":""blur"",""output_format"":""PNG"",""parameter"":1.0,""stochastic"":false}",sid_set,unknown,unknown,unknown
sid_set_09218eef2c0597272d4f__matched_clean__fixed_q96__benchmark__blur_sigma_2.0,sid_set_09218eef2c0597272d4f,sid_set_09218eef2c0597272d4f__matched_clean__fixed_q96,selection_val,ai_generated,4.14226770401001,0.9843616485595703,epoch_014,42,fixed_q96,blur,"{""cell_id"":""blur_sigma_2.0"",""name"":""blur"",""output_format"":""PNG"",""parameter"":2.0,""stochastic"":false}",sid_set,unknown,unknown,unknown
sid_set_09218eef2c0597272d4f__matched_clean__fixed_q96__benchmark__resize_scale_0.5,sid_set_09218eef2c0597272d4f,sid_set_09218eef2c0597272d4f__matched_clean__fixed_q96,selection_val,ai_generated,5.24714994430542,0.994765043258667,epoch_014,42,fixed_q96,resize,"{""cell_id"":""resize_scale_0.5"",""name"":""resize"",""output_format"":""PNG"",""parameter"":0.5,""stochastic"":false}",sid_set,unknown,unknown,unknown
sid_set_09218eef2c0597272d4f__matched_clean__fixed_q96__benchmark__resize_scale_0.25,sid_set_09218eef2c0597272d4f,sid_set_09218eef2c0597272d4f__matched_clean__fixed_q96,selection_val,ai_generated,3.4975173473358154,0.9706169962882996,epoch_014,42,fixed_q96,resize,"{""cell_id"":""resize_scale_0.25"",""name"":""resize"",""output_format"":""PNG"",""parameter"":0.25,""stochastic"":false}",sid_set,unknown,unknown,unknown
sid_set_09218eef2c0597272d4f__matched_clean__fixed_q96__benchmark__noise_sigma_0.02,sid_set_09218eef2c0597272d4f,sid_set_09218eef2c0597272d4f__matched_clean__fixed_q96,selection_val,ai_generated,5.40419340133667,0.9955224990844727,epoch_014,42,fixed_q96,noise,"{""cell_id"":""noise_sigma_0.02"",""name"":""noise"",""output_format"":""PNG"",""parameter"":0.02,""stochastic"":true}",sid_set,unknown,unknown,unknown
sid_set_09218eef2c0597272d4f__matched_clean__fixed_q96__benchmark__noise_sigma_0.05,sid_set_09218eef2c0597272d4f,sid_set_09218eef2c0597272d4f__matched_clean__fixed_q96,selection_val,ai_generated,4.478916645050049,0.9887815117835999,epoch_014,42,fixed_q96,noise,"{""cell_id"":""noise_sigma_0.05"",""name"":""noise"",""output_format"":""PNG"",""parameter"":0.05,""stochastic"":true}",sid_set,unknown,unknown,unknown
sid_set_09218eef2c0597272d4f__matched_clean__fixed_q96__benchmark__noise_sigma_0.1,sid_set_09218eef2c0597272d4f,sid_set_09218eef2c0597272d4f__matched_clean__fixed_q96,selection_val,ai_generated,3.5040924549102783,0.9708040356636047,epoch_014,42,fixed_q96,noise,"{""cell_id"":""noise_sigma_0.1"",""name"":""noise"",""output_format"":""PNG"",""parameter"":0.1,""stochastic"":true}",sid_set,unknown,unknown,unknown
sid_set_09218eef2c0597272d4f__matched_clean__fixed_q96__benchmark__color_jitter_0.2,sid_set_09218eef2c0597272d4f,sid_set_09218eef2c0597272d4f__matched_clean__fixed_q96,selection_val,ai_generated,6.276040077209473,0.9981226325035095,epoch_014,42,fixed_q96,color_jitter,"{""cell_id"":""color_jitter_0.2"",""name"":""color_jitter"",""output_format"":""PNG"",""parameter"":0.2,""stochastic"":true}",sid_set,unknown,unknown,unknown
sid_set_09218eef2c0597272d4f__matched_clean__fixed_q96__benchmark__center_crop_0.8,sid_set_09218eef2c0597272d4f,sid_set_09218eef2c0597272d4f__matched_clean__fixed_q96,selection_val,ai_generated,6.511945724487305,0.9985166192054749,epoch_014,42,fixed_q96,center_crop,"{""cell_id"":""center_crop_0.8"",""name"":""center_crop"",""output_format"":""PNG"",""parameter"":0.8,""stochastic"":false}",sid_set,unknown,unknown,unknown
sid_set_092ffa50d7e0813e18f8__matched_clean__fixed_q96__benchmark__jpeg_q90,sid_set_092ffa50d7e0813e18f8,sid_set_092ffa50d7e0813e18f8__matched_clean__fixed_q96,selection_val,ai_generated,7.537362575531006,0.9994675517082214,epoch_014,42,fixed_q96,jpeg,"{""cell_id"":""jpeg_q90"",""name"":""jpeg"",""output_format"":""JPEG"",""parameter"":90,""stochastic"":false}",sid_set,unknown,unknown,unknown
sid_set_092ffa50d7e0813e18f8__matched_clean__fixed_q96__benchmark__jpeg_q70,sid_set_092ffa50d7e0813e18f8,sid_set_092ffa50d7e0813e18f8__matched_clean__fixed_q96,selection_val,ai_generated,5.648916721343994,0.996491014957428,epoch_014,42,fixed_q96,jpeg,"{""cell_id"":""jpeg_q70"",""name"":""jpeg"",""output_format"":""JPEG"",""parameter"":70,""stochastic"":false}",sid_set,unknown,unknown,unknown
sid_set_092ffa50d7e0813e18f8__matched_clean__fixed_q96__benchmark__jpeg_q50,sid_set_092ffa50d7e0813e18f8,sid_set_092ffa50d7e0813e18f8__matched_clean__fixed_q96,selection_val,ai_generated,5.45253324508667,0.995732843875885,epoch_014,42,fixed_q96,jpeg,"{""cell_id"":""jpeg_q50"",""name"":""jpeg"",""output_format"":""JPEG"",""parameter"":50,""stochastic"":false}",sid_set,unknown,unknown,unknown
sid_set_092ffa50d7e0813e18f8__matched_clean__fixed_q96__benchmark__jpeg_q30,sid_set_092ffa50d7e0813e18f8,sid_set_092ffa50d7e0813e18f8__matched_clean__fixed_q96,selection_val,ai_generated,4.6257781982421875,0.9902989864349365,epoch_014,42,fixed_q96,jpeg,"{""cell_id"":""jpeg_q30"",""name"":""jpeg"",""output_format"":""JPEG"",""parameter"":30,""stochastic"":false}",sid_set,unknown,unknown,unknown
sid_set_092ffa50d7e0813e18f8__matched_clean__fixed_q96__benchmark__blur_sigma_0.5,sid_set_092ffa50d7e0813e18f8,sid_set_092ffa50d7e0813e18f8__matched_clean__fixed_q96,selection_val,ai_generated,5.729702472686768,0.9967623949050903,epoch_014,42,fixed_q96,blur,"{""cell_id"":""blur_sigma_0.5"",""name"":""blur"",""output_format"":""PNG"",""parameter"":0.5,""stochastic"":false}",sid_set,unknown,unknown,unknown
sid_set_092ffa50d7e0813e18f8__matched_clean__fixed_q96__benchmark__blur_sigma_1.0,sid_set_092ffa50d7e0813e18f8,sid_set_092ffa50d7e0813e18f8__matched_clean__fixed_q96,selection_val,ai_generated,4.793354511260986,0.9917834997177124,epoch_014,42,fixed_q96,blur,"{""cell_id"":""blur_sigma_1.0"",""name"":""blur"",""output_format"":""PNG"",""parameter"":1.0,""stochastic"":false}",sid_set,unknown,unknown,unknown
sid_set_092ffa50d7e0813e18f8__matched_clean__fixed_q96__benchmark__blur_sigma_2.0,sid_set_092ffa50d7e0813e18f8,sid_set_092ffa50d7e0813e18f8__matched_clean__fixed_q96,selection_val,ai_generated,3.564847946166992,0.9724776744842529,epoch_014,42,fixed_q96,blur,"{""cell_id"":""blur_sigma_2.0"",""name"":""blur"",""output_format"":""PNG"",""parameter"":2.0,""stochastic"":false}",sid_set,unknown,unknown,unknown
sid_set_092ffa50d7e0813e18f8__matched_clean__fixed_q96__benchmark__resize_scale_0.5,sid_set_092ffa50d7e0813e18f8,sid_set_092ffa50d7e0813e18f8__matched_clean__fixed_q96,selection_val,ai_generated,4.588969707489014,0.9899389743804932,epoch_014,42,fixed_q96,resize,"{""cell_id"":""resize_scale_0.5"",""name"":""resize"",""output_format"":""PNG"",""parameter"":0.5,""stochastic"":false}",sid_set,unknown,unknown,unknown
sid_set_092ffa50d7e0813e18f8__matched_clean__fixed_q96__benchmark__resize_scale_0.25,sid_set_092ffa50d7e0813e18f8,sid_set_092ffa50d7e0813e18f8__matched_clean__fixed_q96,selection_val,ai_generated,2.9663796424865723,0.9510319828987122,epoch_014,42,fixed_q96,resize,"{""cell_id"":""resize_scale_0.25"",""name"":""resize"",""output_format"":""PNG"",""parameter"":0.25,""stochastic"":false}",sid_set,unknown,unknown,unknown
sid_set_092ffa50d7e0813e18f8__matched_clean__fixed_q96__benchmark__noise_sigma_0.02,sid_set_092ffa50d7e0813e18f8,sid_set_092ffa50d7e0813e18f8__matched_clean__fixed_q96,selection_val,ai_generated,5.074917793273926,0.9937872886657715,epoch_014,42,fixed_q96,noise,"{""cell_id"":""noise_sigma_0.02"",""name"":""noise"",""output_format"":""PNG"",""parameter"":0.02,""stochastic"":true}",sid_set,unknown,unknown,unknown
sid_set_092ffa50d7e0813e18f8__matched_clean__fixed_q96__benchmark__noise_sigma_0.05,sid_set_092ffa50d7e0813e18f8,sid_set_092ffa50d7e0813e18f8__matched_clean__fixed_q96,selection_val,ai_generated,4.373473644256592,0.9875496029853821,epoch_014,42,fixed_q96,noise,"{""cell_id"":""noise_sigma_0.05"",""name"":""noise"",""output_format"":""PNG"",""parameter"":0.05,""stochastic"":true}",sid_set,unknown,unknown,unknown
sid_set_092ffa50d7e0813e18f8__matched_clean__fixed_q96__benchmark__noise_sigma_0.1,sid_set_092ffa50d7e0813e18f8,sid_set_092ffa50d7e0813e18f8__matched_clean__fixed_q96,selection_val,ai_generated,3.378192901611328,0.9670160412788391,epoch_014,42,fixed_q96,noise,"{""cell_id"":""noise_sigma_0.1"",""name"":""noise"",""output_format"":""PNG"",""parameter"":0.1,""stochastic"":true}",sid_set,unknown,unknown,unknown
sid_set_092ffa50d7e0813e18f8__matched_clean__fixed_q96__benchmark__color_jitter_0.2,sid_set_092ffa50d7e0813e18f8,sid_set_092ffa50d7e0813e18f8__matched_clean__fixed_q96,selection_val,ai_generated,6.4538655281066895,0.9984281063079834,epoch_014,42,fixed_q96,color_jitter,"{""cell_id"":""color_jitter_0.2"",""name"":""color_jitter"",""output_format"":""PNG"",""parameter"":0.2,""stochastic"":true}",sid_set,unknown,unknown,unknown
sid_set_092ffa50d7e0813e18f8__matched_clean__fixed_q96__benchmark__center_crop_0.8,sid_set_092ffa50d7e0813e18f8,sid_set_092ffa50d7e0813e18f8__matched_clean__fixed_q96,selection_val,ai_generated,6.219476699829102,0.9980136156082153,epoch_014,42,fixed_q96,center_crop,"{""cell_id"":""center_crop_0.8"",""name"":""center_crop"",""output_format"":""PNG"",""parameter"":0.8,""stochastic"":false}",sid_set,unknown,unknown,unknown
sid_set_09622716711648512bb2__matched_clean__fixed_q96__benchmark__jpeg_q90,sid_set_09622716711648512bb2,sid_set_09622716711648512bb2__matched_clean__fixed_q96,selection_val,ai_generated,8.599797248840332,0.9998158812522888,epoch_014,42,fixed_q96,jpeg,"{""cell_id"":""jpeg_q90"",""name"":""jpeg"",""output_format"":""JPEG"",""parameter"":90,""stochastic"":false}",sid_set,unknown,unknown,unknown
sid_set_09622716711648512bb2__matched_clean__fixed_q96__benchmark__jpeg_q70,sid_set_09622716711648512bb2,sid_set_09622716711648512bb2__matched_clean__fixed_q96,selection_val,ai_generated,7.702488422393799,0.9995484948158264,epoch_014,42,fixed_q96,jpeg,"{""cell_id"":""jpeg_q70"",""name"":""jpeg"",""output_format"":""JPEG"",""parameter"":70,""stochastic"":false}",sid_set,unknown,unknown,unknown
sid_set_09622716711648512bb2__matched_clean__fixed_q96__benchmark__jpeg_q50,sid_set_09622716711648512bb2,sid_set_09622716711648512bb2__matched_clean__fixed_q96,selection_val,ai_generated,7.914574146270752,0.9996347427368164,epoch_014,42,fixed_q96,jpeg,"{""cell_id"":""jpeg_q50"",""name"":""jpeg"",""output_format"":""JPEG"",""parameter"":50,""stochastic"":false}",sid_set,unknown,unknown,unknown
sid_set_09622716711648512bb2__matched_clean__fixed_q96__benchmark__jpeg_q30,sid_set_09622716711648512bb2,sid_set_09622716711648512bb2__matched_clean__fixed_q96,selection_val,ai_generated,6.490322589874268,0.9984843134880066,epoch_014,42,fixed_q96,jpeg,"{""cell_id"":""jpeg_q30"",""name"":""jpeg"",""output_format"":""JPEG"",""parameter"":30,""stochastic"":false}",sid_set,unknown,unknown,unknown
sid_set_09622716711648512bb2__matched_clean__fixed_q96__benchmark__blur_sigma_0.5,sid_set_09622716711648512bb2,sid_set_09622716711648512bb2__matched_clean__fixed_q96,selection_val,ai_generated,7.319686412811279,0.9993380904197693,epoch_014,42,fixed_q96,blur,"{""cell_id"":""blur_sigma_0.5"",""name"":""blur"",""output_format"":""PNG"",""parameter"":0.5,""stochastic"":false}",sid_set,unknown,unknown,unknown
sid_set_09622716711648512bb2__matched_clean__fixed_q96__benchmark__blur_sigma_1.0,sid_set_09622716711648512bb2,sid_set_09622716711648512bb2__matched_clean__fixed_q96,selection_val,ai_generated,6.5514726638793945,0.9985740184783936,epoch_014,42,fixed_q96,blur,"{""cell_id"":""blur_sigma_1.0"",""name"":""blur"",""output_format"":""PNG"",""parameter"":1.0,""stochastic"":false}",sid_set,unknown,unknown,unknown
sid_set_09622716711648512bb2__matched_clean__fixed_q96__benchmark__blur_sigma_2.0,sid_set_09622716711648512bb2,sid_set_09622716711648512bb2__matched_clean__fixed_q96,selection_val,ai_generated,5.882293224334717,0.9972193241119385,epoch_014,42,fixed_q96,blur,"{""cell_id"":""blur_sigma_2.0"",""name"":""blur"",""output_format"":""PNG"",""parameter"":2.0,""stochastic"":false}",sid_set,unknown,unknown,unknown
sid_set_09622716711648512bb2__matched_clean__fixed_q96__benchmark__resize_scale_0.5,sid_set_09622716711648512bb2,sid_set_09622716711648512bb2__matched_clean__fixed_q96,selection_val,ai_generated,6.313637733459473,0.9981918931007385,epoch_014,42,fixed_q96,resize,"{""cell_id"":""resize_scale_0.5"",""name"":""resize"",""output_format"":""PNG"",""parameter"":0.5,""stochastic"":false}",sid_set,unknown,unknown,unknown
sid_set_09622716711648512bb2__matched_clean__fixed_q96__benchmark__resize_scale_0.25,sid_set_09622716711648512bb2,sid_set_09622716711648512bb2__matched_clean__fixed_q96,selection_val,ai_generated,4.9762091636657715,0.993147075176239,epoch_014,42,fixed_q96,resize,"{""cell_id"":""resize_scale_0.25"",""name"":""resize"",""output_format"":""PNG"",""parameter"":0.25,""stochastic"":false}",sid_set,unknown,unknown,unknown
sid_set_09622716711648512bb2__matched_clean__fixed_q96__benchmark__noise_sigma_0.02,sid_set_09622716711648512bb2,sid_set_09622716711648512bb2__matched_clean__fixed_q96,selection_val,ai_generated,6.767767906188965,0.9988510608673096,epoch_014,42,fixed_q96,noise,"{""cell_id"":""noise_sigma_0.02"",""name"":""noise"",""output_format"":""PNG"",""parameter"":0.02,""stochastic"":true}",sid_set,unknown,unknown,unknown
sid_set_09622716711648512bb2__matched_clean__fixed_q96__benchmark__noise_sigma_0.05,sid_set_09622716711648512bb2,sid_set_09622716711648512bb2__matched_clean__fixed_q96,selection_val,ai_generated,6.188256740570068,0.9979508519172668,epoch_014,42,fixed_q96,noise,"{""cell_id"":""noise_sigma_0.05"",""name"":""noise"",""output_format"":""PNG"",""parameter"":0.05,""stochastic"":true}",sid_set,unknown,unknown,unknown
sid_set_09622716711648512bb2__matched_clean__fixed_q96__benchmark__noise_sigma_0.1,sid_set_09622716711648512bb2,sid_set_09622716711648512bb2__matched_clean__fixed_q96,selection_val,ai_generated,4.730030059814453,0.9912509918212891,epoch_014,42,fixed_q96,noise,"{""cell_id"":""noise_sigma_0.1"",""name"":""noise"",""output_format"":""PNG"",""parameter"":0.1,""stochastic"":true}",sid_set,unknown,unknown,unknown
sid_set_09622716711648512bb2__matched_clean__fixed_q96__benchmark__color_jitter_0.2,sid_set_09622716711648512bb2,sid_set_09622716711648512bb2__matched_clean__fixed_q96,selection_val,ai_generated,8.579645156860352,0.9998121857643127,epoch_014,42,fixed_q96,color_jitter,"{""cell_id"":""color_jitter_0.2"",""name"":""color_jitter"",""output_format"":""PNG"",""parameter"":0.2,""stochastic"":true}",sid_set,unknown,unknown,unknown
sid_set_09622716711648512bb2__matched_clean__fixed_q96__benchmark__center_crop_0.8,sid_set_09622716711648512bb2,sid_set_09622716711648512bb2__matched_clean__fixed_q96,selection_val,ai_generated,8.425829887390137,0.9997809529304504,epoch_014,42,fixed_q96,center_crop,"{""cell_id"":""center_crop_0.8"",""name"":""center_crop"",""output_format"":""PNG"",""parameter"":0.8,""stochastic"":false}",sid_set,unknown,unknown,unknown
sid_set_09bc24707877810e1043__matched_clean__fixed_q96__benchmark__jpeg_q90,sid_set_09bc24707877810e1043,sid_set_09bc24707877810e1043__matched_clean__fixed_q96,selection_val,ai_generated,3.525036334991455,0.9713917374610901,epoch_014,42,fixed_q96,jpeg,"{""cell_id"":""jpeg_q90"",""name"":""jpeg"",""output_format"":""JPEG"",""parameter"":90,""stochastic"":false}",sid_set,unknown,unknown,unknown
sid_set_09bc24707877810e1043__matched_clean__fixed_q96__benchmark__jpeg_q70,sid_set_09bc24707877810e1043,sid_set_09bc24707877810e1043__matched_clean__fixed_q96,selection_val,ai_generated,3.0035901069641113,0.9527360200881958,epoch_014,42,fixed_q96,jpeg,"{""cell_id"":""jpeg_q70"",""name"":""jpeg"",""output_format"":""JPEG"",""parameter"":70,""stochastic"":false}",sid_set,unknown,unknown,unknown
sid_set_09bc24707877810e1043__matched_clean__fixed_q96__benchmark__jpeg_q50,sid_set_09bc24707877810e1043,sid_set_09bc24707877810e1043__matched_clean__fixed_q96,selection_val,ai_generated,2.330920457839966,0.9114056825637817,epoch_014,42,fixed_q96,jpeg,"{""cell_id"":""jpeg_q50"",""name"":""jpeg"",""output_format"":""JPEG"",""parameter"":50,""stochastic"":false}",sid_set,unknown,unknown,unknown
sid_set_09bc24707877810e1043__matched_clean__fixed_q96__benchmark__jpeg_q30,sid_set_09bc24707877810e1043,sid_set_09bc24707877810e1043__matched_clean__fixed_q96,selection_val,ai_generated,1.925365686416626,0.8727356195449829,epoch_014,42,fixed_q96,jpeg,"{""cell_id"":""jpeg_q30"",""name"":""jpeg"",""output_format"":""JPEG"",""parameter"":30,""stochastic"":false}",sid_set,unknown,unknown,unknown
sid_set_09bc24707877810e1043__matched_clean__fixed_q96__benchmark__blur_sigma_0.5,sid_set_09bc24707877810e1043,sid_set_09bc24707877810e1043__matched_clean__fixed_q96,selection_val,ai_generated,2.435459613800049,0.9194915890693665,epoch_014,42,fixed_q96,blur,"{""cell_id"":""blur_sigma_0.5"",""name"":""blur"",""output_format"":""PNG"",""parameter"":0.5,""stochastic"":false}",sid_set,unknown,unknown,unknown
sid_set_09bc24707877810e1043__matched_clean__fixed_q96__benchmark__blur_sigma_1.0,sid_set_09bc24707877810e1043,sid_set_09bc24707877810e1043__matched_clean__fixed_q96,selection_val,ai_generated,2.5279746055603027,0.9260798096656799,epoch_014,42,fixed_q96,blur,"{""cell_id"":""blur_sigma_1.0"",""name"":""blur"",""output_format"":""PNG"",""parameter"":1.0,""stochastic"":false}",sid_set,unknown,unknown,unknown
sid_set_09bc24707877810e1043__matched_clean__fixed_q96__benchmark__blur_sigma_2.0,sid_set_09bc24707877810e1043,sid_set_09bc24707877810e1043__matched_clean__fixed_q96,selection_val,ai_generated,2.714895009994507,0.9378998279571533,epoch_014,42,fixed_q96,blur,"{""cell_id"":""blur_sigma_2.0"",""name"":""blur"",""output_format"":""PNG"",""parameter"":2.0,""stochastic"":false}",sid_set,unknown,unknown,unknown
sid_set_09bc24707877810e1043__matched_clean__fixed_q96__benchmark__resize_scale_0.5,sid_set_09bc24707877810e1043,sid_set_09bc24707877810e1043__matched_clean__fixed_q96,selection_val,ai_generated,2.96756649017334,0.9510871767997742,epoch_014,42,fixed_q96,resize,"{""cell_id"":""resize_scale_0.5"",""name"":""resize"",""output_format"":""PNG"",""parameter"":0.5,""stochastic"":false}",sid_set,unknown,unknown,unknown
sid_set_09bc24707877810e1043__matched_clean__fixed_q96__benchmark__resize_scale_0.25,sid_set_09bc24707877810e1043,sid_set_09bc24707877810e1043__matched_clean__fixed_q96,selection_val,ai_generated,2.5698471069335938,0.9288955926895142,epoch_014,42,fixed_q96,resize,"{""cell_id"":""resize_scale_0.25"",""name"":""resize"",""output_format"":""PNG"",""parameter"":0.25,""stochastic"":false}",sid_set,unknown,unknown,unknown
sid_set_09bc24707877810e1043__matched_clean__fixed_q96__benchmark__noise_sigma_0.02,sid_set_09bc24707877810e1043,sid_set_09bc24707877810e1043__matched_clean__fixed_q96,selection_val,ai_generated,3.1871681213378906,0.9603485465049744,epoch_014,42,fixed_q96,noise,"{""cell_id"":""noise_sigma_0.02"",""name"":""noise"",""output_format"":""PNG"",""parameter"":0.02,""stochastic"":true}",sid_set,unknown,unknown,unknown
sid_set_09bc24707877810e1043__matched_clean__fixed_q96__benchmark__noise_sigma_0.05,sid_set_09bc24707877810e1043,sid_set_09bc24707877810e1043__matched_clean__fixed_q96,selection_val,ai_generated,1.8695383071899414,0.8664048314094543,epoch_014,42,fixed_q96,noise,"{""cell_id"":""noise_sigma_0.05"",""name"":""noise"",""output_format"":""PNG"",""parameter"":0.05,""stochastic"":true}",sid_set,unknown,unknown,unknown
sid_set_09bc24707877810e1043__matched_clean__fixed_q96__benchmark__noise_sigma_0.1,sid_set_09bc24707877810e1043,sid_set_09bc24707877810e1043__matched_clean__fixed_q96,selection_val,ai_generated,0.03978663682937622,0.5099453330039978,epoch_014,42,fixed_q96,noise,"{""cell_id"":""noise_sigma_0.1"",""name"":""noise"",""output_format"":""PNG"",""parameter"":0.1,""stochastic"":true}",sid_set,unknown,unknown,unknown
sid_set_09bc24707877810e1043__matched_clean__fixed_q96__benchmark__color_jitter_0.2,sid_set_09bc24707877810e1043,sid_set_09bc24707877810e1043__matched_clean__fixed_q96,selection_val,ai_generated,2.7150778770446777,0.9379105567932129,epoch_014,42,fixed_q96,color_jitter,"{""cell_id"":""color_jitter_0.2"",""name"":""color_jitter"",""output_format"":""PNG"",""parameter"":0.2,""stochastic"":true}",sid_set,unknown,unknown,unknown
sid_set_09bc24707877810e1043__matched_clean__fixed_q96__benchmark__center_crop_0.8,sid_set_09bc24707877810e1043,sid_set_09bc24707877810e1043__matched_clean__fixed_q96,selection_val,ai_generated,2.1469368934631348,0.8953821659088135,epoch_014,42,fixed_q96,center_crop,"{""cell_id"":""center_crop_0.8"",""name"":""center_crop"",""output_format"":""PNG"",""parameter"":0.8,""stochastic"":false}",sid_set,unknown,unknown,unknown
sid_set_0a1376a5a6c91d84ae67__matched_clean__fixed_q96__benchmark__jpeg_q90,sid_set_0a1376a5a6c91d84ae67,sid_set_0a1376a5a6c91d84ae67__matched_clean__fixed_q96,selection_val,ai_generated,6.7344255447387695,0.998812198638916,epoch_014,42,fixed_q96,jpeg,"{""cell_id"":""jpeg_q90"",""name"":""jpeg"",""output_format"":""JPEG"",""parameter"":90,""stochastic"":false}",sid_set,unknown,unknown,unknown
sid_set_0a1376a5a6c91d84ae67__matched_clean__fixed_q96__benchmark__jpeg_q70,sid_set_0a1376a5a6c91d84ae67,sid_set_0a1376a5a6c91d84ae67__matched_clean__fixed_q96,selection_val,ai_generated,6.6740546226501465,0.9987383484840393,epoch_014,42,fixed_q96,jpeg,"{""cell_id"":""jpeg_q70"",""name"":""jpeg"",""output_format"":""JPEG"",""parameter"":70,""stochastic"":false}",sid_set,unknown,unknown,unknown
sid_set_0a1376a5a6c91d84ae67__matched_clean__fixed_q96__benchmark__jpeg_q50,sid_set_0a1376a5a6c91d84ae67,sid_set_0a1376a5a6c91d84ae67__matched_clean__fixed_q96,selection_val,ai_generated,6.260413646697998,0.9980931878089905,epoch_014,42,fixed_q96,jpeg,"{""cell_id"":""jpeg_q50"",""name"":""jpeg"",""output_format"":""JPEG"",""parameter"":50,""stochastic"":false}",sid_set,unknown,unknown,unknown
sid_set_0a1376a5a6c91d84ae67__matched_clean__fixed_q96__benchmark__jpeg_q30,sid_set_0a1376a5a6c91d84ae67,sid_set_0a1376a5a6c91d84ae67__matched_clean__fixed_q96,selection_val,ai_generated,5.982391357421875,0.9974835515022278,epoch_014,42,fixed_q96,jpeg,"{""cell_id"":""jpeg_q30"",""name"":""jpeg"",""output_format"":""JPEG"",""parameter"":30,""stochastic"":false}",sid_set,unknown,unknown,unknown
sid_set_0a1376a5a6c91d84ae67__matched_clean__fixed_q96__benchmark__blur_sigma_0.5,sid_set_0a1376a5a6c91d84ae67,sid_set_0a1376a5a6c91d84ae67__matched_clean__fixed_q96,selection_val,ai_generated,6.696034908294678,0.9987657070159912,epoch_014,42,fixed_q96,blur,"{""cell_id"":""blur_sigma_0.5"",""name"":""blur"",""output_format"":""PNG"",""parameter"":0.5,""stochastic"":false}",sid_set,unknown,unknown,unknown
sid_set_0a1376a5a6c91d84ae67__matched_clean__fixed_q96__benchmark__blur_sigma_1.0,sid_set_0a1376a5a6c91d84ae67,sid_set_0a1376a5a6c91d84ae67__matched_clean__fixed_q96,selection_val,ai_generated,5.8163628578186035,0.9970303773880005,epoch_014,42,fixed_q96,blur,"{""cell_id"":""blur_sigma_1.0"",""name"":""blur"",""output_format"":""PNG"",""parameter"":1.0,""stochastic"":false}",sid_set,unknown,unknown,unknown
sid_set_0a1376a5a6c91d84ae67__matched_clean__fixed_q96__benchmark__blur_sigma_2.0,sid_set_0a1376a5a6c91d84ae67,sid_set_0a1376a5a6c91d84ae67__matched_clean__fixed_q96,selection_val,ai_generated,5.426347732543945,0.99562007188797,epoch_014,42,fixed_q96,blur,"{""cell_id"":""blur_sigma_2.0"",""name"":""blur"",""output_format"":""PNG"",""parameter"":2.0,""stochastic"":false}",sid_set,unknown,unknown,unknown
sid_set_0a1376a5a6c91d84ae67__matched_clean__fixed_q96__benchmark__resize_scale_0.5,sid_set_0a1376a5a6c91d84ae67,sid_set_0a1376a5a6c91d84ae67__matched_clean__fixed_q96,selection_val,ai_generated,6.0406813621521,0.9976257681846619,epoch_014,42,fixed_q96,resize,"{""cell_id"":""resize_scale_0.5"",""name"":""resize"",""output_format"":""PNG"",""parameter"":0.5,""stochastic"":false}",sid_set,unknown,unknown,unknown
sid_set_0a1376a5a6c91d84ae67__matched_clean__fixed_q96__benchmark__resize_scale_0.25,sid_set_0a1376a5a6c91d84ae67,sid_set_0a1376a5a6c91d84ae67__matched_clean__fixed_q96,selection_val,ai_generated,5.427944660186768,0.9956270456314087,epoch_014,42,fixed_q96,resize,"{""cell_id"":""resize_scale_0.25"",""name"":""resize"",""output_format"":""PNG"",""parameter"":0.25,""stochastic"":false}",sid_set,unknown,unknown,unknown
sid_set_0a1376a5a6c91d84ae67__matched_clean__fixed_q96__benchmark__noise_sigma_0.02,sid_set_0a1376a5a6c91d84ae67,sid_set_0a1376a5a6c91d84ae67__matched_clean__fixed_q96,selection_val,ai_generated,6.16748571395874,0.9979078769683838,epoch_014,42,fixed_q96,noise,"{""cell_id"":""noise_sigma_0.02"",""name"":""noise"",""output_format"":""PNG"",""parameter"":0.02,""stochastic"":true}",sid_set,unknown,unknown,unknown
sid_set_0a1376a5a6c91d84ae67__matched_clean__fixed_q96__benchmark__noise_sigma_0.05,sid_set_0a1376a5a6c91d84ae67,sid_set_0a1376a5a6c91d84ae67__matched_clean__fixed_q96,selection_val,ai_generated,5.8598432540893555,0.9971563816070557,epoch_014,42,fixed_q96,noise,"{""cell_id"":""noise_sigma_0.05"",""name"":""noise"",""output_format"":""PNG"",""parameter"":0.05,""stochastic"":true}",sid_set,unknown,unknown,unknown
sid_set_0a1376a5a6c91d84ae67__matched_clean__fixed_q96__benchmark__noise_sigma_0.1,sid_set_0a1376a5a6c91d84ae67,sid_set_0a1376a5a6c91d84ae67__matched_clean__fixed_q96,selection_val,ai_generated,5.861789226531982,0.9971619844436646,epoch_014,42,fixed_q96,noise,"{""cell_id"":""noise_sigma_0.1"",""name"":""noise"",""output_format"":""PNG"",""parameter"":0.1,""stochastic"":true}",sid_set,unknown,unknown,unknown
sid_set_0a1376a5a6c91d84ae67__matched_clean__fixed_q96__benchmark__color_jitter_0.2,sid_set_0a1376a5a6c91d84ae67,sid_set_0a1376a5a6c91d84ae67__matched_clean__fixed_q96,selection_val,ai_generated,6.0098876953125,0.9975516200065613,epoch_014,42,fixed_q96,color_jitter,"{""cell_id"":""color_jitter_0.2"",""name"":""color_jitter"",""output_format"":""PNG"",""parameter"":0.2,""stochastic"":true}",sid_set,unknown,unknown,unknown
sid_set_0a1376a5a6c91d84ae67__matched_clean__fixed_q96__benchmark__center_crop_0.8,sid_set_0a1376a5a6c91d84ae67,sid_set_0a1376a5a6c91d84ae67__matched_clean__fixed_q96,selection_val,ai_generated,6.962446689605713,0.9990541338920593,epoch_014,42,fixed_q96,center_crop,"{""cell_id"":""center_crop_0.8"",""name"":""center_crop"",""output_format"":""PNG"",""parameter"":0.8,""stochastic"":false}",sid_set,unknown,unknown,unknown
sid_set_0a1f01042186a2c603b4__matched_clean__fixed_q96__benchmark__jpeg_q90,sid_set_0a1f01042186a2c603b4,sid_set_0a1f01042186a2c603b4__matched_clean__fixed_q96,selection_val,authentic,-7.673269271850586,0.0004648786270990968,epoch_014,42,fixed_q96,jpeg,"{""cell_id"":""jpeg_q90"",""name"":""jpeg"",""output_format"":""JPEG"",""parameter"":90,""stochastic"":false}",sid_set,unknown,unknown,unknown
sid_set_0a1f01042186a2c603b4__matched_clean__fixed_q96__benchmark__jpeg_q70,sid_set_0a1f01042186a2c603b4,sid_set_0a1f01042186a2c603b4__matched_clean__fixed_q96,selection_val,authentic,-5.577243328094482,0.0037687227595597506,epoch_014,42,fixed_q96,jpeg,"{""cell_id"":""jpeg_q70"",""name"":""jpeg"",""output_format"":""JPEG"",""parameter"":70,""stochastic"":false}",sid_set,unknown,unknown,unknown
sid_set_0a1f01042186a2c603b4__matched_clean__fixed_q96__benchmark__jpeg_q50,sid_set_0a1f01042186a2c603b4,sid_set_0a1f01042186a2c603b4__matched_clean__fixed_q96,selection_val,authentic,-5.220133304595947,0.005377534311264753,epoch_014,42,fixed_q96,jpeg,"{""cell_id"":""jpeg_q50"",""name"":""jpeg"",""output_format"":""JPEG"",""parameter"":50,""stochastic"":false}",sid_set,unknown,unknown,unknown
sid_set_0a1f01042186a2c603b4__matched_clean__fixed_q96__benchmark__jpeg_q30,sid_set_0a1f01042186a2c603b4,sid_set_0a1f01042186a2c603b4__matched_clean__fixed_q96,selection_val,authentic,-5.128272533416748,0.005891869775950909,epoch_014,42,fixed_q96,jpeg,"{""cell_id"":""jpeg_q30"",""name"":""jpeg"",""output_format"":""JPEG"",""parameter"":30,""stochastic"":false}",sid_set,unknown,unknown,unknown
sid_set_0a1f01042186a2c603b4__matched_clean__fixed_q96__benchmark__blur_sigma_0.5,sid_set_0a1f01042186a2c603b4,sid_set_0a1f01042186a2c603b4__matched_clean__fixed_q96,selection_val,authentic,-7.579595565795898,0.0005105069722048938,epoch_014,42,fixed_q96,blur,"{""cell_id"":""blur_sigma_0.5"",""name"":""blur"",""output_format"":""PNG"",""parameter"":0.5,""stochastic"":false}",sid_set,unknown,unknown,unknown
sid_set_0a1f01042186a2c603b4__matched_clean__fixed_q96__benchmark__blur_sigma_1.0,sid_set_0a1f01042186a2c603b4,sid_set_0a1f01042186a2c603b4__matched_clean__fixed_q96,selection_val,authentic,-6.72374963760376,0.0012005794560536742,epoch_014,42,fixed_q96,blur,"{""cell_id"":""blur_sigma_1.0"",""name"":""blur"",""output_format"":""PNG"",""parameter"":1.0,""stochastic"":false}",sid_set,unknown,unknown,unknown
sid_set_0a1f01042186a2c603b4__matched_clean__fixed_q96__benchmark__blur_sigma_2.0,sid_set_0a1f01042186a2c603b4,sid_set_0a1f01042186a2c603b4__matched_clean__fixed_q96,selection_val,authentic,-4.138312816619873,0.015699338167905807,epoch_014,42,fixed_q96,blur,"{""cell_id"":""blur_sigma_2.0"",""name"":""blur"",""output_format"":""PNG"",""parameter"":2.0,""stochastic"":false}",sid_set,unknown,unknown,unknown
sid_set_0a1f01042186a2c603b4__matched_clean__fixed_q96__benchmark__resize_scale_0.5,sid_set_0a1f01042186a2c603b4,sid_set_0a1f01042186a2c603b4__matched_clean__fixed_q96,selection_val,authentic,-5.597445964813232,0.0036936269607394934,epoch_014,42,fixed_q96,resize,"{""cell_id"":""resize_scale_0.5"",""name"":""resize"",""output_format"":""PNG"",""parameter"":0.5,""stochastic"":false}",sid_set,unknown,unknown,unknown
sid_set_0a1f01042186a2c603b4__matched_clean__fixed_q96__benchmark__resize_scale_0.25,sid_set_0a1f01042186a2c603b4,sid_set_0a1f01042186a2c603b4__matched_clean__fixed_q96,selection_val,authentic,-3.014455556869507,0.04677707329392433,epoch_014,42,fixed_q96,resize,"{""cell_id"":""resize_scale_0.25"",""name"":""resize"",""output_format"":""PNG"",""parameter"":0.25,""stochastic"":false}",sid_set,unknown,unknown,unknown
sid_set_0a1f01042186a2c603b4__matched_clean__fixed_q96__benchmark__noise_sigma_0.02,sid_set_0a1f01042186a2c603b4,sid_set_0a1f01042186a2c603b4__matched_clean__fixed_q96,selection_val,authentic,-4.559844017028809,0.010355335660278797,epoch_014,42,fixed_q96,noise,"{""cell_id"":""noise_sigma_0.02"",""name"":""noise"",""output_format"":""PNG"",""parameter"":0.02,""stochastic"":true}",sid_set,unknown,unknown,unknown
sid_set_0a1f01042186a2c603b4__matched_clean__fixed_q96__benchmark__noise_sigma_0.05,sid_set_0a1f01042186a2c603b4,sid_set_0a1f01042186a2c603b4__matched_clean__fixed_q96,selection_val,authentic,-3.4856977462768555,0.029721923172473907,epoch_014,42,fixed_q96,noise,"{""cell_id"":""noise_sigma_0.05"",""name"":""noise"",""output_format"":""PNG"",""parameter"":0.05,""stochastic"":true}",sid_set,unknown,unknown,unknown
sid_set_0a1f01042186a2c603b4__matched_clean__fixed_q96__benchmark__noise_sigma_0.1,sid_set_0a1f01042186a2c603b4,sid_set_0a1f01042186a2c603b4__matched_clean__fixed_q96,selection_val,authentic,-2.5141494274139404,0.07487218827009201,epoch_014,42,fixed_q96,noise,"{""cell_id"":""noise_sigma_0.1"",""name"":""noise"",""output_format"":""PNG"",""parameter"":0.1,""stochastic"":true}",sid_set,unknown,unknown,unknown
sid_set_0a1f01042186a2c603b4__matched_clean__fixed_q96__benchmark__color_jitter_0.2,sid_set_0a1f01042186a2c603b4,sid_set_0a1f01042186a2c603b4__matched_clean__fixed_q96,selection_val,authentic,-6.243980407714844,0.001938345143571496,epoch_014,42,fixed_q96,color_jitter,"{""cell_id"":""color_jitter_0.2"",""name"":""color_jitter"",""output_format"":""PNG"",""parameter"":0.2,""stochastic"":true}",sid_set,unknown,unknown,unknown
sid_set_0a1f01042186a2c603b4__matched_clean__fixed_q96__benchmark__center_crop_0.8,sid_set_0a1f01042186a2c603b4,sid_set_0a1f01042186a2c603b4__matched_clean__fixed_q96,selection_val,authentic,-7.586475849151611,0.0005070084007456899,epoch_014,42,fixed_q96,center_crop,"{""cell_id"":""center_crop_0.8"",""name"":""center_crop"",""output_format"":""PNG"",""parameter"":0.8,""stochastic"":false}",sid_set,unknown,unknown,unknown
sid_set_0a5182479ea9c2f62d0f__matched_clean__fixed_q96__benchmark__jpeg_q90,sid_set_0a5182479ea9c2f62d0f,sid_set_0a5182479ea9c2f62d0f__matched_clean__fixed_q96,selection_val,authentic,-10.351812362670898,3.1933839636622e-05,epoch_014,42,fixed_q96,jpeg,"{""cell_id"":""jpeg_q90"",""name"":""jpeg"",""output_format"":""JPEG"",""parameter"":90,""stochastic"":false}",sid_set,unknown,unknown,unknown
sid_set_0a5182479ea9c2f62d0f__matched_clean__fixed_q96__benchmark__jpeg_q70,sid_set_0a5182479ea9c2f62d0f,sid_set_0a5182479ea9c2f62d0f__matched_clean__fixed_q96,selection_val,authentic,-8.655303955078125,0.000174170098034665,epoch_014,42,fixed_q96,jpeg,"{""cell_id"":""jpeg_q70"",""name"":""jpeg"",""output_format"":""JPEG"",""parameter"":70,""stochastic"":false}",sid_set,unknown,unknown,unknown
sid_set_0a5182479ea9c2f62d0f__matched_clean__fixed_q96__benchmark__jpeg_q50,sid_set_0a5182479ea9c2f62d0f,sid_set_0a5182479ea9c2f62d0f__matched_clean__fixed_q96,selection_val,authentic,-8.566781997680664,0.00019028791575692594,epoch_014,42,fixed_q96,jpeg,"{""cell_id"":""jpeg_q50"",""name"":""jpeg"",""output_format"":""JPEG"",""parameter"":50,""stochastic"":false}",sid_set,unknown,unknown,unknown
sid_set_0a5182479ea9c2f62d0f__matched_clean__fixed_q96__benchmark__jpeg_q30,sid_set_0a5182479ea9c2f62d0f,sid_set_0a5182479ea9c2f62d0f__matched_clean__fixed_q96,selection_val,authentic,-7.602504730224609,0.000498950423207134,epoch_014,42,fixed_q96,jpeg,"{""cell_id"":""jpeg_q30"",""name"":""jpeg"",""output_format"":""JPEG"",""parameter"":30,""stochastic"":false}",sid_set,unknown,unknown,unknown
sid_set_0a5182479ea9c2f62d0f__matched_clean__fixed_q96__benchmark__blur_sigma_0.5,sid_set_0a5182479ea9c2f62d0f,sid_set_0a5182479ea9c2f62d0f__matched_clean__fixed_q96,selection_val,authentic,-10.297142028808594,3.372821811353788e-05,epoch_014,42,fixed_q96,blur,"{""cell_id"":""blur_sigma_0.5"",""name"":""blur"",""output_format"":""PNG"",""parameter"":0.5,""stochastic"":false}",sid_set,unknown,unknown,unknown
sid_set_0a5182479ea9c2f62d0f__matched_clean__fixed_q96__benchmark__blur_sigma_1.0,sid_set_0a5182479ea9c2f62d0f,sid_set_0a5182479ea9c2f62d0f__matched_clean__fixed_q96,selection_val,authentic,-9.205391883850098,0.00010048597323475406,epoch_014,42,fixed_q96,blur,"{""cell_id"":""blur_sigma_1.0"",""name"":""blur"",""output_format"":""PNG"",""parameter"":1.0,""stochastic"":false}",sid_set,unknown,unknown,unknown
sid_set_0a5182479ea9c2f62d0f__matched_clean__fixed_q96__benchmark__blur_sigma_2.0,sid_set_0a5182479ea9c2f62d0f,sid_set_0a5182479ea9c2f62d0f__matched_clean__fixed_q96,selection_val,authentic,-7.752510070800781,0.00042947818292304873,epoch_014,42,fixed_q96,blur,"{""cell_id"":""blur_sigma_2.0"",""name"":""blur"",""output_format"":""PNG"",""parameter"":2.0,""stochastic"":false}",sid_set,unknown,unknown,unknown
sid_set_0a5182479ea9c2f62d0f__matched_clean__fixed_q96__benchmark__resize_scale_0.5,sid_set_0a5182479ea9c2f62d0f,sid_set_0a5182479ea9c2f62d0f__matched_clean__fixed_q96,selection_val,authentic,-8.385567665100098,0.00022808417270425707,epoch_014,42,fixed_q96,resize,"{""cell_id"":""resize_scale_0.5"",""name"":""resize"",""output_format"":""PNG"",""parameter"":0.5,""stochastic"":false}",sid_set,unknown,unknown,unknown
sid_set_0a5182479ea9c2f62d0f__matched_clean__fixed_q96__benchmark__resize_scale_0.25,sid_set_0a5182479ea9c2f62d0f,sid_set_0a5182479ea9c2f62d0f__matched_clean__fixed_q96,selection_val,authentic,-7.617066383361816,0.0004917410551570356,epoch_014,42,fixed_q96,resize,"{""cell_id"":""resize_scale_0.25"",""name"":""resize"",""output_format"":""PNG"",""parameter"":0.25,""stochastic"":false}",sid_set,unknown,unknown,unknown
sid_set_0a5182479ea9c2f62d0f__matched_clean__fixed_q96__benchmark__noise_sigma_0.02,sid_set_0a5182479ea9c2f62d0f,sid_set_0a5182479ea9c2f62d0f__matched_clean__fixed_q96,selection_val,authentic,-6.888409614562988,0.0010184956481680274,epoch_014,42,fixed_q96,noise,"{""cell_id"":""noise_sigma_0.02"",""name"":""noise"",""output_format"":""PNG"",""parameter"":0.02,""stochastic"":true}",sid_set,unknown,unknown,unknown
sid_set_0a5182479ea9c2f62d0f__matched_clean__fixed_q96__benchmark__noise_sigma_0.05,sid_set_0a5182479ea9c2f62d0f,sid_set_0a5182479ea9c2f62d0f__matched_clean__fixed_q96,selection_val,authentic,-6.002124786376953,0.002467388054355979,epoch_014,42,fixed_q96,noise,"{""cell_id"":""noise_sigma_0.05"",""name"":""noise"",""output_format"":""PNG"",""parameter"":0.05,""stochastic"":true}",sid_set,unknown,unknown,unknown
sid_set_0a5182479ea9c2f62d0f__matched_clean__fixed_q96__benchmark__noise_sigma_0.1,sid_set_0a5182479ea9c2f62d0f,sid_set_0a5182479ea9c2f62d0f__matched_clean__fixed_q96,selection_val,authentic,-4.609769821166992,0.00985600147396326,epoch_014,42,fixed_q96,noise,"{""cell_id"":""noise_sigma_0.1"",""name"":""noise"",""output_format"":""PNG"",""parameter"":0.1,""stochastic"":true}",sid_set,unknown,unknown,unknown
sid_set_0a5182479ea9c2f62d0f__matched_clean__fixed_q96__benchmark__color_jitter_0.2,sid_set_0a5182479ea9c2f62d0f,sid_set_0a5182479ea9c2f62d0f__matched_clean__fixed_q96,selection_val,authentic,-9.730624198913574,5.94316516071558e-05,epoch_014,42,fixed_q96,color_jitter,"{""cell_id"":""color_jitter_0.2"",""name"":""color_jitter"",""output_format"":""PNG"",""parameter"":0.2,""stochastic"":true}",sid_set,unknown,unknown,unknown
sid_set_0a5182479ea9c2f62d0f__matched_clean__fixed_q96__benchmark__center_crop_0.8,sid_set_0a5182479ea9c2f62d0f,sid_set_0a5182479ea9c2f62d0f__matched_clean__fixed_q96,selection_val,authentic,-9.41718864440918,8.130769128911197e-05,epoch_014,42,fixed_q96,center_crop,"{""cell_id"":""center_crop_0.8"",""name"":""center_crop"",""output_format"":""PNG"",""parameter"":0.8,""stochastic"":false}",sid_set,unknown,unknown,unknown
sid_set_0abe07ed796044364bb5__matched_clean__fixed_q96__benchmark__jpeg_q90,sid_set_0abe07ed796044364bb5,sid_set_0abe07ed796044364bb5__matched_clean__fixed_q96,selection_val,authentic,-5.523893356323242,0.003974422812461853,epoch_014,42,fixed_q96,jpeg,"{""cell_id"":""jpeg_q90"",""name"":""jpeg"",""output_format"":""JPEG"",""parameter"":90,""stochastic"":false}",sid_set,unknown,unknown,unknown
sid_set_0abe07ed796044364bb5__matched_clean__fixed_q96__benchmark__jpeg_q70,sid_set_0abe07ed796044364bb5,sid_set_0abe07ed796044364bb5__matched_clean__fixed_q96,selection_val,authentic,-5.645424842834473,0.0035212039947509766,epoch_014,42,fixed_q96,jpeg,"{""cell_id"":""jpeg_q70"",""name"":""jpeg"",""output_format"":""JPEG"",""parameter"":70,""stochastic"":false}",sid_set,unknown,unknown,unknown
sid_set_0abe07ed796044364bb5__matched_clean__fixed_q96__benchmark__jpeg_q50,sid_set_0abe07ed796044364bb5,sid_set_0abe07ed796044364bb5__matched_clean__fixed_q96,selection_val,authentic,-5.494199275970459,0.004093719180673361,epoch_014,42,fixed_q96,jpeg,"{""cell_id"":""jpeg_q50"",""name"":""jpeg"",""output_format"":""JPEG"",""parameter"":50,""stochastic"":false}",sid_set,unknown,unknown,unknown
sid_set_0abe07ed796044364bb5__matched_clean__fixed_q96__benchmark__jpeg_q30,sid_set_0abe07ed796044364bb5,sid_set_0abe07ed796044364bb5__matched_clean__fixed_q96,selection_val,authentic,-4.7649664878845215,0.008451143279671669,epoch_014,42,fixed_q96,jpeg,"{""cell_id"":""jpeg_q30"",""name"":""jpeg"",""output_format"":""JPEG"",""parameter"":30,""stochastic"":false}",sid_set,unknown,unknown,unknown
sid_set_0abe07ed796044364bb5__matched_clean__fixed_q96__benchmark__blur_sigma_0.5,sid_set_0abe07ed796044364bb5,sid_set_0abe07ed796044364bb5__matched_clean__fixed_q96,selection_val,authentic,-6.283697605133057,0.001863009063526988,epoch_014,42,fixed_q96,blur,"{""cell_id"":""blur_sigma_0.5"",""name"":""blur"",""output_format"":""PNG"",""parameter"":0.5,""stochastic"":false}",sid_set,unknown,unknown,unknown
sid_set_0abe07ed796044364bb5__matched_clean__fixed_q96__benchmark__blur_sigma_1.0,sid_set_0abe07ed796044364bb5,sid_set_0abe07ed796044364bb5__matched_clean__fixed_q96,selection_val,authentic,-5.991235733032227,0.0024943349417299032,epoch_014,42,fixed_q96,blur,"{""cell_id"":""blur_sigma_1.0"",""name"":""blur"",""output_format"":""PNG"",""parameter"":1.0,""stochastic"":false}",sid_set,unknown,unknown,unknown
sid_set_0abe07ed796044364bb5__matched_clean__fixed_q96__benchmark__blur_sigma_2.0,sid_set_0abe07ed796044364bb5,sid_set_0abe07ed796044364bb5__matched_clean__fixed_q96,selection_val,authentic,-5.1125640869140625,0.0059845950454473495,epoch_014,42,fixed_q96,blur,"{""cell_id"":""blur_sigma_2.0"",""name"":""blur"",""output_format"":""PNG"",""parameter"":2.0,""stochastic"":false}",sid_set,unknown,unknown,unknown
sid_set_0abe07ed796044364bb5__matched_clean__fixed_q96__benchmark__resize_scale_0.5,sid_set_0abe07ed796044364bb5,sid_set_0abe07ed796044364bb5__matched_clean__fixed_q96,selection_val,authentic,-5.575121879577637,0.0037766960449516773,epoch_014,42,fixed_q96,resize,"{""cell_id"":""resize_scale_0.5"",""name"":""resize"",""output_format"":""PNG"",""parameter"":0.5,""stochastic"":false}",sid_set,unknown,unknown,unknown
sid_set_0abe07ed796044364bb5__matched_clean__fixed_q96__benchmark__resize_scale_0.25,sid_set_0abe07ed796044364bb5,sid_set_0abe07ed796044364bb5__matched_clean__fixed_q96,selection_val,authentic,-5.694751739501953,0.003352296305820346,epoch_014,42,fixed_q96,resize,"{""cell_id"":""resize_scale_0.25"",""name"":""resize"",""output_format"":""PNG"",""parameter"":0.25,""stochastic"":false}",sid_set,unknown,unknown,unknown
sid_set_0abe07ed796044364bb5__matched_clean__fixed_q96__benchmark__noise_sigma_0.02,sid_set_0abe07ed796044364bb5,sid_set_0abe07ed796044364bb5__matched_clean__fixed_q96,selection_val,authentic,-4.4909586906433105,0.011085623875260353,epoch_014,42,fixed_q96,noise,"{""cell_id"":""noise_sigma_0.02"",""name"":""noise"",""output_format"":""PNG"",""parameter"":0.02,""stochastic"":true}",sid_set,unknown,unknown,unknown
sid_set_0abe07ed796044364bb5__matched_clean__fixed_q96__benchmark__noise_sigma_0.05,sid_set_0abe07ed796044364bb5,sid_set_0abe07ed796044364bb5__matched_clean__fixed_q96,selection_val,authentic,-4.208214282989502,0.014654941856861115,epoch_014,42,fixed_q96,noise,"{""cell_id"":""noise_sigma_0.05"",""name"":""noise"",""output_format"":""PNG"",""parameter"":0.05,""stochastic"":true}",sid_set,unknown,unknown,unknown
sid_set_0abe07ed796044364bb5__matched_clean__fixed_q96__benchmark__noise_sigma_0.1,sid_set_0abe07ed796044364bb5,sid_set_0abe07ed796044364bb5__matched_clean__fixed_q96,selection_val,authentic,-2.3722124099731445,0.08531633019447327,epoch_014,42,fixed_q96,noise,"{""cell_id"":""noise_sigma_0.1"",""name"":""noise"",""output_format"":""PNG"",""parameter"":0.1,""stochastic"":true}",sid_set,unknown,unknown,unknown
sid_set_0abe07ed796044364bb5__matched_clean__fixed_q96__benchmark__color_jitter_0.2,sid_set_0abe07ed796044364bb5,sid_set_0abe07ed796044364bb5__matched_clean__fixed_q96,selection_val,authentic,-5.4025187492370605,0.0044850134290754795,epoch_014,42,fixed_q96,color_jitter,"{""cell_id"":""color_jitter_0.2"",""name"":""color_jitter"",""output_format"":""PNG"",""parameter"":0.2,""stochastic"":true}",sid_set,unknown,unknown,unknown
sid_set_0abe07ed796044364bb5__matched_clean__fixed_q96__benchmark__center_crop_0.8,sid_set_0abe07ed796044364bb5,sid_set_0abe07ed796044364bb5__matched_clean__fixed_q96,selection_val,authentic,-5.407815456390381,0.004461425822228193,epoch_014,42,fixed_q96,center_crop,"{""cell_id"":""center_crop_0.8"",""name"":""center_crop"",""output_format"":""PNG"",""parameter"":0.8,""stochastic"":false}",sid_set,unknown,unknown,unknown
sid_set_0b193e8e46bf53edbb19__matched_clean__fixed_q96__benchmark__jpeg_q90,sid_set_0b193e8e46bf53edbb19,sid_set_0b193e8e46bf53edbb19__matched_clean__fixed_q96,selection_val,authentic,-5.288571357727051,0.00502360425889492,epoch_014,42,fixed_q96,jpeg,"{""cell_id"":""jpeg_q90"",""name"":""jpeg"",""output_format"":""JPEG"",""parameter"":90,""stochastic"":false}",sid_set,unknown,unknown,unknown
sid_set_0b193e8e46bf53edbb19__matched_clean__fixed_q96__benchmark__jpeg_q70,sid_set_0b193e8e46bf53edbb19,sid_set_0b193e8e46bf53edbb19__matched_clean__fixed_q96,selection_val,authentic,-4.5665788650512695,0.010286543518304825,epoch_014,42,fixed_q96,jpeg,"{""cell_id"":""jpeg_q70"",""name"":""jpeg"",""output_format"":""JPEG"",""parameter"":70,""stochastic"":false}",sid_set,unknown,unknown,unknown
sid_set_0b193e8e46bf53edbb19__matched_clean__fixed_q96__benchmark__jpeg_q50,sid_set_0b193e8e46bf53edbb19,sid_set_0b193e8e46bf53edbb19__matched_clean__fixed_q96,selection_val,authentic,-4.305367469787598,0.01331621129065752,epoch_014,42,fixed_q96,jpeg,"{""cell_id"":""jpeg_q50"",""name"":""jpeg"",""output_format"":""JPEG"",""parameter"":50,""stochastic"":false}",sid_set,unknown,unknown,unknown
sid_set_0b193e8e46bf53edbb19__matched_clean__fixed_q96__benchmark__jpeg_q30,sid_set_0b193e8e46bf53edbb19,sid_set_0b193e8e46bf53edbb19__matched_clean__fixed_q96,selection_val,authentic,-4.318221092224121,0.013148380443453789,epoch_014,42,fixed_q96,jpeg,"{""cell_id"":""jpeg_q30"",""name"":""jpeg"",""output_format"":""JPEG"",""parameter"":30,""stochastic"":false}",sid_set,unknown,unknown,unknown
sid_set_0b193e8e46bf53edbb19__matched_clean__fixed_q96__benchmark__blur_sigma_0.5,sid_set_0b193e8e46bf53edbb19,sid_set_0b193e8e46bf53edbb19__matched_clean__fixed_q96,selection_val,authentic,-5.233646869659424,0.0053057363256812096,epoch_014,42,fixed_q96,blur,"{""cell_id"":""blur_sigma_0.5"",""name"":""blur"",""output_format"":""PNG"",""parameter"":0.5,""stochastic"":false}",sid_set,unknown,unknown,unknown
sid_set_0b193e8e46bf53edbb19__matched_clean__fixed_q96__benchmark__blur_sigma_1.0,sid_set_0b193e8e46bf53edbb19,sid_set_0b193e8e46bf53edbb19__matched_clean__fixed_q96,selection_val,authentic,-4.940975189208984,0.00709689874202013,epoch_014,42,fixed_q96,blur,"{""cell_id"":""blur_sigma_1.0"",""name"":""blur"",""output_format"":""PNG"",""parameter"":1.0,""stochastic"":false}",sid_set,unknown,unknown,unknown
sid_set_0b193e8e46bf53edbb19__matched_clean__fixed_q96__benchmark__blur_sigma_2.0,sid_set_0b193e8e46bf53edbb19,sid_set_0b193e8e46bf53edbb19__matched_clean__fixed_q96,selection_val,authentic,-2.3617076873779297,0.08613967150449753,epoch_014,42,fixed_q96,blur,"{""cell_id"":""blur_sigma_2.0"",""name"":""blur"",""output_format"":""PNG"",""parameter"":2.0,""stochastic"":false}",sid_set,unknown,unknown,unknown
sid_set_0b193e8e46bf53edbb19__matched_clean__fixed_q96__benchmark__resize_scale_0.5,sid_set_0b193e8e46bf53edbb19,sid_set_0b193e8e46bf53edbb19__matched_clean__fixed_q96,selection_val,authentic,-3.8048620223999023,0.021777452901005745,epoch_014,42,fixed_q96,resize,"{""cell_id"":""resize_scale_0.5"",""name"":""resize"",""output_format"":""PNG"",""parameter"":0.5,""stochastic"":false}",sid_set,unknown,unknown,unknown
sid_set_0b193e8e46bf53edbb19__matched_clean__fixed_q96__benchmark__resize_scale_0.25,sid_set_0b193e8e46bf53edbb19,sid_set_0b193e8e46bf53edbb19__matched_clean__fixed_q96,selection_val,authentic,-2.9144222736358643,0.05144520476460457,epoch_014,42,fixed_q96,resize,"{""cell_id"":""resize_scale_0.25"",""name"":""resize"",""output_format"":""PNG"",""parameter"":0.25,""stochastic"":false}",sid_set,unknown,unknown,unknown
sid_set_0b193e8e46bf53edbb19__matched_clean__fixed_q96__benchmark__noise_sigma_0.02,sid_set_0b193e8e46bf53edbb19,sid_set_0b193e8e46bf53edbb19__matched_clean__fixed_q96,selection_val,authentic,-3.73128342628479,0.02340131811797619,epoch_014,42,fixed_q96,noise,"{""cell_id"":""noise_sigma_0.02"",""name"":""noise"",""output_format"":""PNG"",""parameter"":0.02,""stochastic"":true}",sid_set,unknown,unknown,unknown
sid_set_0b193e8e46bf53edbb19__matched_clean__fixed_q96__benchmark__noise_sigma_0.05,sid_set_0b193e8e46bf53edbb19,sid_set_0b193e8e46bf53edbb19__matched_clean__fixed_q96,selection_val,authentic,-4.162504196166992,0.015329859219491482,epoch_014,42,fixed_q96,noise,"{""cell_id"":""noise_sigma_0.05"",""name"":""noise"",""output_format"":""PNG"",""parameter"":0.05,""stochastic"":true}",sid_set,unknown,unknown,unknown
sid_set_0b193e8e46bf53edbb19__matched_clean__fixed_q96__benchmark__noise_sigma_0.1,sid_set_0b193e8e46bf53edbb19,sid_set_0b193e8e46bf53edbb19__matched_clean__fixed_q96,selection_val,authentic,-2.9454574584960938,0.049951642751693726,epoch_014,42,fixed_q96,noise,"{""cell_id"":""noise_sigma_0.1"",""name"":""noise"",""output_format"":""PNG"",""parameter"":0.1,""stochastic"":true}",sid_set,unknown,unknown,unknown
sid_set_0b193e8e46bf53edbb19__matched_clean__fixed_q96__benchmark__color_jitter_0.2,sid_set_0b193e8e46bf53edbb19,sid_set_0b193e8e46bf53edbb19__matched_clean__fixed_q96,selection_val,authentic,-5.741474628448486,0.003199760103598237,epoch_014,42,fixed_q96,color_jitter,"{""cell_id"":""color_jitter_0.2"",""name"":""color_jitter"",""output_format"":""PNG"",""parameter"":0.2,""stochastic"":true}",sid_set,unknown,unknown,unknown
sid_set_0b193e8e46bf53edbb19__matched_clean__fixed_q96__benchmark__center_crop_0.8,sid_set_0b193e8e46bf53edbb19,sid_set_0b193e8e46bf53edbb19__matched_clean__fixed_q96,selection_val,authentic,-3.8914337158203125,0.020007578656077385,epoch_014,42,fixed_q96,center_crop,"{""cell_id"":""center_crop_0.8"",""name"":""center_crop"",""output_format"":""PNG"",""parameter"":0.8,""stochastic"":false}",sid_set,unknown,unknown,unknown
sid_set_0b328a58364cf92ef5e1__matched_clean__fixed_q96__benchmark__jpeg_q90,sid_set_0b328a58364cf92ef5e1,sid_set_0b328a58364cf92ef5e1__matched_clean__fixed_q96,selection_val,ai_generated,2.768857955932617,0.9409695267677307,epoch_014,42,fixed_q96,jpeg,"{""cell_id"":""jpeg_q90"",""name"":""jpeg"",""output_format"":""JPEG"",""parameter"":90,""stochastic"":false}",sid_set,unknown,unknown,unknown
sid_set_0b328a58364cf92ef5e1__matched_clean__fixed_q96__benchmark__jpeg_q70,sid_set_0b328a58364cf92ef5e1,sid_set_0b328a58364cf92ef5e1__matched_clean__fixed_q96,selection_val,ai_generated,3.2558231353759766,0.9628818035125732,epoch_014,42,fixed_q96,jpeg,"{""cell_id"":""jpeg_q70"",""name"":""jpeg"",""output_format"":""JPEG"",""parameter"":70,""stochastic"":false}",sid_set,unknown,unknown,unknown
sid_set_0b328a58364cf92ef5e1__matched_clean__fixed_q96__benchmark__jpeg_q50,sid_set_0b328a58364cf92ef5e1,sid_set_0b328a58364cf92ef5e1__matched_clean__fixed_q96,selection_val,ai_generated,2.7799062728881836,0.9415802359580994,epoch_014,42,fixed_q96,jpeg,"{""cell_id"":""jpeg_q50"",""name"":""jpeg"",""output_format"":""JPEG"",""parameter"":50,""stochastic"":false}",sid_set,unknown,unknown,unknown
sid_set_0b328a58364cf92ef5e1__matched_clean__fixed_q96__benchmark__jpeg_q30,sid_set_0b328a58364cf92ef5e1,sid_set_0b328a58364cf92ef5e1__matched_clean__fixed_q96,selection_val,ai_generated,2.331415891647339,0.911445677280426,epoch_014,42,fixed_q96,jpeg,"{""cell_id"":""jpeg_q30"",""name"":""jpeg"",""output_format"":""JPEG"",""parameter"":30,""stochastic"":false}",sid_set,unknown,unknown,unknown
sid_set_0b328a58364cf92ef5e1__matched_clean__fixed_q96__benchmark__blur_sigma_0.5,sid_set_0b328a58364cf92ef5e1,sid_set_0b328a58364cf92ef5e1__matched_clean__fixed_q96,selection_val,ai_generated,1.5371885299682617,0.8230556845664978,epoch_014,42,fixed_q96,blur,"{""cell_id"":""blur_sigma_0.5"",""name"":""blur"",""output_format"":""PNG"",""parameter"":0.5,""stochastic"":false}",sid_set,unknown,unknown,unknown
sid_set_0b328a58364cf92ef5e1__matched_clean__fixed_q96__benchmark__blur_sigma_1.0,sid_set_0b328a58364cf92ef5e1,sid_set_0b328a58364cf92ef5e1__matched_clean__fixed_q96,selection_val,ai_generated,2.236386299133301,0.9034697413444519,epoch_014,42,fixed_q96,blur,"{""cell_id"":""blur_sigma_1.0"",""name"":""blur"",""output_format"":""PNG"",""parameter"":1.0,""stochastic"":false}",sid_set,unknown,unknown,unknown
sid_set_0b328a58364cf92ef5e1__matched_clean__fixed_q96__benchmark__blur_sigma_2.0,sid_set_0b328a58364cf92ef5e1,sid_set_0b328a58364cf92ef5e1__matched_clean__fixed_q96,selection_val,ai_generated,2.3209969997406006,0.9106011390686035,epoch_014,42,fixed_q96,blur,"{""cell_id"":""blur_sigma_2.0"",""name"":""blur"",""output_format"":""PNG"",""parameter"":2.0,""stochastic"":false}",sid_set,unknown,unknown,unknown
sid_set_0b328a58364cf92ef5e1__matched_clean__fixed_q96__benchmark__resize_scale_0.5,sid_set_0b328a58364cf92ef5e1,sid_set_0b328a58364cf92ef5e1__matched_clean__fixed_q96,selection_val,ai_generated,2.4754204750061035,0.9224005937576294,epoch_014,42,fixed_q96,resize,"{""cell_id"":""resize_scale_0.5"",""name"":""resize"",""output_format"":""PNG"",""parameter"":0.5,""stochastic"":false}",sid_set,unknown,unknown,unknown
sid_set_0b328a58364cf92ef5e1__matched_clean__fixed_q96__benchmark__resize_scale_0.25,sid_set_0b328a58364cf92ef5e1,sid_set_0b328a58364cf92ef5e1__matched_clean__fixed_q96,selection_val,ai_generated,2.1575474739074707,0.8963719606399536,epoch_014,42,fixed_q96,resize,"{""cell_id"":""resize_scale_0.25"",""name"":""resize"",""output_format"":""PNG"",""parameter"":0.25,""stochastic"":false}",sid_set,unknown,unknown,unknown
sid_set_0b328a58364cf92ef5e1__matched_clean__fixed_q96__benchmark__noise_sigma_0.02,sid_set_0b328a58364cf92ef5e1,sid_set_0b328a58364cf92ef5e1__matched_clean__fixed_q96,selection_val,ai_generated,3.0082809925079346,0.9529468417167664,epoch_014,42,fixed_q96,noise,"{""cell_id"":""noise_sigma_0.02"",""name"":""noise"",""output_format"":""PNG"",""parameter"":0.02,""stochastic"":true}",sid_set,unknown,unknown,unknown
sid_set_0b328a58364cf92ef5e1__matched_clean__fixed_q96__benchmark__noise_sigma_0.05,sid_set_0b328a58364cf92ef5e1,sid_set_0b328a58364cf92ef5e1__matched_clean__fixed_q96,selection_val,ai_generated,2.2192187309265137,0.901962161064148,epoch_014,42,fixed_q96,noise,"{""cell_id"":""noise_sigma_0.05"",""name"":""noise"",""output_format"":""PNG"",""parameter"":0.05,""stochastic"":true}",sid_set,unknown,unknown,unknown
sid_set_0b328a58364cf92ef5e1__matched_clean__fixed_q96__benchmark__noise_sigma_0.1,sid_set_0b328a58364cf92ef5e1,sid_set_0b328a58364cf92ef5e1__matched_clean__fixed_q96,selection_val,ai_generated,2.3018150329589844,0.9090272784233093,epoch_014,42,fixed_q96,noise,"{""cell_id"":""noise_sigma_0.1"",""name"":""noise"",""output_format"":""PNG"",""parameter"":0.1,""stochastic"":true}",sid_set,unknown,unknown,unknown
sid_set_0b328a58364cf92ef5e1__matched_clean__fixed_q96__benchmark__color_jitter_0.2,sid_set_0b328a58364cf92ef5e1,sid_set_0b328a58364cf92ef5e1__matched_clean__fixed_q96,selection_val,ai_generated,1.6512157917022705,0.8390552997589111,epoch_014,42,fixed_q96,color_jitter,"{""cell_id"":""color_jitter_0.2"",""name"":""color_jitter"",""output_format"":""PNG"",""parameter"":0.2,""stochastic"":true}",sid_set,unknown,unknown,unknown
sid_set_0b328a58364cf92ef5e1__matched_clean__fixed_q96__benchmark__center_crop_0.8,sid_set_0b328a58364cf92ef5e1,sid_set_0b328a58364cf92ef5e1__matched_clean__fixed_q96,selection_val,ai_generated,2.4967401027679443,0.9239130020141602,epoch_014,42,fixed_q96,center_crop,"{""cell_id"":""center_crop_0.8"",""name"":""center_crop"",""output_format"":""PNG"",""parameter"":0.8,""stochastic"":false}",sid_set,unknown,unknown,unknown
sid_set_0b334099fc05e066c8a4__matched_clean__fixed_q96__benchmark__jpeg_q90,sid_set_0b334099fc05e066c8a4,sid_set_0b334099fc05e066c8a4__matched_clean__fixed_q96,selection_val,ai_generated,5.533867359161377,0.9960648417472839,epoch_014,42,fixed_q96,jpeg,"{""cell_id"":""jpeg_q90"",""name"":""jpeg"",""output_format"":""JPEG"",""parameter"":90,""stochastic"":false}",sid_set,unknown,unknown,unknown
sid_set_0b334099fc05e066c8a4__matched_clean__fixed_q96__benchmark__jpeg_q70,sid_set_0b334099fc05e066c8a4,sid_set_0b334099fc05e066c8a4__matched_clean__fixed_q96,selection_val,ai_generated,4.868570804595947,0.9923742413520813,epoch_014,42,fixed_q96,jpeg,"{""cell_id"":""jpeg_q70"",""name"":""jpeg"",""output_format"":""JPEG"",""parameter"":70,""stochastic"":false}",sid_set,unknown,unknown,unknown
sid_set_0b334099fc05e066c8a4__matched_clean__fixed_q96__benchmark__jpeg_q50,sid_set_0b334099fc05e066c8a4,sid_set_0b334099fc05e066c8a4__matched_clean__fixed_q96,selection_val,ai_generated,3.6149349212646484,0.9737869501113892,epoch_014,42,fixed_q96,jpeg,"{""cell_id"":""jpeg_q50"",""name"":""jpeg"",""output_format"":""JPEG"",""parameter"":50,""stochastic"":false}",sid_set,unknown,unknown,unknown
sid_set_0b334099fc05e066c8a4__matched_clean__fixed_q96__benchmark__jpeg_q30,sid_set_0b334099fc05e066c8a4,sid_set_0b334099fc05e066c8a4__matched_clean__fixed_q96,selection_val,ai_generated,3.420403242111206,0.9683361649513245,epoch_014,42,fixed_q96,jpeg,"{""cell_id"":""jpeg_q30"",""name"":""jpeg"",""output_format"":""JPEG"",""parameter"":30,""stochastic"":false}",sid_set,unknown,unknown,unknown
sid_set_0b334099fc05e066c8a4__matched_clean__fixed_q96__benchmark__blur_sigma_0.5,sid_set_0b334099fc05e066c8a4,sid_set_0b334099fc05e066c8a4__matched_clean__fixed_q96,selection_val,ai_generated,5.704041004180908,0.9966785907745361,epoch_014,42,fixed_q96,blur,"{""cell_id"":""blur_sigma_0.5"",""name"":""blur"",""output_format"":""PNG"",""parameter"":0.5,""stochastic"":false}",sid_set,unknown,unknown,unknown
sid_set_0b334099fc05e066c8a4__matched_clean__fixed_q96__benchmark__blur_sigma_1.0,sid_set_0b334099fc05e066c8a4,sid_set_0b334099fc05e066c8a4__matched_clean__fixed_q96,selection_val,ai_generated,6.179530143737793,0.9979329109191895,epoch_014,42,fixed_q96,blur,"{""cell_id"":""blur_sigma_1.0"",""name"":""blur"",""output_format"":""PNG"",""parameter"":1.0,""stochastic"":false}",sid_set,unknown,unknown,unknown
sid_set_0b334099fc05e066c8a4__matched_clean__fixed_q96__benchmark__blur_sigma_2.0,sid_set_0b334099fc05e066c8a4,sid_set_0b334099fc05e066c8a4__matched_clean__fixed_q96,selection_val,ai_generated,4.369485378265381,0.9875004291534424,epoch_014,42,fixed_q96,blur,"{""cell_id"":""blur_sigma_2.0"",""name"":""blur"",""output_format"":""PNG"",""parameter"":2.0,""stochastic"":false}",sid_set,unknown,unknown,unknown
sid_set_0b334099fc05e066c8a4__matched_clean__fixed_q96__benchmark__resize_scale_0.5,sid_set_0b334099fc05e066c8a4,sid_set_0b334099fc05e066c8a4__matched_clean__fixed_q96,selection_val,ai_generated,5.4699296951293945,0.995806097984314,epoch_014,42,fixed_q96,resize,"{""cell_id"":""resize_scale_0.5"",""name"":""resize"",""output_format"":""PNG"",""parameter"":0.5,""stochastic"":false}",sid_set,unknown,unknown,unknown
sid_set_0b334099fc05e066c8a4__matched_clean__fixed_q96__benchmark__resize_scale_0.25,sid_set_0b334099fc05e066c8a4,sid_set_0b334099fc05e066c8a4__matched_clean__fixed_q96,selection_val,ai_generated,4.2799906730651855,0.9863461852073669,epoch_014,42,fixed_q96,resize,"{""cell_id"":""resize_scale_0.25"",""name"":""resize"",""output_format"":""PNG"",""parameter"":0.25,""stochastic"":false}",sid_set,unknown,unknown,unknown
sid_set_0b334099fc05e066c8a4__matched_clean__fixed_q96__benchmark__noise_sigma_0.02,sid_set_0b334099fc05e066c8a4,sid_set_0b334099fc05e066c8a4__matched_clean__fixed_q96,selection_val,ai_generated,3.4540817737579346,0.9693526029586792,epoch_014,42,fixed_q96,noise,"{""cell_id"":""noise_sigma_0.02"",""name"":""noise"",""output_format"":""PNG"",""parameter"":0.02,""stochastic"":true}",sid_set,unknown,unknown,unknown
sid_set_0b334099fc05e066c8a4__matched_clean__fixed_q96__benchmark__noise_sigma_0.05,sid_set_0b334099fc05e066c8a4,sid_set_0b334099fc05e066c8a4__matched_clean__fixed_q96,selection_val,ai_generated,2.465278148651123,0.9216715097427368,epoch_014,42,fixed_q96,noise,"{""cell_id"":""noise_sigma_0.05"",""name"":""noise"",""output_format"":""PNG"",""parameter"":0.05,""stochastic"":true}",sid_set,unknown,unknown,unknown
sid_set_0b334099fc05e066c8a4__matched_clean__fixed_q96__benchmark__noise_sigma_0.1,sid_set_0b334099fc05e066c8a4,sid_set_0b334099fc05e066c8a4__matched_clean__fixed_q96,selection_val,ai_generated,1.617372751235962,0.8344324827194214,epoch_014,42,fixed_q96,noise,"{""cell_id"":""noise_sigma_0.1"",""name"":""noise"",""output_format"":""PNG"",""parameter"":0.1,""stochastic"":true}",sid_set,unknown,unknown,unknown
sid_set_0b334099fc05e066c8a4__matched_clean__fixed_q96__benchmark__color_jitter_0.2,sid_set_0b334099fc05e066c8a4,sid_set_0b334099fc05e066c8a4__matched_clean__fixed_q96,selection_val,ai_generated,5.571183681488037,0.9962084293365479,epoch_014,42,fixed_q96,color_jitter,"{""cell_id"":""color_jitter_0.2"",""name"":""color_jitter"",""output_format"":""PNG"",""parameter"":0.2,""stochastic"":true}",sid_set,unknown,unknown,unknown
sid_set_0b334099fc05e066c8a4__matched_clean__fixed_q96__benchmark__center_crop_0.8,sid_set_0b334099fc05e066c8a4,sid_set_0b334099fc05e066c8a4__matched_clean__fixed_q96,selection_val,ai_generated,5.765310764312744,0.9968754053115845,epoch_014,42,fixed_q96,center_crop,"{""cell_id"":""center_crop_0.8"",""name"":""center_crop"",""output_format"":""PNG"",""parameter"":0.8,""stochastic"":false}",sid_set,unknown,unknown,unknown
sid_set_0b462aab11c87428ba40__matched_clean__fixed_q96__benchmark__jpeg_q90,sid_set_0b462aab11c87428ba40,sid_set_0b462aab11c87428ba40__matched_clean__fixed_q96,selection_val,authentic,-4.714458465576172,0.008885067887604237,epoch_014,42,fixed_q96,jpeg,"{""cell_id"":""jpeg_q90"",""name"":""jpeg"",""output_format"":""JPEG"",""parameter"":90,""stochastic"":false}",sid_set,unknown,unknown,unknown
sid_set_0b462aab11c87428ba40__matched_clean__fixed_q96__benchmark__jpeg_q70,sid_set_0b462aab11c87428ba40,sid_set_0b462aab11c87428ba40__matched_clean__fixed_q96,selection_val,authentic,-3.4083783626556396,0.03203464299440384,epoch_014,42,fixed_q96,jpeg,"{""cell_id"":""jpeg_q70"",""name"":""jpeg"",""output_format"":""JPEG"",""parameter"":70,""stochastic"":false}",sid_set,unknown,unknown,unknown
sid_set_0b462aab11c87428ba40__matched_clean__fixed_q96__benchmark__jpeg_q50,sid_set_0b462aab11c87428ba40,sid_set_0b462aab11c87428ba40__matched_clean__fixed_q96,selection_val,authentic,-2.7958340644836426,0.05754971131682396,epoch_014,42,fixed_q96,jpeg,"{""cell_id"":""jpeg_q50"",""name"":""jpeg"",""output_format"":""JPEG"",""parameter"":50,""stochastic"":false}",sid_set,unknown,unknown,unknown
sid_set_0b462aab11c87428ba40__matched_clean__fixed_q96__benchmark__jpeg_q30,sid_set_0b462aab11c87428ba40,sid_set_0b462aab11c87428ba40__matched_clean__fixed_q96,selection_val,authentic,-2.899857759475708,0.05216059461236,epoch_014,42,fixed_q96,jpeg,"{""cell_id"":""jpeg_q30"",""name"":""jpeg"",""output_format"":""JPEG"",""parameter"":30,""stochastic"":false}",sid_set,unknown,unknown,unknown
sid_set_0b462aab11c87428ba40__matched_clean__fixed_q96__benchmark__blur_sigma_0.5,sid_set_0b462aab11c87428ba40,sid_set_0b462aab11c87428ba40__matched_clean__fixed_q96,selection_val,authentic,-5.962483882904053,0.002566905692219734,epoch_014,42,fixed_q96,blur,"{""cell_id"":""blur_sigma_0.5"",""name"":""blur"",""output_format"":""PNG"",""parameter"":0.5,""stochastic"":false}",sid_set,unknown,unknown,unknown
sid_set_0b462aab11c87428ba40__matched_clean__fixed_q96__benchmark__blur_sigma_1.0,sid_set_0b462aab11c87428ba40,sid_set_0b462aab11c87428ba40__matched_clean__fixed_q96,selection_val,authentic,-5.147672176361084,0.00577932596206665,epoch_014,42,fixed_q96,blur,"{""cell_id"":""blur_sigma_1.0"",""name"":""blur"",""output_format"":""PNG"",""parameter"":1.0,""stochastic"":false}",sid_set,unknown,unknown,unknown
sid_set_0b462aab11c87428ba40__matched_clean__fixed_q96__benchmark__blur_sigma_2.0,sid_set_0b462aab11c87428ba40,sid_set_0b462aab11c87428ba40__matched_clean__fixed_q96,selection_val,authentic,-3.67588210105896,0.02470143884420395,epoch_014,42,fixed_q96,blur,"{""cell_id"":""blur_sigma_2.0"",""name"":""blur"",""output_format"":""PNG"",""parameter"":2.0,""stochastic"":false}",sid_set,unknown,unknown,unknown
sid_set_0b462aab11c87428ba40__matched_clean__fixed_q96__benchmark__resize_scale_0.5,sid_set_0b462aab11c87428ba40,sid_set_0b462aab11c87428ba40__matched_clean__fixed_q96,selection_val,authentic,-3.8880650997161865,0.02007373608648777,epoch_014,42,fixed_q96,resize,"{""cell_id"":""resize_scale_0.5"",""name"":""resize"",""output_format"":""PNG"",""parameter"":0.5,""stochastic"":false}",sid_set,unknown,unknown,unknown
sid_set_0b462aab11c87428ba40__matched_clean__fixed_q96__benchmark__resize_scale_0.25,sid_set_0b462aab11c87428ba40,sid_set_0b462aab11c87428ba40__matched_clean__fixed_q96,selection_val,authentic,-3.265968084335327,0.03675731644034386,epoch_014,42,fixed_q96,resize,"{""cell_id"":""resize_scale_0.25"",""name"":""resize"",""output_format"":""PNG"",""parameter"":0.25,""stochastic"":false}",sid_set,unknown,unknown,unknown
sid_set_0b462aab11c87428ba40__matched_clean__fixed_q96__benchmark__noise_sigma_0.02,sid_set_0b462aab11c87428ba40,sid_set_0b462aab11c87428ba40__matched_clean__fixed_q96,selection_val,authentic,-2.499663829803467,0.07588174939155579,epoch_014,42,fixed_q96,noise,"{""cell_id"":""noise_sigma_0.02"",""name"":""noise"",""output_format"":""PNG"",""parameter"":0.02,""stochastic"":true}",sid_set,unknown,unknown,unknown
sid_set_0b462aab11c87428ba40__matched_clean__fixed_q96__benchmark__noise_sigma_0.05,sid_set_0b462aab11c87428ba40,sid_set_0b462aab11c87428ba40__matched_clean__fixed_q96,selection_val,authentic,-1.4903743267059326,0.18386554718017578,epoch_014,42,fixed_q96,noise,"{""cell_id"":""noise_sigma_0.05"",""name"":""noise"",""output_format"":""PNG"",""parameter"":0.05,""stochastic"":true}",sid_set,unknown,unknown,unknown
sid_set_0b462aab11c87428ba40__matched_clean__fixed_q96__benchmark__noise_sigma_0.1,sid_set_0b462aab11c87428ba40,sid_set_0b462aab11c87428ba40__matched_clean__fixed_q96,selection_val,authentic,-0.8023520112037659,0.3095226287841797,epoch_014,42,fixed_q96,noise,"{""cell_id"":""noise_sigma_0.1"",""name"":""noise"",""output_format"":""PNG"",""parameter"":0.1,""stochastic"":true}",sid_set,unknown,unknown,unknown
sid_set_0b462aab11c87428ba40__matched_clean__fixed_q96__benchmark__color_jitter_0.2,sid_set_0b462aab11c87428ba40,sid_set_0b462aab11c87428ba40__matched_clean__fixed_q96,selection_val,authentic,-4.8786468505859375,0.007549867033958435,epoch_014,42,fixed_q96,color_jitter,"{""cell_id"":""color_jitter_0.2"",""name"":""color_jitter"",""output_format"":""PNG"",""parameter"":0.2,""stochastic"":true}",sid_set,unknown,unknown,unknown
sid_set_0b462aab11c87428ba40__matched_clean__fixed_q96__benchmark__center_crop_0.8,sid_set_0b462aab11c87428ba40,sid_set_0b462aab11c87428ba40__matched_clean__fixed_q96,selection_val,authentic,-4.619335651397705,0.009763086214661598,epoch_014,42,fixed_q96,center_crop,"{""cell_id"":""center_crop_0.8"",""name"":""center_crop"",""output_format"":""PNG"",""parameter"":0.8,""stochastic"":false}",sid_set,unknown,unknown,unknown
sid_set_0b46c8b9780208d3a985__matched_clean__fixed_q96__benchmark__jpeg_q90,sid_set_0b46c8b9780208d3a985,sid_set_0b46c8b9780208d3a985__matched_clean__fixed_q96,selection_val,ai_generated,9.732217788696289,0.9999406337738037,epoch_014,42,fixed_q96,jpeg,"{""cell_id"":""jpeg_q90"",""name"":""jpeg"",""output_format"":""JPEG"",""parameter"":90,""stochastic"":false}",sid_set,unknown,unknown,unknown
sid_set_0b46c8b9780208d3a985__matched_clean__fixed_q96__benchmark__jpeg_q70,sid_set_0b46c8b9780208d3a985,sid_set_0b46c8b9780208d3a985__matched_clean__fixed_q96,selection_val,ai_generated,9.382499694824219,0.9999158382415771,epoch_014,42,fixed_q96,jpeg,"{""cell_id"":""jpeg_q70"",""name"":""jpeg"",""output_format"":""JPEG"",""parameter"":70,""stochastic"":false}",sid_set,unknown,unknown,unknown
sid_set_0b46c8b9780208d3a985__matched_clean__fixed_q96__benchmark__jpeg_q50,sid_set_0b46c8b9780208d3a985,sid_set_0b46c8b9780208d3a985__matched_clean__fixed_q96,selection_val,ai_generated,9.417130470275879,0.9999186992645264,epoch_014,42,fixed_q96,jpeg,"{""cell_id"":""jpeg_q50"",""name"":""jpeg"",""output_format"":""JPEG"",""parameter"":50,""stochastic"":false}",sid_set,unknown,unknown,unknown
sid_set_0b46c8b9780208d3a985__matched_clean__fixed_q96__benchmark__jpeg_q30,sid_set_0b46c8b9780208d3a985,sid_set_0b46c8b9780208d3a985__matched_clean__fixed_q96,selection_val,ai_generated,8.222860336303711,0.9997316002845764,epoch_014,42,fixed_q96,jpeg,"{""cell_id"":""jpeg_q30"",""name"":""jpeg"",""output_format"":""JPEG"",""parameter"":30,""stochastic"":false}",sid_set,unknown,unknown,unknown
sid_set_0b46c8b9780208d3a985__matched_clean__fixed_q96__benchmark__blur_sigma_0.5,sid_set_0b46c8b9780208d3a985,sid_set_0b46c8b9780208d3a985__matched_clean__fixed_q96,selection_val,ai_generated,8.534774780273438,0.9998036026954651,epoch_014,42,fixed_q96,blur,"{""cell_id"":""blur_sigma_0.5"",""name"":""blur"",""output_format"":""PNG"",""parameter"":0.5,""stochastic"":false}",sid_set,unknown,unknown,unknown
sid_set_0b46c8b9780208d3a985__matched_clean__fixed_q96__benchmark__blur_sigma_1.0,sid_set_0b46c8b9780208d3a985,sid_set_0b46c8b9780208d3a985__matched_clean__fixed_q96,selection_val,ai_generated,8.053788185119629,0.9996821880340576,epoch_014,42,fixed_q96,blur,"{""cell_id"":""blur_sigma_1.0"",""name"":""blur"",""output_format"":""PNG"",""parameter"":1.0,""stochastic"":false}",sid_set,unknown,unknown,unknown
sid_set_0b46c8b9780208d3a985__matched_clean__fixed_q96__benchmark__blur_sigma_2.0,sid_set_0b46c8b9780208d3a985,sid_set_0b46c8b9780208d3a985__matched_clean__fixed_q96,selection_val,ai_generated,6.828846454620361,0.9989191293716431,epoch_014,42,fixed_q96,blur,"{""cell_id"":""blur_sigma_2.0"",""name"":""blur"",""output_format"":""PNG"",""parameter"":2.0,""stochastic"":false}",sid_set,unknown,unknown,unknown
sid_set_0b46c8b9780208d3a985__matched_clean__fixed_q96__benchmark__resize_scale_0.5,sid_set_0b46c8b9780208d3a985,sid_set_0b46c8b9780208d3a985__matched_clean__fixed_q96,selection_val,ai_generated,8.140883445739746,0.9997087121009827,epoch_014,42,fixed_q96,resize,"{""cell_id"":""resize_scale_0.5"",""name"":""resize"",""output_format"":""PNG"",""parameter"":0.5,""stochastic"":false}",sid_set,unknown,unknown,unknown
sid_set_0b46c8b9780208d3a985__matched_clean__fixed_q96__benchmark__resize_scale_0.25,sid_set_0b46c8b9780208d3a985,sid_set_0b46c8b9780208d3a985__matched_clean__fixed_q96,selection_val,ai_generated,6.290065288543701,0.9981487989425659,epoch_014,42,fixed_q96,resize,"{""cell_id"":""resize_scale_0.25"",""name"":""resize"",""output_format"":""PNG"",""parameter"":0.25,""stochastic"":false}",sid_set,unknown,unknown,unknown
sid_set_0b46c8b9780208d3a985__matched_clean__fixed_q96__benchmark__noise_sigma_0.02,sid_set_0b46c8b9780208d3a985,sid_set_0b46c8b9780208d3a985__matched_clean__fixed_q96,selection_val,ai_generated,7.217850685119629,0.9992671608924866,epoch_014,42,fixed_q96,noise,"{""cell_id"":""noise_sigma_0.02"",""name"":""noise"",""output_format"":""PNG"",""parameter"":0.02,""stochastic"":true}",sid_set,unknown,unknown,unknown
sid_set_0b46c8b9780208d3a985__matched_clean__fixed_q96__benchmark__noise_sigma_0.05,sid_set_0b46c8b9780208d3a985,sid_set_0b46c8b9780208d3a985__matched_clean__fixed_q96,selection_val,ai_generated,5.47133207321167,0.9958119988441467,epoch_014,42,fixed_q96,noise,"{""cell_id"":""noise_sigma_0.05"",""name"":""noise"",""output_format"":""PNG"",""parameter"":0.05,""stochastic"":true}",sid_set,unknown,unknown,unknown
sid_set_0b46c8b9780208d3a985__matched_clean__fixed_q96__benchmark__noise_sigma_0.1,sid_set_0b46c8b9780208d3a985,sid_set_0b46c8b9780208d3a985__matched_clean__fixed_q96,selection_val,ai_generated,4.399743556976318,0.9878684878349304,epoch_014,42,fixed_q96,noise,"{""cell_id"":""noise_sigma_0.1"",""name"":""noise"",""output_format"":""PNG"",""parameter"":0.1,""stochastic"":true}",sid_set,unknown,unknown,unknown
sid_set_0b46c8b9780208d3a985__matched_clean__fixed_q96__benchmark__color_jitter_0.2,sid_set_0b46c8b9780208d3a985,sid_set_0b46c8b9780208d3a985__matched_clean__fixed_q96,selection_val,ai_generated,9.32349967956543,0.9999107122421265,epoch_014,42,fixed_q96,color_jitter,"{""cell_id"":""color_jitter_0.2"",""name"":""color_jitter"",""output_format"":""PNG"",""parameter"":0.2,""stochastic"":true}",sid_set,unknown,unknown,unknown
sid_set_0b46c8b9780208d3a985__matched_clean__fixed_q96__benchmark__center_crop_0.8,sid_set_0b46c8b9780208d3a985,sid_set_0b46c8b9780208d3a985__matched_clean__fixed_q96,selection_val,ai_generated,9.751585960388184,0.9999418258666992,epoch_014,42,fixed_q96,center_crop,"{""cell_id"":""center_crop_0.8"",""name"":""center_crop"",""output_format"":""PNG"",""parameter"":0.8,""stochastic"":false}",sid_set,unknown,unknown,unknown
sid_set_0b5130b07de06e052928__matched_clean__fixed_q96__benchmark__jpeg_q90,sid_set_0b5130b07de06e052928,sid_set_0b5130b07de06e052928__matched_clean__fixed_q96,selection_val,authentic,-7.333474159240723,0.0006528734229505062,epoch_014,42,fixed_q96,jpeg,"{""cell_id"":""jpeg_q90"",""name"":""jpeg"",""output_format"":""JPEG"",""parameter"":90,""stochastic"":false}",sid_set,unknown,unknown,unknown
sid_set_0b5130b07de06e052928__matched_clean__fixed_q96__benchmark__jpeg_q70,sid_set_0b5130b07de06e052928,sid_set_0b5130b07de06e052928__matched_clean__fixed_q96,selection_val,authentic,-7.8175458908081055,0.00040244648698717356,epoch_014,42,fixed_q96,jpeg,"{""cell_id"":""jpeg_q70"",""name"":""jpeg"",""output_format"":""JPEG"",""parameter"":70,""stochastic"":false}",sid_set,unknown,unknown,unknown
sid_set_0b5130b07de06e052928__matched_clean__fixed_q96__benchmark__jpeg_q50,sid_set_0b5130b07de06e052928,sid_set_0b5130b07de06e052928__matched_clean__fixed_q96,selection_val,authentic,-7.53410530090332,0.0005342537187971175,epoch_014,42,fixed_q96,jpeg,"{""cell_id"":""jpeg_q50"",""name"":""jpeg"",""output_format"":""JPEG"",""parameter"":50,""stochastic"":false}",sid_set,unknown,unknown,unknown
sid_set_0b5130b07de06e052928__matched_clean__fixed_q96__benchmark__jpeg_q30,sid_set_0b5130b07de06e052928,sid_set_0b5130b07de06e052928__matched_clean__fixed_q96,selection_val,authentic,-7.463366508483887,0.000573392549995333,epoch_014,42,fixed_q96,jpeg,"{""cell_id"":""jpeg_q30"",""name"":""jpeg"",""output_format"":""JPEG"",""parameter"":30,""stochastic"":false}",sid_set,unknown,unknown,unknown
sid_set_0b5130b07de06e052928__matched_clean__fixed_q96__benchmark__blur_sigma_0.5,sid_set_0b5130b07de06e052928,sid_set_0b5130b07de06e052928__matched_clean__fixed_q96,selection_val,authentic,-8.522261619567871,0.00019894930301234126,epoch_014,42,fixed_q96,blur,"{""cell_id"":""blur_sigma_0.5"",""name"":""blur"",""output_format"":""PNG"",""parameter"":0.5,""stochastic"":false}",sid_set,unknown,unknown,unknown
sid_set_0b5130b07de06e052928__matched_clean__fixed_q96__benchmark__blur_sigma_1.0,sid_set_0b5130b07de06e052928,sid_set_0b5130b07de06e052928__matched_clean__fixed_q96,selection_val,authentic,-7.263564109802246,0.0007001159829087555,epoch_014,42,fixed_q96,blur,"{""cell_id"":""blur_sigma_1.0"",""name"":""blur"",""output_format"":""PNG"",""parameter"":1.0,""stochastic"":false}",sid_set,unknown,unknown,unknown
sid_set_0b5130b07de06e052928__matched_clean__fixed_q96__benchmark__blur_sigma_2.0,sid_set_0b5130b07de06e052928,sid_set_0b5130b07de06e052928__matched_clean__fixed_q96,selection_val,authentic,-4.686177730560303,0.009137601591646671,epoch_014,42,fixed_q96,blur,"{""cell_id"":""blur_sigma_2.0"",""name"":""blur"",""output_format"":""PNG"",""parameter"":2.0,""stochastic"":false}",sid_set,unknown,unknown,unknown
sid_set_0b5130b07de06e052928__matched_clean__fixed_q96__benchmark__resize_scale_0.5,sid_set_0b5130b07de06e052928,sid_set_0b5130b07de06e052928__matched_clean__fixed_q96,selection_val,authentic,-6.718994140625,0.0012062955647706985,epoch_014,42,fixed_q96,resize,"{""cell_id"":""resize_scale_0.5"",""name"":""resize"",""output_format"":""PNG"",""parameter"":0.5,""stochastic"":false}",sid_set,unknown,unknown,unknown
sid_set_0b5130b07de06e052928__matched_clean__fixed_q96__benchmark__resize_scale_0.25,sid_set_0b5130b07de06e052928,sid_set_0b5130b07de06e052928__matched_clean__fixed_q96,selection_val,authentic,-5.1766252517700195,0.005615321919322014,epoch_014,42,fixed_q96,resize,"{""cell_id"":""resize_scale_0.25"",""name"":""resize"",""output_format"":""PNG"",""parameter"":0.25,""stochastic"":false}",sid_set,unknown,unknown,unknown
sid_set_0b5130b07de06e052928__matched_clean__fixed_q96__benchmark__noise_sigma_0.02,sid_set_0b5130b07de06e052928,sid_set_0b5130b07de06e052928__matched_clean__fixed_q96,selection_val,authentic,-6.943872928619385,0.0009635973838157952,epoch_014,42,fixed_q96,noise,"{""cell_id"":""noise_sigma_0.02"",""name"":""noise"",""output_format"":""PNG"",""parameter"":0.02,""stochastic"":true}",sid_set,unknown,unknown,unknown
sid_set_0b5130b07de06e052928__matched_clean__fixed_q96__benchmark__noise_sigma_0.05,sid_set_0b5130b07de06e052928,sid_set_0b5130b07de06e052928__matched_clean__fixed_q96,selection_val,authentic,-6.891389846801758,0.0010154678020626307,epoch_014,42,fixed_q96,noise,"{""cell_id"":""noise_sigma_0.05"",""name"":""noise"",""output_format"":""PNG"",""parameter"":0.05,""stochastic"":true}",sid_set,unknown,unknown,unknown
sid_set_0b5130b07de06e052928__matched_clean__fixed_q96__benchmark__noise_sigma_0.1,sid_set_0b5130b07de06e052928,sid_set_0b5130b07de06e052928__matched_clean__fixed_q96,selection_val,authentic,-6.137580394744873,0.0021554878912866116,epoch_014,42,fixed_q96,noise,"{""cell_id"":""noise_sigma_0.1"",""name"":""noise"",""output_format"":""PNG"",""parameter"":0.1,""stochastic"":true}",sid_set,unknown,unknown,unknown
sid_set_0b5130b07de06e052928__matched_clean__fixed_q96__benchmark__color_jitter_0.2,sid_set_0b5130b07de06e052928,sid_set_0b5130b07de06e052928__matched_clean__fixed_q96,selection_val,authentic,-7.6275715827941895,0.0004866047529503703,epoch_014,42,fixed_q96,color_jitter,"{""cell_id"":""color_jitter_0.2"",""name"":""color_jitter"",""output_format"":""PNG"",""parameter"":0.2,""stochastic"":true}",sid_set,unknown,unknown,unknown
sid_set_0b5130b07de06e052928__matched_clean__fixed_q96__benchmark__center_crop_0.8,sid_set_0b5130b07de06e052928,sid_set_0b5130b07de06e052928__matched_clean__fixed_q96,selection_val,authentic,-6.80629301071167,0.0011055645300075412,epoch_014,42,fixed_q96,center_crop,"{""cell_id"":""center_crop_0.8"",""name"":""center_crop"",""output_format"":""PNG"",""parameter"":0.8,""stochastic"":false}",sid_set,unknown,unknown,unknown
sid_set_0b92ead51cb35a358ca3__matched_clean__fixed_q96__benchmark__jpeg_q90,sid_set_0b92ead51cb35a358ca3,sid_set_0b92ead51cb35a358ca3__matched_clean__fixed_q96,selection_val,ai_generated,4.741893291473389,0.9913533329963684,epoch_014,42,fixed_q96,jpeg,"{""cell_id"":""jpeg_q90"",""name"":""jpeg"",""output_format"":""JPEG"",""parameter"":90,""stochastic"":false}",sid_set,unknown,unknown,unknown
sid_set_0b92ead51cb35a358ca3__matched_clean__fixed_q96__benchmark__jpeg_q70,sid_set_0b92ead51cb35a358ca3,sid_set_0b92ead51cb35a358ca3__matched_clean__fixed_q96,selection_val,ai_generated,4.87802267074585,0.9924454092979431,epoch_014,42,fixed_q96,jpeg,"{""cell_id"":""jpeg_q70"",""name"":""jpeg"",""output_format"":""JPEG"",""parameter"":70,""stochastic"":false}",sid_set,unknown,unknown,unknown
sid_set_0b92ead51cb35a358ca3__matched_clean__fixed_q96__benchmark__jpeg_q50,sid_set_0b92ead51cb35a358ca3,sid_set_0b92ead51cb35a358ca3__matched_clean__fixed_q96,selection_val,ai_generated,5.021300792694092,0.9934472441673279,epoch_014,42,fixed_q96,jpeg,"{""cell_id"":""jpeg_q50"",""name"":""jpeg"",""output_format"":""JPEG"",""parameter"":50,""stochastic"":false}",sid_set,unknown,unknown,unknown
sid_set_0b92ead51cb35a358ca3__matched_clean__fixed_q96__benchmark__jpeg_q30,sid_set_0b92ead51cb35a358ca3,sid_set_0b92ead51cb35a358ca3__matched_clean__fixed_q96,selection_val,ai_generated,3.5976810455322266,0.9733428955078125,epoch_014,42,fixed_q96,jpeg,"{""cell_id"":""jpeg_q30"",""name"":""jpeg"",""output_format"":""JPEG"",""parameter"":30,""stochastic"":false}",sid_set,unknown,unknown,unknown
sid_set_0b92ead51cb35a358ca3__matched_clean__fixed_q96__benchmark__blur_sigma_0.5,sid_set_0b92ead51cb35a358ca3,sid_set_0b92ead51cb35a358ca3__matched_clean__fixed_q96,selection_val,ai_generated,3.6655850410461426,0.9750492572784424,epoch_014,42,fixed_q96,blur,"{""cell_id"":""blur_sigma_0.5"",""name"":""blur"",""output_format"":""PNG"",""parameter"":0.5,""stochastic"":false}",sid_set,unknown,unknown,unknown
sid_set_0b92ead51cb35a358ca3__matched_clean__fixed_q96__benchmark__blur_sigma_1.0,sid_set_0b92ead51cb35a358ca3,sid_set_0b92ead51cb35a358ca3__matched_clean__fixed_q96,selection_val,ai_generated,2.483368396759033,0.9229676127433777,epoch_014,42,fixed_q96,blur,"{""cell_id"":""blur_sigma_1.0"",""name"":""blur"",""output_format"":""PNG"",""parameter"":1.0,""stochastic"":false}",sid_set,unknown,unknown,unknown
sid_set_0b92ead51cb35a358ca3__matched_clean__fixed_q96__benchmark__blur_sigma_2.0,sid_set_0b92ead51cb35a358ca3,sid_set_0b92ead51cb35a358ca3__matched_clean__fixed_q96,selection_val,ai_generated,2.7885897159576416,0.9420560598373413,epoch_014,42,fixed_q96,blur,"{""cell_id"":""blur_sigma_2.0"",""name"":""blur"",""output_format"":""PNG"",""parameter"":2.0,""stochastic"":false}",sid_set,unknown,unknown,unknown
sid_set_0b92ead51cb35a358ca3__matched_clean__fixed_q96__benchmark__resize_scale_0.5,sid_set_0b92ead51cb35a358ca3,sid_set_0b92ead51cb35a358ca3__matched_clean__fixed_q96,selection_val,ai_generated,3.062065601348877,0.9553005695343018,epoch_014,42,fixed_q96,resize,"{""cell_id"":""resize_scale_0.5"",""name"":""resize"",""output_format"":""PNG"",""parameter"":0.5,""stochastic"":false}",sid_set,unknown,unknown,unknown
sid_set_0b92ead51cb35a358ca3__matched_clean__fixed_q96__benchmark__resize_scale_0.25,sid_set_0b92ead51cb35a358ca3,sid_set_0b92ead51cb35a358ca3__matched_clean__fixed_q96,selection_val,ai_generated,2.7445740699768066,0.939606249332428,epoch_014,42,fixed_q96,resize,"{""cell_id"":""resize_scale_0.25"",""name"":""resize"",""output_format"":""PNG"",""parameter"":0.25,""stochastic"":false}",sid_set,unknown,unknown,unknown
sid_set_0b92ead51cb35a358ca3__matched_clean__fixed_q96__benchmark__noise_sigma_0.02,sid_set_0b92ead51cb35a358ca3,sid_set_0b92ead51cb35a358ca3__matched_clean__fixed_q96,selection_val,ai_generated,4.001256942749023,0.9820359349250793,epoch_014,42,fixed_q96,noise,"{""cell_id"":""noise_sigma_0.02"",""name"":""noise"",""output_format"":""PNG"",""parameter"":0.02,""stochastic"":true}",sid_set,unknown,unknown,unknown
sid_set_0b92ead51cb35a358ca3__matched_clean__fixed_q96__benchmark__noise_sigma_0.05,sid_set_0b92ead51cb35a358ca3,sid_set_0b92ead51cb35a358ca3__matched_clean__fixed_q96,selection_val,ai_generated,2.9659063816070557,0.9510098695755005,epoch_014,42,fixed_q96,noise,"{""cell_id"":""noise_sigma_0.05"",""name"":""noise"",""output_format"":""PNG"",""parameter"":0.05,""stochastic"":true}",sid_set,unknown,unknown,unknown
sid_set_0b92ead51cb35a358ca3__matched_clean__fixed_q96__benchmark__noise_sigma_0.1,sid_set_0b92ead51cb35a358ca3,sid_set_0b92ead51cb35a358ca3__matched_clean__fixed_q96,selection_val,ai_generated,2.886453628540039,0.9471727609634399,epoch_014,42,fixed_q96,noise,"{""cell_id"":""noise_sigma_0.1"",""name"":""noise"",""output_format"":""PNG"",""parameter"":0.1,""stochastic"":true}",sid_set,unknown,unknown,unknown
sid_set_0b92ead51cb35a358ca3__matched_clean__fixed_q96__benchmark__color_jitter_0.2,sid_set_0b92ead51cb35a358ca3,sid_set_0b92ead51cb35a358ca3__matched_clean__fixed_q96,selection_val,ai_generated,3.4811553955078125,0.9701467752456665,epoch_014,42,fixed_q96,color_jitter,"{""cell_id"":""color_jitter_0.2"",""name"":""color_jitter"",""output_format"":""PNG"",""parameter"":0.2,""stochastic"":true}",sid_set,unknown,unknown,unknown
sid_set_0b92ead51cb35a358ca3__matched_clean__fixed_q96__benchmark__center_crop_0.8,sid_set_0b92ead51cb35a358ca3,sid_set_0b92ead51cb35a358ca3__matched_clean__fixed_q96,selection_val,ai_generated,3.8973708152770996,0.9801085591316223,epoch_014,42,fixed_q96,center_crop,"{""cell_id"":""center_crop_0.8"",""name"":""center_crop"",""output_format"":""PNG"",""parameter"":0.8,""stochastic"":false}",sid_set,unknown,unknown,unknown
sid_set_0b9bfff1b474e57109a8__matched_clean__fixed_q96__benchmark__jpeg_q90,sid_set_0b9bfff1b474e57109a8,sid_set_0b9bfff1b474e57109a8__matched_clean__fixed_q96,selection_val,ai_generated,6.708028316497803,0.9987804293632507,epoch_014,42,fixed_q96,jpeg,"{""cell_id"":""jpeg_q90"",""name"":""jpeg"",""output_format"":""JPEG"",""parameter"":90,""stochastic"":false}",sid_set,unknown,unknown,unknown
sid_set_0b9bfff1b474e57109a8__matched_clean__fixed_q96__benchmark__jpeg_q70,sid_set_0b9bfff1b474e57109a8,sid_set_0b9bfff1b474e57109a8__matched_clean__fixed_q96,selection_val,ai_generated,6.199405193328857,0.9979735016822815,epoch_014,42,fixed_q96,jpeg,"{""cell_id"":""jpeg_q70"",""name"":""jpeg"",""output_format"":""JPEG"",""parameter"":70,""stochastic"":false}",sid_set,unknown,unknown,unknown
sid_set_0b9bfff1b474e57109a8__matched_clean__fixed_q96__benchmark__jpeg_q50,sid_set_0b9bfff1b474e57109a8,sid_set_0b9bfff1b474e57109a8__matched_clean__fixed_q96,selection_val,ai_generated,6.178133964538574,0.9979300498962402,epoch_014,42,fixed_q96,jpeg,"{""cell_id"":""jpeg_q50"",""name"":""jpeg"",""output_format"":""JPEG"",""parameter"":50,""stochastic"":false}",sid_set,unknown,unknown,unknown
sid_set_0b9bfff1b474e57109a8__matched_clean__fixed_q96__benchmark__jpeg_q30,sid_set_0b9bfff1b474e57109a8,sid_set_0b9bfff1b474e57109a8__matched_clean__fixed_q96,selection_val,ai_generated,5.920223712921143,0.9973226189613342,epoch_014,42,fixed_q96,jpeg,"{""cell_id"":""jpeg_q30"",""name"":""jpeg"",""output_format"":""JPEG"",""parameter"":30,""stochastic"":false}",sid_set,unknown,unknown,unknown
sid_set_0b9bfff1b474e57109a8__matched_clean__fixed_q96__benchmark__blur_sigma_0.5,sid_set_0b9bfff1b474e57109a8,sid_set_0b9bfff1b474e57109a8__matched_clean__fixed_q96,selection_val,ai_generated,5.829293727874756,0.997068464756012,epoch_014,42,fixed_q96,blur,"{""cell_id"":""blur_sigma_0.5"",""name"":""blur"",""output_format"":""PNG"",""parameter"":0.5,""stochastic"":false}",sid_set,unknown,unknown,unknown
sid_set_0b9bfff1b474e57109a8__matched_clean__fixed_q96__benchmark__blur_sigma_1.0,sid_set_0b9bfff1b474e57109a8,sid_set_0b9bfff1b474e57109a8__matched_clean__fixed_q96,selection_val,ai_generated,6.262600898742676,0.9980973601341248,epoch_014,42,fixed_q96,blur,"{""cell_id"":""blur_sigma_1.0"",""name"":""blur"",""output_format"":""PNG"",""parameter"":1.0,""stochastic"":false}",sid_set,unknown,unknown,unknown
sid_set_0b9bfff1b474e57109a8__matched_clean__fixed_q96__benchmark__blur_sigma_2.0,sid_set_0b9bfff1b474e57109a8,sid_set_0b9bfff1b474e57109a8__matched_clean__fixed_q96,selection_val,ai_generated,5.298941135406494,0.9950279593467712,epoch_014,42,fixed_q96,blur,"{""cell_id"":""blur_sigma_2.0"",""name"":""blur"",""output_format"":""PNG"",""parameter"":2.0,""stochastic"":false}",sid_set,unknown,unknown,unknown
sid_set_0b9bfff1b474e57109a8__matched_clean__fixed_q96__benchmark__resize_scale_0.5,sid_set_0b9bfff1b474e57109a8,sid_set_0b9bfff1b474e57109a8__matched_clean__fixed_q96,selection_val,ai_generated,6.306377410888672,0.9981787204742432,epoch_014,42,fixed_q96,resize,"{""cell_id"":""resize_scale_0.5"",""name"":""resize"",""output_format"":""PNG"",""parameter"":0.5,""stochastic"":false}",sid_set,unknown,unknown,unknown
sid_set_0b9bfff1b474e57109a8__matched_clean__fixed_q96__benchmark__resize_scale_0.25,sid_set_0b9bfff1b474e57109a8,sid_set_0b9bfff1b474e57109a8__matched_clean__fixed_q96,selection_val,ai_generated,4.070924758911133,0.983224630355835,epoch_014,42,fixed_q96,resize,"{""cell_id"":""resize_scale_0.25"",""name"":""resize"",""output_format"":""PNG"",""parameter"":0.25,""stochastic"":false}",sid_set,unknown,unknown,unknown
sid_set_0b9bfff1b474e57109a8__matched_clean__fixed_q96__benchmark__noise_sigma_0.02,sid_set_0b9bfff1b474e57109a8,sid_set_0b9bfff1b474e57109a8__matched_clean__fixed_q96,selection_val,ai_generated,5.320789813995361,0.9951348900794983,epoch_014,42,fixed_q96,noise,"{""cell_id"":""noise_sigma_0.02"",""name"":""noise"",""output_format"":""PNG"",""parameter"":0.02,""stochastic"":true}",sid_set,unknown,unknown,unknown
sid_set_0b9bfff1b474e57109a8__matched_clean__fixed_q96__benchmark__noise_sigma_0.05,sid_set_0b9bfff1b474e57109a8,sid_set_0b9bfff1b474e57109a8__matched_clean__fixed_q96,selection_val,ai_generated,4.571695327758789,0.9897654056549072,epoch_014,42,fixed_q96,noise,"{""cell_id"":""noise_sigma_0.05"",""name"":""noise"",""output_format"":""PNG"",""parameter"":0.05,""stochastic"":true}",sid_set,unknown,unknown,unknown
sid_set_0b9bfff1b474e57109a8__matched_clean__fixed_q96__benchmark__noise_sigma_0.1,sid_set_0b9bfff1b474e57109a8,sid_set_0b9bfff1b474e57109a8__matched_clean__fixed_q96,selection_val,ai_generated,3.9270997047424316,0.9806798696517944,epoch_014,42,fixed_q96,noise,"{""cell_id"":""noise_sigma_0.1"",""name"":""noise"",""output_format"":""PNG"",""parameter"":0.1,""stochastic"":true}",sid_set,unknown,unknown,unknown
sid_set_0b9bfff1b474e57109a8__matched_clean__fixed_q96__benchmark__color_jitter_0.2,sid_set_0b9bfff1b474e57109a8,sid_set_0b9bfff1b474e57109a8__matched_clean__fixed_q96,selection_val,ai_generated,6.6899261474609375,0.9987581968307495,epoch_014,42,fixed_q96,color_jitter,"{""cell_id"":""color_jitter_0.2"",""name"":""color_jitter"",""output_format"":""PNG"",""parameter"":0.2,""stochastic"":true}",sid_set,unknown,unknown,unknown
sid_set_0b9bfff1b474e57109a8__matched_clean__fixed_q96__benchmark__center_crop_0.8,sid_set_0b9bfff1b474e57109a8,sid_set_0b9bfff1b474e57109a8__matched_clean__fixed_q96,selection_val,ai_generated,7.107824325561523,0.9991819262504578,epoch_014,42,fixed_q96,center_crop,"{""cell_id"":""center_crop_0.8"",""name"":""center_crop"",""output_format"":""PNG"",""parameter"":0.8,""stochastic"":false}",sid_set,unknown,unknown,unknown
sid_set_0c0a54ce3cc4b8ea74ec__matched_clean__fixed_q96__benchmark__jpeg_q90,sid_set_0c0a54ce3cc4b8ea74ec,sid_set_0c0a54ce3cc4b8ea74ec__matched_clean__fixed_q96,selection_val,ai_generated,6.158148765563965,0.9978882670402527,epoch_014,42,fixed_q96,jpeg,"{""cell_id"":""jpeg_q90"",""name"":""jpeg"",""output_format"":""JPEG"",""parameter"":90,""stochastic"":false}",sid_set,unknown,unknown,unknown
sid_set_0c0a54ce3cc4b8ea74ec__matched_clean__fixed_q96__benchmark__jpeg_q70,sid_set_0c0a54ce3cc4b8ea74ec,sid_set_0c0a54ce3cc4b8ea74ec__matched_clean__fixed_q96,selection_val,ai_generated,6.415894031524658,0.9983673691749573,epoch_014,42,fixed_q96,jpeg,"{""cell_id"":""jpeg_q70"",""name"":""jpeg"",""output_format"":""JPEG"",""parameter"":70,""stochastic"":false}",sid_set,unknown,unknown,unknown
sid_set_0c0a54ce3cc4b8ea74ec__matched_clean__fixed_q96__benchmark__jpeg_q50,sid_set_0c0a54ce3cc4b8ea74ec,sid_set_0c0a54ce3cc4b8ea74ec__matched_clean__fixed_q96,selection_val,ai_generated,5.833746433258057,0.997081458568573,epoch_014,42,fixed_q96,jpeg,"{""cell_id"":""jpeg_q50"",""name"":""jpeg"",""output_format"":""JPEG"",""parameter"":50,""stochastic"":false}",sid_set,unknown,unknown,unknown
sid_set_0c0a54ce3cc4b8ea74ec__matched_clean__fixed_q96__benchmark__jpeg_q30,sid_set_0c0a54ce3cc4b8ea74ec,sid_set_0c0a54ce3cc4b8ea74ec__matched_clean__fixed_q96,selection_val,ai_generated,4.767248630523682,0.9915679097175598,epoch_014,42,fixed_q96,jpeg,"{""cell_id"":""jpeg_q30"",""name"":""jpeg"",""output_format"":""JPEG"",""parameter"":30,""stochastic"":false}",sid_set,unknown,unknown,unknown
sid_set_0c0a54ce3cc4b8ea74ec__matched_clean__fixed_q96__benchmark__blur_sigma_0.5,sid_set_0c0a54ce3cc4b8ea74ec,sid_set_0c0a54ce3cc4b8ea74ec__matched_clean__fixed_q96,selection_val,ai_generated,5.41454553604126,0.9955683350563049,epoch_014,42,fixed_q96,blur,"{""cell_id"":""blur_sigma_0.5"",""name"":""blur"",""output_format"":""PNG"",""parameter"":0.5,""stochastic"":false}",sid_set,unknown,unknown,unknown
sid_set_0c0a54ce3cc4b8ea74ec__matched_clean__fixed_q96__benchmark__blur_sigma_1.0,sid_set_0c0a54ce3cc4b8ea74ec,sid_set_0c0a54ce3cc4b8ea74ec__matched_clean__fixed_q96,selection_val,ai_generated,5.457789421081543,0.9957551956176758,epoch_014,42,fixed_q96,blur,"{""cell_id"":""blur_sigma_1.0"",""name"":""blur"",""output_format"":""PNG"",""parameter"":1.0,""stochastic"":false}",sid_set,unknown,unknown,unknown
sid_set_0c0a54ce3cc4b8ea74ec__matched_clean__fixed_q96__benchmark__blur_sigma_2.0,sid_set_0c0a54ce3cc4b8ea74ec,sid_set_0c0a54ce3cc4b8ea74ec__matched_clean__fixed_q96,selection_val,ai_generated,5.568479061126709,0.9961982369422913,epoch_014,42,fixed_q96,blur,"{""cell_id"":""blur_sigma_2.0"",""name"":""blur"",""output_format"":""PNG"",""parameter"":2.0,""stochastic"":false}",sid_set,unknown,unknown,unknown
sid_set_0c0a54ce3cc4b8ea74ec__matched_clean__fixed_q96__benchmark__resize_scale_0.5,sid_set_0c0a54ce3cc4b8ea74ec,sid_set_0c0a54ce3cc4b8ea74ec__matched_clean__fixed_q96,selection_val,ai_generated,6.569678783416748,0.9985997080802917,epoch_014,42,fixed_q96,resize,"{""cell_id"":""resize_scale_0.5"",""name"":""resize"",""output_format"":""PNG"",""parameter"":0.5,""stochastic"":false}",sid_set,unknown,unknown,unknown
sid_set_0c0a54ce3cc4b8ea74ec__matched_clean__fixed_q96__benchmark__resize_scale_0.25,sid_set_0c0a54ce3cc4b8ea74ec,sid_set_0c0a54ce3cc4b8ea74ec__matched_clean__fixed_q96,selection_val,ai_generated,5.520563125610352,0.9960123300552368,epoch_014,42,fixed_q96,resize,"{""cell_id"":""resize_scale_0.25"",""name"":""resize"",""output_format"":""PNG"",""parameter"":0.25,""stochastic"":false}",sid_set,unknown,unknown,unknown
sid_set_0c0a54ce3cc4b8ea74ec__matched_clean__fixed_q96__benchmark__noise_sigma_0.02,sid_set_0c0a54ce3cc4b8ea74ec,sid_set_0c0a54ce3cc4b8ea74ec__matched_clean__fixed_q96,selection_val,ai_generated,5.973926067352295,0.9974621534347534,epoch_014,42,fixed_q96,noise,"{""cell_id"":""noise_sigma_0.02"",""name"":""noise"",""output_format"":""PNG"",""parameter"":0.02,""stochastic"":true}",sid_set,unknown,unknown,unknown
sid_set_0c0a54ce3cc4b8ea74ec__matched_clean__fixed_q96__benchmark__noise_sigma_0.05,sid_set_0c0a54ce3cc4b8ea74ec,sid_set_0c0a54ce3cc4b8ea74ec__matched_clean__fixed_q96,selection_val,ai_generated,4.816747188568115,0.9919718503952026,epoch_014,42,fixed_q96,noise,"{""cell_id"":""noise_sigma_0.05"",""name"":""noise"",""output_format"":""PNG"",""parameter"":0.05,""stochastic"":true}",sid_set,unknown,unknown,unknown
sid_set_0c0a54ce3cc4b8ea74ec__matched_clean__fixed_q96__benchmark__noise_sigma_0.1,sid_set_0c0a54ce3cc4b8ea74ec,sid_set_0c0a54ce3cc4b8ea74ec__matched_clean__fixed_q96,selection_val,ai_generated,2.992739200592041,0.9522449970245361,epoch_014,42,fixed_q96,noise,"{""cell_id"":""noise_sigma_0.1"",""name"":""noise"",""output_format"":""PNG"",""parameter"":0.1,""stochastic"":true}",sid_set,unknown,unknown,unknown
sid_set_0c0a54ce3cc4b8ea74ec__matched_clean__fixed_q96__benchmark__color_jitter_0.2,sid_set_0c0a54ce3cc4b8ea74ec,sid_set_0c0a54ce3cc4b8ea74ec__matched_clean__fixed_q96,selection_val,ai_generated,6.785725116729736,0.9988715052604675,epoch_014,42,fixed_q96,color_jitter,"{""cell_id"":""color_jitter_0.2"",""name"":""color_jitter"",""output_format"":""PNG"",""parameter"":0.2,""stochastic"":true}",sid_set,unknown,unknown,unknown
sid_set_0c0a54ce3cc4b8ea74ec__matched_clean__fixed_q96__benchmark__center_crop_0.8,sid_set_0c0a54ce3cc4b8ea74ec,sid_set_0c0a54ce3cc4b8ea74ec__matched_clean__fixed_q96,selection_val,ai_generated,6.538242816925049,0.9985550045967102,epoch_014,42,fixed_q96,center_crop,"{""cell_id"":""center_crop_0.8"",""name"":""center_crop"",""output_format"":""PNG"",""parameter"":0.8,""stochastic"":false}",sid_set,unknown,unknown,unknown
sid_set_0c27fd743412436a9c43__matched_clean__fixed_q96__benchmark__jpeg_q90,sid_set_0c27fd743412436a9c43,sid_set_0c27fd743412436a9c43__matched_clean__fixed_q96,selection_val,authentic,-7.104834079742432,0.0008204522309824824,epoch_014,42,fixed_q96,jpeg,"{""cell_id"":""jpeg_q90"",""name"":""jpeg"",""output_format"":""JPEG"",""parameter"":90,""stochastic"":false}",sid_set,unknown,unknown,unknown
sid_set_0c27fd743412436a9c43__matched_clean__fixed_q96__benchmark__jpeg_q70,sid_set_0c27fd743412436a9c43,sid_set_0c27fd743412436a9c43__matched_clean__fixed_q96,selection_val,authentic,-6.532601356506348,0.0014531008200719953,epoch_014,42,fixed_q96,jpeg,"{""cell_id"":""jpeg_q70"",""name"":""jpeg"",""output_format"":""JPEG"",""parameter"":70,""stochastic"":false}",sid_set,unknown,unknown,unknown
sid_set_0c27fd743412436a9c43__matched_clean__fixed_q96__benchmark__jpeg_q50,sid_set_0c27fd743412436a9c43,sid_set_0c27fd743412436a9c43__matched_clean__fixed_q96,selection_val,authentic,-6.7165961265563965,0.0012091882526874542,epoch_014,42,fixed_q96,jpeg,"{""cell_id"":""jpeg_q50"",""name"":""jpeg"",""output_format"":""JPEG"",""parameter"":50,""stochastic"":false}",sid_set,unknown,unknown,unknown
sid_set_0c27fd743412436a9c43__matched_clean__fixed_q96__benchmark__jpeg_q30,sid_set_0c27fd743412436a9c43,sid_set_0c27fd743412436a9c43__matched_clean__fixed_q96,selection_val,authentic,-7.089298248291016,0.0008332874858751893,epoch_014,42,fixed_q96,jpeg,"{""cell_id"":""jpeg_q30"",""name"":""jpeg"",""output_format"":""JPEG"",""parameter"":30,""stochastic"":false}",sid_set,unknown,unknown,unknown
sid_set_0c27fd743412436a9c43__matched_clean__fixed_q96__benchmark__blur_sigma_0.5,sid_set_0c27fd743412436a9c43,sid_set_0c27fd743412436a9c43__matched_clean__fixed_q96,selection_val,authentic,-8.75090217590332,0.00015829337644390762,epoch_014,42,fixed_q96,blur,"{""cell_id"":""blur_sigma_0.5"",""name"":""blur"",""output_format"":""PNG"",""parameter"":0.5,""stochastic"":false}",sid_set,unknown,unknown,unknown
sid_set_0c27fd743412436a9c43__matched_clean__fixed_q96__benchmark__blur_sigma_1.0,sid_set_0c27fd743412436a9c43,sid_set_0c27fd743412436a9c43__matched_clean__fixed_q96,selection_val,authentic,-7.895932197570801,0.0003721162211149931,epoch_014,42,fixed_q96,blur,"{""cell_id"":""blur_sigma_1.0"",""name"":""blur"",""output_format"":""PNG"",""parameter"":1.0,""stochastic"":false}",sid_set,unknown,unknown,unknown
sid_set_0c27fd743412436a9c43__matched_clean__fixed_q96__benchmark__blur_sigma_2.0,sid_set_0c27fd743412436a9c43,sid_set_0c27fd743412436a9c43__matched_clean__fixed_q96,selection_val,authentic,-4.778341293334961,0.00833979994058609,epoch_014,42,fixed_q96,blur,"{""cell_id"":""blur_sigma_2.0"",""name"":""blur"",""output_format"":""PNG"",""parameter"":2.0,""stochastic"":false}",sid_set,unknown,unknown,unknown
sid_set_0c27fd743412436a9c43__matched_clean__fixed_q96__benchmark__resize_scale_0.5,sid_set_0c27fd743412436a9c43,sid_set_0c27fd743412436a9c43__matched_clean__fixed_q96,selection_val,authentic,-6.3007283210754395,0.0018316068453714252,epoch_014,42,fixed_q96,resize,"{""cell_id"":""resize_scale_0.5"",""name"":""resize"",""output_format"":""PNG"",""parameter"":0.5,""stochastic"":false}",sid_set,unknown,unknown,unknown
sid_set_0c27fd743412436a9c43__matched_clean__fixed_q96__benchmark__resize_scale_0.25,sid_set_0c27fd743412436a9c43,sid_set_0c27fd743412436a9c43__matched_clean__fixed_q96,selection_val,authentic,-4.85336446762085,0.007741681765764952,epoch_014,42,fixed_q96,resize,"{""cell_id"":""resize_scale_0.25"",""name"":""resize"",""output_format"":""PNG"",""parameter"":0.25,""stochastic"":false}",sid_set,unknown,unknown,unknown
sid_set_0c27fd743412436a9c43__matched_clean__fixed_q96__benchmark__noise_sigma_0.02,sid_set_0c27fd743412436a9c43,sid_set_0c27fd743412436a9c43__matched_clean__fixed_q96,selection_val,authentic,-6.082550048828125,0.002277151681482792,epoch_014,42,fixed_q96,noise,"{""cell_id"":""noise_sigma_0.02"",""name"":""noise"",""output_format"":""PNG"",""parameter"":0.02,""stochastic"":true}",sid_set,unknown,unknown,unknown
sid_set_0c27fd743412436a9c43__matched_clean__fixed_q96__benchmark__noise_sigma_0.05,sid_set_0c27fd743412436a9c43,sid_set_0c27fd743412436a9c43__matched_clean__fixed_q96,selection_val,authentic,-5.145511627197266,0.005791753530502319,epoch_014,42,fixed_q96,noise,"{""cell_id"":""noise_sigma_0.05"",""name"":""noise"",""output_format"":""PNG"",""parameter"":0.05,""stochastic"":true}",sid_set,unknown,unknown,unknown
sid_set_0c27fd743412436a9c43__matched_clean__fixed_q96__benchmark__noise_sigma_0.1,sid_set_0c27fd743412436a9c43,sid_set_0c27fd743412436a9c43__matched_clean__fixed_q96,selection_val,authentic,-5.164905548095703,0.0056811426766216755,epoch_014,42,fixed_q96,noise,"{""cell_id"":""noise_sigma_0.1"",""name"":""noise"",""output_format"":""PNG"",""parameter"":0.1,""stochastic"":true}",sid_set,unknown,unknown,unknown
sid_set_0c27fd743412436a9c43__matched_clean__fixed_q96__benchmark__color_jitter_0.2,sid_set_0c27fd743412436a9c43,sid_set_0c27fd743412436a9c43__matched_clean__fixed_q96,selection_val,authentic,-7.212307929992676,0.0007369097438640893,epoch_014,42,fixed_q96,color_jitter,"{""cell_id"":""color_jitter_0.2"",""name"":""color_jitter"",""output_format"":""PNG"",""parameter"":0.2,""stochastic"":true}",sid_set,unknown,unknown,unknown
sid_set_0c27fd743412436a9c43__matched_clean__fixed_q96__benchmark__center_crop_0.8,sid_set_0c27fd743412436a9c43,sid_set_0c27fd743412436a9c43__matched_clean__fixed_q96,selection_val,authentic,-7.584411144256592,0.0005080557893961668,epoch_014,42,fixed_q96,center_crop,"{""cell_id"":""center_crop_0.8"",""name"":""center_crop"",""output_format"":""PNG"",""parameter"":0.8,""stochastic"":false}",sid_set,unknown,unknown,unknown
sid_set_0c3a140dafe3e6846451__matched_clean__fixed_q96__benchmark__jpeg_q90,sid_set_0c3a140dafe3e6846451,sid_set_0c3a140dafe3e6846451__matched_clean__fixed_q96,selection_val,ai_generated,5.837176322937012,0.9970914125442505,epoch_014,42,fixed_q96,jpeg,"{""cell_id"":""jpeg_q90"",""name"":""jpeg"",""output_format"":""JPEG"",""parameter"":90,""stochastic"":false}",sid_set,unknown,unknown,unknown
sid_set_0c3a140dafe3e6846451__matched_clean__fixed_q96__benchmark__jpeg_q70,sid_set_0c3a140dafe3e6846451,sid_set_0c3a140dafe3e6846451__matched_clean__fixed_q96,selection_val,ai_generated,5.050016403198242,0.9936315417289734,epoch_014,42,fixed_q96,jpeg,"{""cell_id"":""jpeg_q70"",""name"":""jpeg"",""output_format"":""JPEG"",""parameter"":70,""stochastic"":false}",sid_set,unknown,unknown,unknown
sid_set_0c3a140dafe3e6846451__matched_clean__fixed_q96__benchmark__jpeg_q50,sid_set_0c3a140dafe3e6846451,sid_set_0c3a140dafe3e6846451__matched_clean__fixed_q96,selection_val,ai_generated,3.5446481704711914,0.9719317555427551,epoch_014,42,fixed_q96,jpeg,"{""cell_id"":""jpeg_q50"",""name"":""jpeg"",""output_format"":""JPEG"",""parameter"":50,""stochastic"":false}",sid_set,unknown,unknown,unknown
sid_set_0c3a140dafe3e6846451__matched_clean__fixed_q96__benchmark__jpeg_q30,sid_set_0c3a140dafe3e6846451,sid_set_0c3a140dafe3e6846451__matched_clean__fixed_q96,selection_val,ai_generated,3.40818452835083,0.9679594039916992,epoch_014,42,fixed_q96,jpeg,"{""cell_id"":""jpeg_q30"",""name"":""jpeg"",""output_format"":""JPEG"",""parameter"":30,""stochastic"":false}",sid_set,unknown,unknown,unknown
sid_set_0c3a140dafe3e6846451__matched_clean__fixed_q96__benchmark__blur_sigma_0.5,sid_set_0c3a140dafe3e6846451,sid_set_0c3a140dafe3e6846451__matched_clean__fixed_q96,selection_val,ai_generated,4.275455474853516,0.9862849712371826,epoch_014,42,fixed_q96,blur,"{""cell_id"":""blur_sigma_0.5"",""name"":""blur"",""output_format"":""PNG"",""parameter"":0.5,""stochastic"":false}",sid_set,unknown,unknown,unknown
sid_set_0c3a140dafe3e6846451__matched_clean__fixed_q96__benchmark__blur_sigma_1.0,sid_set_0c3a140dafe3e6846451,sid_set_0c3a140dafe3e6846451__matched_clean__fixed_q96,selection_val,ai_generated,4.2440972328186035,0.9858543276786804,epoch_014,42,fixed_q96,blur,"{""cell_id"":""blur_sigma_1.0"",""name"":""blur"",""output_format"":""PNG"",""parameter"":1.0,""stochastic"":false}",sid_set,unknown,unknown,unknown
sid_set_0c3a140dafe3e6846451__matched_clean__fixed_q96__benchmark__blur_sigma_2.0,sid_set_0c3a140dafe3e6846451,sid_set_0c3a140dafe3e6846451__matched_clean__fixed_q96,selection_val,ai_generated,2.7207376956939697,0.9382392764091492,epoch_014,42,fixed_q96,blur,"{""cell_id"":""blur_sigma_2.0"",""name"":""blur"",""output_format"":""PNG"",""parameter"":2.0,""stochastic"":false}",sid_set,unknown,unknown,unknown
sid_set_0c3a140dafe3e6846451__matched_clean__fixed_q96__benchmark__resize_scale_0.5,sid_set_0c3a140dafe3e6846451,sid_set_0c3a140dafe3e6846451__matched_clean__fixed_q96,selection_val,ai_generated,4.079267501831055,0.9833616614341736,epoch_014,42,fixed_q96,resize,"{""cell_id"":""resize_scale_0.5"",""name"":""resize"",""output_format"":""PNG"",""parameter"":0.5,""stochastic"":false}",sid_set,unknown,unknown,unknown
sid_set_0c3a140dafe3e6846451__matched_clean__fixed_q96__benchmark__resize_scale_0.25,sid_set_0c3a140dafe3e6846451,sid_set_0c3a140dafe3e6846451__matched_clean__fixed_q96,selection_val,ai_generated,2.3841142654418945,0.9156078696250916,epoch_014,42,fixed_q96,resize,"{""cell_id"":""resize_scale_0.25"",""name"":""resize"",""output_format"":""PNG"",""parameter"":0.25,""stochastic"":false}",sid_set,unknown,unknown,unknown
sid_set_0c3a140dafe3e6846451__matched_clean__fixed_q96__benchmark__noise_sigma_0.02,sid_set_0c3a140dafe3e6846451,sid_set_0c3a140dafe3e6846451__matched_clean__fixed_q96,selection_val,ai_generated,4.244836330413818,0.985864520072937,epoch_014,42,fixed_q96,noise,"{""cell_id"":""noise_sigma_0.02"",""name"":""noise"",""output_format"":""PNG"",""parameter"":0.02,""stochastic"":true}",sid_set,unknown,unknown,unknown
sid_set_0c3a140dafe3e6846451__matched_clean__fixed_q96__benchmark__noise_sigma_0.05,sid_set_0c3a140dafe3e6846451,sid_set_0c3a140dafe3e6846451__matched_clean__fixed_q96,selection_val,ai_generated,4.402477741241455,0.9879012107849121,epoch_014,42,fixed_q96,noise,"{""cell_id"":""noise_sigma_0.05"",""name"":""noise"",""output_format"":""PNG"",""parameter"":0.05,""stochastic"":true}",sid_set,unknown,unknown,unknown
sid_set_0c3a140dafe3e6846451__matched_clean__fixed_q96__benchmark__noise_sigma_0.1,sid_set_0c3a140dafe3e6846451,sid_set_0c3a140dafe3e6846451__matched_clean__fixed_q96,selection_val,ai_generated,2.9953715801239014,0.9523645639419556,epoch_014,42,fixed_q96,noise,"{""cell_id"":""noise_sigma_0.1"",""name"":""noise"",""output_format"":""PNG"",""parameter"":0.1,""stochastic"":true}",sid_set,unknown,unknown,unknown
sid_set_0c3a140dafe3e6846451__matched_clean__fixed_q96__benchmark__color_jitter_0.2,sid_set_0c3a140dafe3e6846451,sid_set_0c3a140dafe3e6846451__matched_clean__fixed_q96,selection_val,ai_generated,5.315570831298828,0.995109498500824,epoch_014,42,fixed_q96,color_jitter,"{""cell_id"":""color_jitter_0.2"",""name"":""color_jitter"",""output_format"":""PNG"",""parameter"":0.2,""stochastic"":true}",sid_set,unknown,unknown,unknown
sid_set_0c3a140dafe3e6846451__matched_clean__fixed_q96__benchmark__center_crop_0.8,sid_set_0c3a140dafe3e6846451,sid_set_0c3a140dafe3e6846451__matched_clean__fixed_q96,selection_val,ai_generated,5.95029354095459,0.9974017143249512,epoch_014,42,fixed_q96,center_crop,"{""cell_id"":""center_crop_0.8"",""name"":""center_crop"",""output_format"":""PNG"",""parameter"":0.8,""stochastic"":false}",sid_set,unknown,unknown,unknown
sid_set_0c40296bfec51ee0a847__matched_clean__fixed_q96__benchmark__jpeg_q90,sid_set_0c40296bfec51ee0a847,sid_set_0c40296bfec51ee0a847__matched_clean__fixed_q96,selection_val,ai_generated,6.5361199378967285,0.9985520243644714,epoch_014,42,fixed_q96,jpeg,"{""cell_id"":""jpeg_q90"",""name"":""jpeg"",""output_format"":""JPEG"",""parameter"":90,""stochastic"":false}",sid_set,unknown,unknown,unknown
sid_set_0c40296bfec51ee0a847__matched_clean__fixed_q96__benchmark__jpeg_q70,sid_set_0c40296bfec51ee0a847,sid_set_0c40296bfec51ee0a847__matched_clean__fixed_q96,selection_val,ai_generated,6.085248947143555,0.9977290034294128,epoch_014,42,fixed_q96,jpeg,"{""cell_id"":""jpeg_q70"",""name"":""jpeg"",""output_format"":""JPEG"",""parameter"":70,""stochastic"":false}",sid_set,unknown,unknown,unknown
sid_set_0c40296bfec51ee0a847__matched_clean__fixed_q96__benchmark__jpeg_q50,sid_set_0c40296bfec51ee0a847,sid_set_0c40296bfec51ee0a847__matched_clean__fixed_q96,selection_val,ai_generated,5.457425117492676,0.9957536458969116,epoch_014,42,fixed_q96,jpeg,"{""cell_id"":""jpeg_q50"",""name"":""jpeg"",""output_format"":""JPEG"",""parameter"":50,""stochastic"":false}",sid_set,unknown,unknown,unknown
sid_set_0c40296bfec51ee0a847__matched_clean__fixed_q96__benchmark__jpeg_q30,sid_set_0c40296bfec51ee0a847,sid_set_0c40296bfec51ee0a847__matched_clean__fixed_q96,selection_val,ai_generated,4.716466426849365,0.9911325573921204,epoch_014,42,fixed_q96,jpeg,"{""cell_id"":""jpeg_q30"",""name"":""jpeg"",""output_format"":""JPEG"",""parameter"":30,""stochastic"":false}",sid_set,unknown,unknown,unknown
sid_set_0c40296bfec51ee0a847__matched_clean__fixed_q96__benchmark__blur_sigma_0.5,sid_set_0c40296bfec51ee0a847,sid_set_0c40296bfec51ee0a847__matched_clean__fixed_q96,selection_val,ai_generated,5.984459400177002,0.9974887371063232,epoch_014,42,fixed_q96,blur,"{""cell_id"":""blur_sigma_0.5"",""name"":""blur"",""output_format"":""PNG"",""parameter"":0.5,""stochastic"":false}",sid_set,unknown,unknown,unknown
sid_set_0c40296bfec51ee0a847__matched_clean__fixed_q96__benchmark__blur_sigma_1.0,sid_set_0c40296bfec51ee0a847,sid_set_0c40296bfec51ee0a847__matched_clean__fixed_q96,selection_val,ai_generated,5.049787998199463,0.9936301112174988,epoch_014,42,fixed_q96,blur,"{""cell_id"":""blur_sigma_1.0"",""name"":""blur"",""output_format"":""PNG"",""parameter"":1.0,""stochastic"":false}",sid_set,unknown,unknown,unknown
sid_set_0c40296bfec51ee0a847__matched_clean__fixed_q96__benchmark__blur_sigma_2.0,sid_set_0c40296bfec51ee0a847,sid_set_0c40296bfec51ee0a847__matched_clean__fixed_q96,selection_val,ai_generated,3.7796599864959717,0.9776791334152222,epoch_014,42,fixed_q96,blur,"{""cell_id"":""blur_sigma_2.0"",""name"":""blur"",""output_format"":""PNG"",""parameter"":2.0,""stochastic"":false}",sid_set,unknown,unknown,unknown
sid_set_0c40296bfec51ee0a847__matched_clean__fixed_q96__benchmark__resize_scale_0.5,sid_set_0c40296bfec51ee0a847,sid_set_0c40296bfec51ee0a847__matched_clean__fixed_q96,selection_val,ai_generated,4.858615875244141,0.9922985434532166,epoch_014,42,fixed_q96,resize,"{""cell_id"":""resize_scale_0.5"",""name"":""resize"",""output_format"":""PNG"",""parameter"":0.5,""stochastic"":false}",sid_set,unknown,unknown,unknown
sid_set_0c40296bfec51ee0a847__matched_clean__fixed_q96__benchmark__resize_scale_0.25,sid_set_0c40296bfec51ee0a847,sid_set_0c40296bfec51ee0a847__matched_clean__fixed_q96,selection_val,ai_generated,3.0014424324035645,0.9526392817497253,epoch_014,42,fixed_q96,resize,"{""cell_id"":""resize_scale_0.25"",""name"":""resize"",""output_format"":""PNG"",""parameter"":0.25,""stochastic"":false}",sid_set,unknown,unknown,unknown
sid_set_0c40296bfec51ee0a847__matched_clean__fixed_q96__benchmark__noise_sigma_0.02,sid_set_0c40296bfec51ee0a847,sid_set_0c40296bfec51ee0a847__matched_clean__fixed_q96,selection_val,ai_generated,4.991751194000244,0.9932520985603333,epoch_014,42,fixed_q96,noise,"{""cell_id"":""noise_sigma_0.02"",""name"":""noise"",""output_format"":""PNG"",""parameter"":0.02,""stochastic"":true}",sid_set,unknown,unknown,unknown
sid_set_0c40296bfec51ee0a847__matched_clean__fixed_q96__benchmark__noise_sigma_0.05,sid_set_0c40296bfec51ee0a847,sid_set_0c40296bfec51ee0a847__matched_clean__fixed_q96,selection_val,ai_generated,4.247899055480957,0.9859071969985962,epoch_014,42,fixed_q96,noise,"{""cell_id"":""noise_sigma_0.05"",""name"":""noise"",""output_format"":""PNG"",""parameter"":0.05,""stochastic"":true}",sid_set,unknown,unknown,unknown
sid_set_0c40296bfec51ee0a847__matched_clean__fixed_q96__benchmark__noise_sigma_0.1,sid_set_0c40296bfec51ee0a847,sid_set_0c40296bfec51ee0a847__matched_clean__fixed_q96,selection_val,ai_generated,2.6947712898254395,0.9367174506187439,epoch_014,42,fixed_q96,noise,"{""cell_id"":""noise_sigma_0.1"",""name"":""noise"",""output_format"":""PNG"",""parameter"":0.1,""stochastic"":true}",sid_set,unknown,unknown,unknown
sid_set_0c40296bfec51ee0a847__matched_clean__fixed_q96__benchmark__color_jitter_0.2,sid_set_0c40296bfec51ee0a847,sid_set_0c40296bfec51ee0a847__matched_clean__fixed_q96,selection_val,ai_generated,7.259887218475342,0.9992972612380981,epoch_014,42,fixed_q96,color_jitter,"{""cell_id"":""color_jitter_0.2"",""name"":""color_jitter"",""output_format"":""PNG"",""parameter"":0.2,""stochastic"":true}",sid_set,unknown,unknown,unknown
sid_set_0c40296bfec51ee0a847__matched_clean__fixed_q96__benchmark__center_crop_0.8,sid_set_0c40296bfec51ee0a847,sid_set_0c40296bfec51ee0a847__matched_clean__fixed_q96,selection_val,ai_generated,5.3525238037109375,0.9952861666679382,epoch_014,42,fixed_q96,center_crop,"{""cell_id"":""center_crop_0.8"",""name"":""center_crop"",""output_format"":""PNG"",""parameter"":0.8,""stochastic"":false}",sid_set,unknown,unknown,unknown
sid_set_0c9836ef568ac77c1b8d__matched_clean__fixed_q96__benchmark__jpeg_q90,sid_set_0c9836ef568ac77c1b8d,sid_set_0c9836ef568ac77c1b8d__matched_clean__fixed_q96,selection_val,ai_generated,6.971537113189697,0.999062716960907,epoch_014,42,fixed_q96,jpeg,"{""cell_id"":""jpeg_q90"",""name"":""jpeg"",""output_format"":""JPEG"",""parameter"":90,""stochastic"":false}",sid_set,unknown,unknown,unknown
sid_set_0c9836ef568ac77c1b8d__matched_clean__fixed_q96__benchmark__jpeg_q70,sid_set_0c9836ef568ac77c1b8d,sid_set_0c9836ef568ac77c1b8d__matched_clean__fixed_q96,selection_val,ai_generated,6.775082588195801,0.9988594055175781,epoch_014,42,fixed_q96,jpeg,"{""cell_id"":""jpeg_q70"",""name"":""jpeg"",""output_format"":""JPEG"",""parameter"":70,""stochastic"":false}",sid_set,unknown,unknown,unknown
sid_set_0c9836ef568ac77c1b8d__matched_clean__fixed_q96__benchmark__jpeg_q50,sid_set_0c9836ef568ac77c1b8d,sid_set_0c9836ef568ac77c1b8d__matched_clean__fixed_q96,selection_val,ai_generated,6.335900783538818,0.9982315897941589,epoch_014,42,fixed_q96,jpeg,"{""cell_id"":""jpeg_q50"",""name"":""jpeg"",""output_format"":""JPEG"",""parameter"":50,""stochastic"":false}",sid_set,unknown,unknown,unknown
sid_set_0c9836ef568ac77c1b8d__matched_clean__fixed_q96__benchmark__jpeg_q30,sid_set_0c9836ef568ac77c1b8d,sid_set_0c9836ef568ac77c1b8d__matched_clean__fixed_q96,selection_val,ai_generated,5.092501640319824,0.9938948750495911,epoch_014,42,fixed_q96,jpeg,"{""cell_id"":""jpeg_q30"",""name"":""jpeg"",""output_format"":""JPEG"",""parameter"":30,""stochastic"":false}",sid_set,unknown,unknown,unknown
sid_set_0c9836ef568ac77c1b8d__matched_clean__fixed_q96__benchmark__blur_sigma_0.5,sid_set_0c9836ef568ac77c1b8d,sid_set_0c9836ef568ac77c1b8d__matched_clean__fixed_q96,selection_val,ai_generated,5.847867012023926,0.9971222281455994,epoch_014,42,fixed_q96,blur,"{""cell_id"":""blur_sigma_0.5"",""name"":""blur"",""output_format"":""PNG"",""parameter"":0.5,""stochastic"":false}",sid_set,unknown,unknown,unknown
sid_set_0c9836ef568ac77c1b8d__matched_clean__fixed_q96__benchmark__blur_sigma_1.0,sid_set_0c9836ef568ac77c1b8d,sid_set_0c9836ef568ac77c1b8d__matched_clean__fixed_q96,selection_val,ai_generated,5.523777961730957,0.9960250854492188,epoch_014,42,fixed_q96,blur,"{""cell_id"":""blur_sigma_1.0"",""name"":""blur"",""output_format"":""PNG"",""parameter"":1.0,""stochastic"":false}",sid_set,unknown,unknown,unknown
sid_set_0c9836ef568ac77c1b8d__matched_clean__fixed_q96__benchmark__blur_sigma_2.0,sid_set_0c9836ef568ac77c1b8d,sid_set_0c9836ef568ac77c1b8d__matched_clean__fixed_q96,selection_val,ai_generated,4.549885272979736,0.9895421266555786,epoch_014,42,fixed_q96,blur,"{""cell_id"":""blur_sigma_2.0"",""name"":""blur"",""output_format"":""PNG"",""parameter"":2.0,""stochastic"":false}",sid_set,unknown,unknown,unknown
sid_set_0c9836ef568ac77c1b8d__matched_clean__fixed_q96__benchmark__resize_scale_0.5,sid_set_0c9836ef568ac77c1b8d,sid_set_0c9836ef568ac77c1b8d__matched_clean__fixed_q96,selection_val,ai_generated,4.963883876800537,0.9930626749992371,epoch_014,42,fixed_q96,resize,"{""cell_id"":""resize_scale_0.5"",""name"":""resize"",""output_format"":""PNG"",""parameter"":0.5,""stochastic"":false}",sid_set,unknown,unknown,unknown
sid_set_0c9836ef568ac77c1b8d__matched_clean__fixed_q96__benchmark__resize_scale_0.25,sid_set_0c9836ef568ac77c1b8d,sid_set_0c9836ef568ac77c1b8d__matched_clean__fixed_q96,selection_val,ai_generated,3.1993257999420166,0.9608088731765747,epoch_014,42,fixed_q96,resize,"{""cell_id"":""resize_scale_0.25"",""name"":""resize"",""output_format"":""PNG"",""parameter"":0.25,""stochastic"":false}",sid_set,unknown,unknown,unknown
sid_set_0c9836ef568ac77c1b8d__matched_clean__fixed_q96__benchmark__noise_sigma_0.02,sid_set_0c9836ef568ac77c1b8d,sid_set_0c9836ef568ac77c1b8d__matched_clean__fixed_q96,selection_val,ai_generated,5.749715328216553,0.9968264102935791,epoch_014,42,fixed_q96,noise,"{""cell_id"":""noise_sigma_0.02"",""name"":""noise"",""output_format"":""PNG"",""parameter"":0.02,""stochastic"":true}",sid_set,unknown,unknown,unknown
sid_set_0c9836ef568ac77c1b8d__matched_clean__fixed_q96__benchmark__noise_sigma_0.05,sid_set_0c9836ef568ac77c1b8d,sid_set_0c9836ef568ac77c1b8d__matched_clean__fixed_q96,selection_val,ai_generated,5.263563632965088,0.9948498606681824,epoch_014,42,fixed_q96,noise,"{""cell_id"":""noise_sigma_0.05"",""name"":""noise"",""output_format"":""PNG"",""parameter"":0.05,""stochastic"":true}",sid_set,unknown,unknown,unknown
sid_set_0c9836ef568ac77c1b8d__matched_clean__fixed_q96__benchmark__noise_sigma_0.1,sid_set_0c9836ef568ac77c1b8d,sid_set_0c9836ef568ac77c1b8d__matched_clean__fixed_q96,selection_val,ai_generated,4.349151611328125,0.9872469902038574,epoch_014,42,fixed_q96,noise,"{""cell_id"":""noise_sigma_0.1"",""name"":""noise"",""output_format"":""PNG"",""parameter"":0.1,""stochastic"":true}",sid_set,unknown,unknown,unknown
sid_set_0c9836ef568ac77c1b8d__matched_clean__fixed_q96__benchmark__color_jitter_0.2,sid_set_0c9836ef568ac77c1b8d,sid_set_0c9836ef568ac77c1b8d__matched_clean__fixed_q96,selection_val,ai_generated,6.839967727661133,0.9989309906959534,epoch_014,42,fixed_q96,color_jitter,"{""cell_id"":""color_jitter_0.2"",""name"":""color_jitter"",""output_format"":""PNG"",""parameter"":0.2,""stochastic"":true}",sid_set,unknown,unknown,unknown
sid_set_0c9836ef568ac77c1b8d__matched_clean__fixed_q96__benchmark__center_crop_0.8,sid_set_0c9836ef568ac77c1b8d,sid_set_0c9836ef568ac77c1b8d__matched_clean__fixed_q96,selection_val,ai_generated,7.130888938903809,0.9992006421089172,epoch_014,42,fixed_q96,center_crop,"{""cell_id"":""center_crop_0.8"",""name"":""center_crop"",""output_format"":""PNG"",""parameter"":0.8,""stochastic"":false}",sid_set,unknown,unknown,unknown
sid_set_0cee3db642f5f841b57a__matched_clean__fixed_q96__benchmark__jpeg_q90,sid_set_0cee3db642f5f841b57a,sid_set_0cee3db642f5f841b57a__matched_clean__fixed_q96,selection_val,ai_generated,5.510612964630127,0.9959726929664612,epoch_014,42,fixed_q96,jpeg,"{""cell_id"":""jpeg_q90"",""name"":""jpeg"",""output_format"":""JPEG"",""parameter"":90,""stochastic"":false}",sid_set,unknown,unknown,unknown
sid_set_0cee3db642f5f841b57a__matched_clean__fixed_q96__benchmark__jpeg_q70,sid_set_0cee3db642f5f841b57a,sid_set_0cee3db642f5f841b57a__matched_clean__fixed_q96,selection_val,ai_generated,5.015842914581299,0.9934116005897522,epoch_014,42,fixed_q96,jpeg,"{""cell_id"":""jpeg_q70"",""name"":""jpeg"",""output_format"":""JPEG"",""parameter"":70,""stochastic"":false}",sid_set,unknown,unknown,unknown
sid_set_0cee3db642f5f841b57a__matched_clean__fixed_q96__benchmark__jpeg_q50,sid_set_0cee3db642f5f841b57a,sid_set_0cee3db642f5f841b57a__matched_clean__fixed_q96,selection_val,ai_generated,5.310550689697266,0.9950850605964661,epoch_014,42,fixed_q96,jpeg,"{""cell_id"":""jpeg_q50"",""name"":""jpeg"",""output_format"":""JPEG"",""parameter"":50,""stochastic"":false}",sid_set,unknown,unknown,unknown
sid_set_0cee3db642f5f841b57a__matched_clean__fixed_q96__benchmark__jpeg_q30,sid_set_0cee3db642f5f841b57a,sid_set_0cee3db642f5f841b57a__matched_clean__fixed_q96,selection_val,ai_generated,4.509795188903809,0.9891189336776733,epoch_014,42,fixed_q96,jpeg,"{""cell_id"":""jpeg_q30"",""name"":""jpeg"",""output_format"":""JPEG"",""parameter"":30,""stochastic"":false}",sid_set,unknown,unknown,unknown
sid_set_0cee3db642f5f841b57a__matched_clean__fixed_q96__benchmark__blur_sigma_0.5,sid_set_0cee3db642f5f841b57a,sid_set_0cee3db642f5f841b57a__matched_clean__fixed_q96,selection_val,ai_generated,4.985797882080078,0.993212103843689,epoch_014,42,fixed_q96,blur,"{""cell_id"":""blur_sigma_0.5"",""name"":""blur"",""output_format"":""PNG"",""parameter"":0.5,""stochastic"":false}",sid_set,unknown,unknown,unknown
sid_set_0cee3db642f5f841b57a__matched_clean__fixed_q96__benchmark__blur_sigma_1.0,sid_set_0cee3db642f5f841b57a,sid_set_0cee3db642f5f841b57a__matched_clean__fixed_q96,selection_val,ai_generated,4.665302276611328,0.9906715154647827,epoch_014,42,fixed_q96,blur,"{""cell_id"":""blur_sigma_1.0"",""name"":""blur"",""output_format"":""PNG"",""parameter"":1.0,""stochastic"":false}",sid_set,unknown,unknown,unknown
sid_set_0cee3db642f5f841b57a__matched_clean__fixed_q96__benchmark__blur_sigma_2.0,sid_set_0cee3db642f5f841b57a,sid_set_0cee3db642f5f841b57a__matched_clean__fixed_q96,selection_val,ai_generated,4.121576309204102,0.9840399622917175,epoch_014,42,fixed_q96,blur,"{""cell_id"":""blur_sigma_2.0"",""name"":""blur"",""output_format"":""PNG"",""parameter"":2.0,""stochastic"":false}",sid_set,unknown,unknown,unknown
sid_set_0cee3db642f5f841b57a__matched_clean__fixed_q96__benchmark__resize_scale_0.5,sid_set_0cee3db642f5f841b57a,sid_set_0cee3db642f5f841b57a__matched_clean__fixed_q96,selection_val,ai_generated,4.598811149597168,0.9900364875793457,epoch_014,42,fixed_q96,resize,"{""cell_id"":""resize_scale_0.5"",""name"":""resize"",""output_format"":""PNG"",""parameter"":0.5,""stochastic"":false}",sid_set,unknown,unknown,unknown
sid_set_0cee3db642f5f841b57a__matched_clean__fixed_q96__benchmark__resize_scale_0.25,sid_set_0cee3db642f5f841b57a,sid_set_0cee3db642f5f841b57a__matched_clean__fixed_q96,selection_val,ai_generated,3.452066659927368,0.9692927002906799,epoch_014,42,fixed_q96,resize,"{""cell_id"":""resize_scale_0.25"",""name"":""resize"",""output_format"":""PNG"",""parameter"":0.25,""stochastic"":false}",sid_set,unknown,unknown,unknown
sid_set_0cee3db642f5f841b57a__matched_clean__fixed_q96__benchmark__noise_sigma_0.02,sid_set_0cee3db642f5f841b57a,sid_set_0cee3db642f5f841b57a__matched_clean__fixed_q96,selection_val,ai_generated,5.877320766448975,0.9972055554389954,epoch_014,42,fixed_q96,noise,"{""cell_id"":""noise_sigma_0.02"",""name"":""noise"",""output_format"":""PNG"",""parameter"":0.02,""stochastic"":true}",sid_set,unknown,unknown,unknown
sid_set_0cee3db642f5f841b57a__matched_clean__fixed_q96__benchmark__noise_sigma_0.05,sid_set_0cee3db642f5f841b57a,sid_set_0cee3db642f5f841b57a__matched_clean__fixed_q96,selection_val,ai_generated,5.654221057891846,0.9965094923973083,epoch_014,42,fixed_q96,noise,"{""cell_id"":""noise_sigma_0.05"",""name"":""noise"",""output_format"":""PNG"",""parameter"":0.05,""stochastic"":true}",sid_set,unknown,unknown,unknown
sid_set_0cee3db642f5f841b57a__matched_clean__fixed_q96__benchmark__noise_sigma_0.1,sid_set_0cee3db642f5f841b57a,sid_set_0cee3db642f5f841b57a__matched_clean__fixed_q96,selection_val,ai_generated,5.074157238006592,0.9937825798988342,epoch_014,42,fixed_q96,noise,"{""cell_id"":""noise_sigma_0.1"",""name"":""noise"",""output_format"":""PNG"",""parameter"":0.1,""stochastic"":true}",sid_set,unknown,unknown,unknown
sid_set_0cee3db642f5f841b57a__matched_clean__fixed_q96__benchmark__color_jitter_0.2,sid_set_0cee3db642f5f841b57a,sid_set_0cee3db642f5f841b57a__matched_clean__fixed_q96,selection_val,ai_generated,4.640931606292725,0.9904435276985168,epoch_014,42,fixed_q96,color_jitter,"{""cell_id"":""color_jitter_0.2"",""name"":""color_jitter"",""output_format"":""PNG"",""parameter"":0.2,""stochastic"":true}",sid_set,unknown,unknown,unknown
sid_set_0cee3db642f5f841b57a__matched_clean__fixed_q96__benchmark__center_crop_0.8,sid_set_0cee3db642f5f841b57a,sid_set_0cee3db642f5f841b57a__matched_clean__fixed_q96,selection_val,ai_generated,5.4410834312438965,0.9956839084625244,epoch_014,42,fixed_q96,center_crop,"{""cell_id"":""center_crop_0.8"",""name"":""center_crop"",""output_format"":""PNG"",""parameter"":0.8,""stochastic"":false}",sid_set,unknown,unknown,unknown
sid_set_0d87904af63b3add14f1__matched_clean__fixed_q96__benchmark__jpeg_q90,sid_set_0d87904af63b3add14f1,sid_set_0d87904af63b3add14f1__matched_clean__fixed_q96,selection_val,ai_generated,5.849878787994385,0.9971280694007874,epoch_014,42,fixed_q96,jpeg,"{""cell_id"":""jpeg_q90"",""name"":""jpeg"",""output_format"":""JPEG"",""parameter"":90,""stochastic"":false}",sid_set,unknown,unknown,unknown
sid_set_0d87904af63b3add14f1__matched_clean__fixed_q96__benchmark__jpeg_q70,sid_set_0d87904af63b3add14f1,sid_set_0d87904af63b3add14f1__matched_clean__fixed_q96,selection_val,ai_generated,5.30279541015625,0.9950469732284546,epoch_014,42,fixed_q96,jpeg,"{""cell_id"":""jpeg_q70"",""name"":""jpeg"",""output_format"":""JPEG"",""parameter"":70,""stochastic"":false}",sid_set,unknown,unknown,unknown
sid_set_0d87904af63b3add14f1__matched_clean__fixed_q96__benchmark__jpeg_q50,sid_set_0d87904af63b3add14f1,sid_set_0d87904af63b3add14f1__matched_clean__fixed_q96,selection_val,ai_generated,4.714667797088623,0.9911167621612549,epoch_014,42,fixed_q96,jpeg,"{""cell_id"":""jpeg_q50"",""name"":""jpeg"",""output_format"":""JPEG"",""parameter"":50,""stochastic"":false}",sid_set,unknown,unknown,unknown
sid_set_0d87904af63b3add14f1__matched_clean__fixed_q96__benchmark__jpeg_q30,sid_set_0d87904af63b3add14f1,sid_set_0d87904af63b3add14f1__matched_clean__fixed_q96,selection_val,ai_generated,3.9819746017456055,0.9816926717758179,epoch_014,42,fixed_q96,jpeg,"{""cell_id"":""jpeg_q30"",""name"":""jpeg"",""output_format"":""JPEG"",""parameter"":30,""stochastic"":false}",sid_set,unknown,unknown,unknown
sid_set_0d87904af63b3add14f1__matched_clean__fixed_q96__benchmark__blur_sigma_0.5,sid_set_0d87904af63b3add14f1,sid_set_0d87904af63b3add14f1__matched_clean__fixed_q96,selection_val,ai_generated,4.941013336181641,0.9929034113883972,epoch_014,42,fixed_q96,blur,"{""cell_id"":""blur_sigma_0.5"",""name"":""blur"",""output_format"":""PNG"",""parameter"":0.5,""stochastic"":false}",sid_set,unknown,unknown,unknown
sid_set_0d87904af63b3add14f1__matched_clean__fixed_q96__benchmark__blur_sigma_1.0,sid_set_0d87904af63b3add14f1,sid_set_0d87904af63b3add14f1__matched_clean__fixed_q96,selection_val,ai_generated,4.177242279052734,0.9848909974098206,epoch_014,42,fixed_q96,blur,"{""cell_id"":""blur_sigma_1.0"",""name"":""blur"",""output_format"":""PNG"",""parameter"":1.0,""stochastic"":false}",sid_set,unknown,unknown,unknown
sid_set_0d87904af63b3add14f1__matched_clean__fixed_q96__benchmark__blur_sigma_2.0,sid_set_0d87904af63b3add14f1,sid_set_0d87904af63b3add14f1__matched_clean__fixed_q96,selection_val,ai_generated,4.406102657318115,0.987944483757019,epoch_014,42,fixed_q96,blur,"{""cell_id"":""blur_sigma_2.0"",""name"":""blur"",""output_format"":""PNG"",""parameter"":2.0,""stochastic"":false}",sid_set,unknown,unknown,unknown
sid_set_0d87904af63b3add14f1__matched_clean__fixed_q96__benchmark__resize_scale_0.5,sid_set_0d87904af63b3add14f1,sid_set_0d87904af63b3add14f1__matched_clean__fixed_q96,selection_val,ai_generated,4.702755451202393,0.9910112619400024,epoch_014,42,fixed_q96,resize,"{""cell_id"":""resize_scale_0.5"",""name"":""resize"",""output_format"":""PNG"",""parameter"":0.5,""stochastic"":false}",sid_set,unknown,unknown,unknown
sid_set_0d87904af63b3add14f1__matched_clean__fixed_q96__benchmark__resize_scale_0.25,sid_set_0d87904af63b3add14f1,sid_set_0d87904af63b3add14f1__matched_clean__fixed_q96,selection_val,ai_generated,3.1535048484802246,0.9590466022491455,epoch_014,42,fixed_q96,resize,"{""cell_id"":""resize_scale_0.25"",""name"":""resize"",""output_format"":""PNG"",""parameter"":0.25,""stochastic"":false}",sid_set,unknown,unknown,unknown
sid_set_0d87904af63b3add14f1__matched_clean__fixed_q96__benchmark__noise_sigma_0.02,sid_set_0d87904af63b3add14f1,sid_set_0d87904af63b3add14f1__matched_clean__fixed_q96,selection_val,ai_generated,5.133602142333984,0.9941393136978149,epoch_014,42,fixed_q96,noise,"{""cell_id"":""noise_sigma_0.02"",""name"":""noise"",""output_format"":""PNG"",""parameter"":0.02,""stochastic"":true}",sid_set,unknown,unknown,unknown
sid_set_0d87904af63b3add14f1__matched_clean__fixed_q96__benchmark__noise_sigma_0.05,sid_set_0d87904af63b3add14f1,sid_set_0d87904af63b3add14f1__matched_clean__fixed_q96,selection_val,ai_generated,3.6691701412200928,0.9751362800598145,epoch_014,42,fixed_q96,noise,"{""cell_id"":""noise_sigma_0.05"",""name"":""noise"",""output_format"":""PNG"",""parameter"":0.05,""stochastic"":true}",sid_set,unknown,unknown,unknown
sid_set_0d87904af63b3add14f1__matched_clean__fixed_q96__benchmark__noise_sigma_0.1,sid_set_0d87904af63b3add14f1,sid_set_0d87904af63b3add14f1__matched_clean__fixed_q96,selection_val,ai_generated,2.755740165710449,0.9402367472648621,epoch_014,42,fixed_q96,noise,"{""cell_id"":""noise_sigma_0.1"",""name"":""noise"",""output_format"":""PNG"",""parameter"":0.1,""stochastic"":true}",sid_set,unknown,unknown,unknown
sid_set_0d87904af63b3add14f1__matched_clean__fixed_q96__benchmark__color_jitter_0.2,sid_set_0d87904af63b3add14f1,sid_set_0d87904af63b3add14f1__matched_clean__fixed_q96,selection_val,ai_generated,5.258097171783447,0.9948217868804932,epoch_014,42,fixed_q96,color_jitter,"{""cell_id"":""color_jitter_0.2"",""name"":""color_jitter"",""output_format"":""PNG"",""parameter"":0.2,""stochastic"":true}",sid_set,unknown,unknown,unknown
sid_set_0d87904af63b3add14f1__matched_clean__fixed_q96__benchmark__center_crop_0.8,sid_set_0d87904af63b3add14f1,sid_set_0d87904af63b3add14f1__matched_clean__fixed_q96,selection_val,ai_generated,6.459209442138672,0.9984363913536072,epoch_014,42,fixed_q96,center_crop,"{""cell_id"":""center_crop_0.8"",""name"":""center_crop"",""output_format"":""PNG"",""parameter"":0.8,""stochastic"":false}",sid_set,unknown,unknown,unknown
sid_set_0db5ee3626d965a1354e__matched_clean__fixed_q96__benchmark__jpeg_q90,sid_set_0db5ee3626d965a1354e,sid_set_0db5ee3626d965a1354e__matched_clean__fixed_q96,selection_val,authentic,-0.5403927564620972,0.3680962026119232,epoch_014,42,fixed_q96,jpeg,"{""cell_id"":""jpeg_q90"",""name"":""jpeg"",""output_format"":""JPEG"",""parameter"":90,""stochastic"":false}",sid_set,unknown,unknown,unknown
sid_set_0db5ee3626d965a1354e__matched_clean__fixed_q96__benchmark__jpeg_q70,sid_set_0db5ee3626d965a1354e,sid_set_0db5ee3626d965a1354e__matched_clean__fixed_q96,selection_val,authentic,-0.4377366900444031,0.3922803997993469,epoch_014,42,fixed_q96,jpeg,"{""cell_id"":""jpeg_q70"",""name"":""jpeg"",""output_format"":""JPEG"",""parameter"":70,""stochastic"":false}",sid_set,unknown,unknown,unknown
sid_set_0db5ee3626d965a1354e__matched_clean__fixed_q96__benchmark__jpeg_q50,sid_set_0db5ee3626d965a1354e,sid_set_0db5ee3626d965a1354e__matched_clean__fixed_q96,selection_val,authentic,-0.5856714248657227,0.3576286733150482,epoch_014,42,fixed_q96,jpeg,"{""cell_id"":""jpeg_q50"",""name"":""jpeg"",""output_format"":""JPEG"",""parameter"":50,""stochastic"":false}",sid_set,unknown,unknown,unknown
sid_set_0db5ee3626d965a1354e__matched_clean__fixed_q96__benchmark__jpeg_q30,sid_set_0db5ee3626d965a1354e,sid_set_0db5ee3626d965a1354e__matched_clean__fixed_q96,selection_val,authentic,-0.6611809134483337,0.340474396944046,epoch_014,42,fixed_q96,jpeg,"{""cell_id"":""jpeg_q30"",""name"":""jpeg"",""output_format"":""JPEG"",""parameter"":30,""stochastic"":false}",sid_set,unknown,unknown,unknown
sid_set_0db5ee3626d965a1354e__matched_clean__fixed_q96__benchmark__blur_sigma_0.5,sid_set_0db5ee3626d965a1354e,sid_set_0db5ee3626d965a1354e__matched_clean__fixed_q96,selection_val,authentic,-1.618969440460205,0.16534705460071564,epoch_014,42,fixed_q96,blur,"{""cell_id"":""blur_sigma_0.5"",""name"":""blur"",""output_format"":""PNG"",""parameter"":0.5,""stochastic"":false}",sid_set,unknown,unknown,unknown
sid_set_0db5ee3626d965a1354e__matched_clean__fixed_q96__benchmark__blur_sigma_1.0,sid_set_0db5ee3626d965a1354e,sid_set_0db5ee3626d965a1354e__matched_clean__fixed_q96,selection_val,authentic,-0.06667783856391907,0.4833366870880127,epoch_014,42,fixed_q96,blur,"{""cell_id"":""blur_sigma_1.0"",""name"":""blur"",""output_format"":""PNG"",""parameter"":1.0,""stochastic"":false}",sid_set,unknown,unknown,unknown
sid_set_0db5ee3626d965a1354e__matched_clean__fixed_q96__benchmark__blur_sigma_2.0,sid_set_0db5ee3626d965a1354e,sid_set_0db5ee3626d965a1354e__matched_clean__fixed_q96,selection_val,authentic,0.5257802605628967,0.628498375415802,epoch_014,42,fixed_q96,blur,"{""cell_id"":""blur_sigma_2.0"",""name"":""blur"",""output_format"":""PNG"",""parameter"":2.0,""stochastic"":false}",sid_set,unknown,unknown,unknown
sid_set_0db5ee3626d965a1354e__matched_clean__fixed_q96__benchmark__resize_scale_0.5,sid_set_0db5ee3626d965a1354e,sid_set_0db5ee3626d965a1354e__matched_clean__fixed_q96,selection_val,authentic,0.4382559657096863,0.6078433394432068,epoch_014,42,fixed_q96,resize,"{""cell_id"":""resize_scale_0.5"",""name"":""resize"",""output_format"":""PNG"",""parameter"":0.5,""stochastic"":false}",sid_set,unknown,unknown,unknown
sid_set_0db5ee3626d965a1354e__matched_clean__fixed_q96__benchmark__resize_scale_0.25,sid_set_0db5ee3626d965a1354e,sid_set_0db5ee3626d965a1354e__matched_clean__fixed_q96,selection_val,authentic,-0.09130419790744781,0.4771897792816162,epoch_014,42,fixed_q96,resize,"{""cell_id"":""resize_scale_0.25"",""name"":""resize"",""output_format"":""PNG"",""parameter"":0.25,""stochastic"":false}",sid_set,unknown,unknown,unknown
sid_set_0db5ee3626d965a1354e__matched_clean__fixed_q96__benchmark__noise_sigma_0.02,sid_set_0db5ee3626d965a1354e,sid_set_0db5ee3626d965a1354e__matched_clean__fixed_q96,selection_val,authentic,-2.2072737216949463,0.09909920394420624,epoch_014,42,fixed_q96,noise,"{""cell_id"":""noise_sigma_0.02"",""name"":""noise"",""output_format"":""PNG"",""parameter"":0.02,""stochastic"":true}",sid_set,unknown,unknown,unknown
sid_set_0db5ee3626d965a1354e__matched_clean__fixed_q96__benchmark__noise_sigma_0.05,sid_set_0db5ee3626d965a1354e,sid_set_0db5ee3626d965a1354e__matched_clean__fixed_q96,selection_val,authentic,-2.8545100688934326,0.054448653012514114,epoch_014,42,fixed_q96,noise,"{""cell_id"":""noise_sigma_0.05"",""name"":""noise"",""output_format"":""PNG"",""parameter"":0.05,""stochastic"":true}",sid_set,unknown,unknown,unknown
sid_set_0db5ee3626d965a1354e__matched_clean__fixed_q96__benchmark__noise_sigma_0.1,sid_set_0db5ee3626d965a1354e,sid_set_0db5ee3626d965a1354e__matched_clean__fixed_q96,selection_val,authentic,-2.1914448738098145,0.10052137821912766,epoch_014,42,fixed_q96,noise,"{""cell_id"":""noise_sigma_0.1"",""name"":""noise"",""output_format"":""PNG"",""parameter"":0.1,""stochastic"":true}",sid_set,unknown,unknown,unknown
sid_set_0db5ee3626d965a1354e__matched_clean__fixed_q96__benchmark__color_jitter_0.2,sid_set_0db5ee3626d965a1354e,sid_set_0db5ee3626d965a1354e__matched_clean__fixed_q96,selection_val,authentic,-0.42587292194366455,0.3951122760772705,epoch_014,42,fixed_q96,color_jitter,"{""cell_id"":""color_jitter_0.2"",""name"":""color_jitter"",""output_format"":""PNG"",""parameter"":0.2,""stochastic"":true}",sid_set,unknown,unknown,unknown
sid_set_0db5ee3626d965a1354e__matched_clean__fixed_q96__benchmark__center_crop_0.8,sid_set_0db5ee3626d965a1354e,sid_set_0db5ee3626d965a1354e__matched_clean__fixed_q96,selection_val,authentic,0.7002987861633301,0.668254017829895,epoch_014,42,fixed_q96,center_crop,"{""cell_id"":""center_crop_0.8"",""name"":""center_crop"",""output_format"":""PNG"",""parameter"":0.8,""stochastic"":false}",sid_set,unknown,unknown,unknown
sid_set_0dc2349adb37a683002c__matched_clean__fixed_q96__benchmark__jpeg_q90,sid_set_0dc2349adb37a683002c,sid_set_0dc2349adb37a683002c__matched_clean__fixed_q96,selection_val,ai_generated,6.184208869934082,0.9979425072669983,epoch_014,42,fixed_q96,jpeg,"{""cell_id"":""jpeg_q90"",""name"":""jpeg"",""output_format"":""JPEG"",""parameter"":90,""stochastic"":false}",sid_set,unknown,unknown,unknown
sid_set_0dc2349adb37a683002c__matched_clean__fixed_q96__benchmark__jpeg_q70,sid_set_0dc2349adb37a683002c,sid_set_0dc2349adb37a683002c__matched_clean__fixed_q96,selection_val,ai_generated,5.549521446228027,0.9961257576942444,epoch_014,42,fixed_q96,jpeg,"{""cell_id"":""jpeg_q70"",""name"":""jpeg"",""output_format"":""JPEG"",""parameter"":70,""stochastic"":false}",sid_set,unknown,unknown,unknown
sid_set_0dc2349adb37a683002c__matched_clean__fixed_q96__benchmark__jpeg_q50,sid_set_0dc2349adb37a683002c,sid_set_0dc2349adb37a683002c__matched_clean__fixed_q96,selection_val,ai_generated,4.2928853034973145,0.9865188002586365,epoch_014,42,fixed_q96,jpeg,"{""cell_id"":""jpeg_q50"",""name"":""jpeg"",""output_format"":""JPEG"",""parameter"":50,""stochastic"":false}",sid_set,unknown,unknown,unknown
sid_set_0dc2349adb37a683002c__matched_clean__fixed_q96__benchmark__jpeg_q30,sid_set_0dc2349adb37a683002c,sid_set_0dc2349adb37a683002c__matched_clean__fixed_q96,selection_val,ai_generated,3.037954807281494,0.9542596340179443,epoch_014,42,fixed_q96,jpeg,"{""cell_id"":""jpeg_q30"",""name"":""jpeg"",""output_format"":""JPEG"",""parameter"":30,""stochastic"":false}",sid_set,unknown,unknown,unknown
sid_set_0dc2349adb37a683002c__matched_clean__fixed_q96__benchmark__blur_sigma_0.5,sid_set_0dc2349adb37a683002c,sid_set_0dc2349adb37a683002c__matched_clean__fixed_q96,selection_val,ai_generated,4.746002197265625,0.9913884997367859,epoch_014,42,fixed_q96,blur,"{""cell_id"":""blur_sigma_0.5"",""name"":""blur"",""output_format"":""PNG"",""parameter"":0.5,""stochastic"":false}",sid_set,unknown,unknown,unknown
sid_set_0dc2349adb37a683002c__matched_clean__fixed_q96__benchmark__blur_sigma_1.0,sid_set_0dc2349adb37a683002c,sid_set_0dc2349adb37a683002c__matched_clean__fixed_q96,selection_val,ai_generated,3.0868940353393555,0.9563489556312561,epoch_014,42,fixed_q96,blur,"{""cell_id"":""blur_sigma_1.0"",""name"":""blur"",""output_format"":""PNG"",""parameter"":1.0,""stochastic"":false}",sid_set,unknown,unknown,unknown
sid_set_0dc2349adb37a683002c__matched_clean__fixed_q96__benchmark__blur_sigma_2.0,sid_set_0dc2349adb37a683002c,sid_set_0dc2349adb37a683002c__matched_clean__fixed_q96,selection_val,ai_generated,2.409095048904419,0.9175182580947876,epoch_014,42,fixed_q96,blur,"{""cell_id"":""blur_sigma_2.0"",""name"":""blur"",""output_format"":""PNG"",""parameter"":2.0,""stochastic"":false}",sid_set,unknown,unknown,unknown
sid_set_0dc2349adb37a683002c__matched_clean__fixed_q96__benchmark__resize_scale_0.5,sid_set_0dc2349adb37a683002c,sid_set_0dc2349adb37a683002c__matched_clean__fixed_q96,selection_val,ai_generated,3.168670415878296,0.9596381783485413,epoch_014,42,fixed_q96,resize,"{""cell_id"":""resize_scale_0.5"",""name"":""resize"",""output_format"":""PNG"",""parameter"":0.5,""stochastic"":false}",sid_set,unknown,unknown,unknown
sid_set_0dc2349adb37a683002c__matched_clean__fixed_q96__benchmark__resize_scale_0.25,sid_set_0dc2349adb37a683002c,sid_set_0dc2349adb37a683002c__matched_clean__fixed_q96,selection_val,ai_generated,1.2216036319732666,0.7723456025123596,epoch_014,42,fixed_q96,resize,"{""cell_id"":""resize_scale_0.25"",""name"":""resize"",""output_format"":""PNG"",""parameter"":0.25,""stochastic"":false}",sid_set,unknown,unknown,unknown
sid_set_0dc2349adb37a683002c__matched_clean__fixed_q96__benchmark__noise_sigma_0.02,sid_set_0dc2349adb37a683002c,sid_set_0dc2349adb37a683002c__matched_clean__fixed_q96,selection_val,ai_generated,4.082424640655518,0.9834132194519043,epoch_014,42,fixed_q96,noise,"{""cell_id"":""noise_sigma_0.02"",""name"":""noise"",""output_format"":""PNG"",""parameter"":0.02,""stochastic"":true}",sid_set,unknown,unknown,unknown
sid_set_0dc2349adb37a683002c__matched_clean__fixed_q96__benchmark__noise_sigma_0.05,sid_set_0dc2349adb37a683002c,sid_set_0dc2349adb37a683002c__matched_clean__fixed_q96,selection_val,ai_generated,3.8300209045410156,0.978752076625824,epoch_014,42,fixed_q96,noise,"{""cell_id"":""noise_sigma_0.05"",""name"":""noise"",""output_format"":""PNG"",""parameter"":0.05,""stochastic"":true}",sid_set,unknown,unknown,unknown
sid_set_0dc2349adb37a683002c__matched_clean__fixed_q96__benchmark__noise_sigma_0.1,sid_set_0dc2349adb37a683002c,sid_set_0dc2349adb37a683002c__matched_clean__fixed_q96,selection_val,ai_generated,2.9824910163879395,0.9517768621444702,epoch_014,42,fixed_q96,noise,"{""cell_id"":""noise_sigma_0.1"",""name"":""noise"",""output_format"":""PNG"",""parameter"":0.1,""stochastic"":true}",sid_set,unknown,unknown,unknown
sid_set_0dc2349adb37a683002c__matched_clean__fixed_q96__benchmark__color_jitter_0.2,sid_set_0dc2349adb37a683002c,sid_set_0dc2349adb37a683002c__matched_clean__fixed_q96,selection_val,ai_generated,5.20531702041626,0.9945425987243652,epoch_014,42,fixed_q96,color_jitter,"{""cell_id"":""color_jitter_0.2"",""name"":""color_jitter"",""output_format"":""PNG"",""parameter"":0.2,""stochastic"":true}",sid_set,unknown,unknown,unknown
sid_set_0dc2349adb37a683002c__matched_clean__fixed_q96__benchmark__center_crop_0.8,sid_set_0dc2349adb37a683002c,sid_set_0dc2349adb37a683002c__matched_clean__fixed_q96,selection_val,ai_generated,5.208749294281006,0.9945612549781799,epoch_014,42,fixed_q96,center_crop,"{""cell_id"":""center_crop_0.8"",""name"":""center_crop"",""output_format"":""PNG"",""parameter"":0.8,""stochastic"":false}",sid_set,unknown,unknown,unknown
sid_set_0dd3906806fe6b47ab5e__matched_clean__fixed_q96__benchmark__jpeg_q90,sid_set_0dd3906806fe6b47ab5e,sid_set_0dd3906806fe6b47ab5e__matched_clean__fixed_q96,selection_val,ai_generated,7.895371913909912,0.9996277093887329,epoch_014,42,fixed_q96,jpeg,"{""cell_id"":""jpeg_q90"",""name"":""jpeg"",""output_format"":""JPEG"",""parameter"":90,""stochastic"":false}",sid_set,unknown,unknown,unknown
sid_set_0dd3906806fe6b47ab5e__matched_clean__fixed_q96__benchmark__jpeg_q70,sid_set_0dd3906806fe6b47ab5e,sid_set_0dd3906806fe6b47ab5e__matched_clean__fixed_q96,selection_val,ai_generated,7.606039524078369,0.9995027780532837,epoch_014,42,fixed_q96,jpeg,"{""cell_id"":""jpeg_q70"",""name"":""jpeg"",""output_format"":""JPEG"",""parameter"":70,""stochastic"":false}",sid_set,unknown,unknown,unknown
sid_set_0dd3906806fe6b47ab5e__matched_clean__fixed_q96__benchmark__jpeg_q50,sid_set_0dd3906806fe6b47ab5e,sid_set_0dd3906806fe6b47ab5e__matched_clean__fixed_q96,selection_val,ai_generated,8.178709983825684,0.9997194409370422,epoch_014,42,fixed_q96,jpeg,"{""cell_id"":""jpeg_q50"",""name"":""jpeg"",""output_format"":""JPEG"",""parameter"":50,""stochastic"":false}",sid_set,unknown,unknown,unknown
sid_set_0dd3906806fe6b47ab5e__matched_clean__fixed_q96__benchmark__jpeg_q30,sid_set_0dd3906806fe6b47ab5e,sid_set_0dd3906806fe6b47ab5e__matched_clean__fixed_q96,selection_val,ai_generated,7.725727081298828,0.9995588660240173,epoch_014,42,fixed_q96,jpeg,"{""cell_id"":""jpeg_q30"",""name"":""jpeg"",""output_format"":""JPEG"",""parameter"":30,""stochastic"":false}",sid_set,unknown,unknown,unknown
sid_set_0dd3906806fe6b47ab5e__matched_clean__fixed_q96__benchmark__blur_sigma_0.5,sid_set_0dd3906806fe6b47ab5e,sid_set_0dd3906806fe6b47ab5e__matched_clean__fixed_q96,selection_val,ai_generated,6.753885746002197,0.998835027217865,epoch_014,42,fixed_q96,blur,"{""cell_id"":""blur_sigma_0.5"",""name"":""blur"",""output_format"":""PNG"",""parameter"":0.5,""stochastic"":false}",sid_set,unknown,unknown,unknown
sid_set_0dd3906806fe6b47ab5e__matched_clean__fixed_q96__benchmark__blur_sigma_1.0,sid_set_0dd3906806fe6b47ab5e,sid_set_0dd3906806fe6b47ab5e__matched_clean__fixed_q96,selection_val,ai_generated,6.914926528930664,0.9990081191062927,epoch_014,42,fixed_q96,blur,"{""cell_id"":""blur_sigma_1.0"",""name"":""blur"",""output_format"":""PNG"",""parameter"":1.0,""stochastic"":false}",sid_set,unknown,unknown,unknown
sid_set_0dd3906806fe6b47ab5e__matched_clean__fixed_q96__benchmark__blur_sigma_2.0,sid_set_0dd3906806fe6b47ab5e,sid_set_0dd3906806fe6b47ab5e__matched_clean__fixed_q96,selection_val,ai_generated,7.581629276275635,0.99949049949646,epoch_014,42,fixed_q96,blur,"{""cell_id"":""blur_sigma_2.0"",""name"":""blur"",""output_format"":""PNG"",""parameter"":2.0,""stochastic"":false}",sid_set,unknown,unknown,unknown
sid_set_0dd3906806fe6b47ab5e__matched_clean__fixed_q96__benchmark__resize_scale_0.5,sid_set_0dd3906806fe6b47ab5e,sid_set_0dd3906806fe6b47ab5e__matched_clean__fixed_q96,selection_val,ai_generated,7.735914707183838,0.9995632767677307,epoch_014,42,fixed_q96,resize,"{""cell_id"":""resize_scale_0.5"",""name"":""resize"",""output_format"":""PNG"",""parameter"":0.5,""stochastic"":false}",sid_set,unknown,unknown,unknown
sid_set_0dd3906806fe6b47ab5e__matched_clean__fixed_q96__benchmark__resize_scale_0.25,sid_set_0dd3906806fe6b47ab5e,sid_set_0dd3906806fe6b47ab5e__matched_clean__fixed_q96,selection_val,ai_generated,6.597203731536865,0.9986376166343689,epoch_014,42,fixed_q96,resize,"{""cell_id"":""resize_scale_0.25"",""name"":""resize"",""output_format"":""PNG"",""parameter"":0.25,""stochastic"":false}",sid_set,unknown,unknown,unknown
sid_set_0dd3906806fe6b47ab5e__matched_clean__fixed_q96__benchmark__noise_sigma_0.02,sid_set_0dd3906806fe6b47ab5e,sid_set_0dd3906806fe6b47ab5e__matched_clean__fixed_q96,selection_val,ai_generated,7.500674724578857,0.9994476437568665,epoch_014,42,fixed_q96,noise,"{""cell_id"":""noise_sigma_0.02"",""name"":""noise"",""output_format"":""PNG"",""parameter"":0.02,""stochastic"":true}",sid_set,unknown,unknown,unknown
sid_set_0dd3906806fe6b47ab5e__matched_clean__fixed_q96__benchmark__noise_sigma_0.05,sid_set_0dd3906806fe6b47ab5e,sid_set_0dd3906806fe6b47ab5e__matched_clean__fixed_q96,selection_val,ai_generated,6.766905307769775,0.9988501071929932,epoch_014,42,fixed_q96,noise,"{""cell_id"":""noise_sigma_0.05"",""name"":""noise"",""output_format"":""PNG"",""parameter"":0.05,""stochastic"":true}",sid_set,unknown,unknown,unknown
sid_set_0dd3906806fe6b47ab5e__matched_clean__fixed_q96__benchmark__noise_sigma_0.1,sid_set_0dd3906806fe6b47ab5e,sid_set_0dd3906806fe6b47ab5e__matched_clean__fixed_q96,selection_val,ai_generated,5.44422721862793,0.9956973791122437,epoch_014,42,fixed_q96,noise,"{""cell_id"":""noise_sigma_0.1"",""name"":""noise"",""output_format"":""PNG"",""parameter"":0.1,""stochastic"":true}",sid_set,unknown,unknown,unknown
sid_set_0dd3906806fe6b47ab5e__matched_clean__fixed_q96__benchmark__color_jitter_0.2,sid_set_0dd3906806fe6b47ab5e,sid_set_0dd3906806fe6b47ab5e__matched_clean__fixed_q96,selection_val,ai_generated,7.920079708099365,0.9996367692947388,epoch_014,42,fixed_q96,color_jitter,"{""cell_id"":""color_jitter_0.2"",""name"":""color_jitter"",""output_format"":""PNG"",""parameter"":0.2,""stochastic"":true}",sid_set,unknown,unknown,unknown
sid_set_0dd3906806fe6b47ab5e__matched_clean__fixed_q96__benchmark__center_crop_0.8,sid_set_0dd3906806fe6b47ab5e,sid_set_0dd3906806fe6b47ab5e__matched_clean__fixed_q96,selection_val,ai_generated,7.886238098144531,0.9996242523193359,epoch_014,42,fixed_q96,center_crop,"{""cell_id"":""center_crop_0.8"",""name"":""center_crop"",""output_format"":""PNG"",""parameter"":0.8,""stochastic"":false}",sid_set,unknown,unknown,unknown
sid_set_0ded9bc45d16fb5b4043__matched_clean__fixed_q96__benchmark__jpeg_q90,sid_set_0ded9bc45d16fb5b4043,sid_set_0ded9bc45d16fb5b4043__matched_clean__fixed_q96,selection_val,authentic,-8.950165748596191,0.0001296988339163363,epoch_014,42,fixed_q96,jpeg,"{""cell_id"":""jpeg_q90"",""name"":""jpeg"",""output_format"":""JPEG"",""parameter"":90,""stochastic"":false}",sid_set,unknown,unknown,unknown
sid_set_0ded9bc45d16fb5b4043__matched_clean__fixed_q96__benchmark__jpeg_q70,sid_set_0ded9bc45d16fb5b4043,sid_set_0ded9bc45d16fb5b4043__matched_clean__fixed_q96,selection_val,authentic,-7.988755226135254,0.0003391410573385656,epoch_014,42,fixed_q96,jpeg,"{""cell_id"":""jpeg_q70"",""name"":""jpeg"",""output_format"":""JPEG"",""parameter"":70,""stochastic"":false}",sid_set,unknown,unknown,unknown
sid_set_0ded9bc45d16fb5b4043__matched_clean__fixed_q96__benchmark__jpeg_q50,sid_set_0ded9bc45d16fb5b4043,sid_set_0ded9bc45d16fb5b4043__matched_clean__fixed_q96,selection_val,authentic,-7.023058891296387,0.0008903021807782352,epoch_014,42,fixed_q96,jpeg,"{""cell_id"":""jpeg_q50"",""name"":""jpeg"",""output_format"":""JPEG"",""parameter"":50,""stochastic"":false}",sid_set,unknown,unknown,unknown
sid_set_0ded9bc45d16fb5b4043__matched_clean__fixed_q96__benchmark__jpeg_q30,sid_set_0ded9bc45d16fb5b4043,sid_set_0ded9bc45d16fb5b4043__matched_clean__fixed_q96,selection_val,authentic,-7.2521233558654785,0.0007081662188284099,epoch_014,42,fixed_q96,jpeg,"{""cell_id"":""jpeg_q30"",""name"":""jpeg"",""output_format"":""JPEG"",""parameter"":30,""stochastic"":false}",sid_set,unknown,unknown,unknown
sid_set_0ded9bc45d16fb5b4043__matched_clean__fixed_q96__benchmark__blur_sigma_0.5,sid_set_0ded9bc45d16fb5b4043,sid_set_0ded9bc45d16fb5b4043__matched_clean__fixed_q96,selection_val,authentic,-9.488725662231445,7.569477747892961e-05,epoch_014,42,fixed_q96,blur,"{""cell_id"":""blur_sigma_0.5"",""name"":""blur"",""output_format"":""PNG"",""parameter"":0.5,""stochastic"":false}",sid_set,unknown,unknown,unknown
sid_set_0ded9bc45d16fb5b4043__matched_clean__fixed_q96__benchmark__blur_sigma_1.0,sid_set_0ded9bc45d16fb5b4043,sid_set_0ded9bc45d16fb5b4043__matched_clean__fixed_q96,selection_val,authentic,-8.564074516296387,0.0001908037083921954,epoch_014,42,fixed_q96,blur,"{""cell_id"":""blur_sigma_1.0"",""name"":""blur"",""output_format"":""PNG"",""parameter"":1.0,""stochastic"":false}",sid_set,unknown,unknown,unknown
sid_set_0ded9bc45d16fb5b4043__matched_clean__fixed_q96__benchmark__blur_sigma_2.0,sid_set_0ded9bc45d16fb5b4043,sid_set_0ded9bc45d16fb5b4043__matched_clean__fixed_q96,selection_val,authentic,-7.0657854080200195,0.000853095727507025,epoch_014,42,fixed_q96,blur,"{""cell_id"":""blur_sigma_2.0"",""name"":""blur"",""output_format"":""PNG"",""parameter"":2.0,""stochastic"":false}",sid_set,unknown,unknown,unknown
sid_set_0ded9bc45d16fb5b4043__matched_clean__fixed_q96__benchmark__resize_scale_0.5,sid_set_0ded9bc45d16fb5b4043,sid_set_0ded9bc45d16fb5b4043__matched_clean__fixed_q96,selection_val,authentic,-7.4881110191345215,0.0005593861569650471,epoch_014,42,fixed_q96,resize,"{""cell_id"":""resize_scale_0.5"",""name"":""resize"",""output_format"":""PNG"",""parameter"":0.5,""stochastic"":false}",sid_set,unknown,unknown,unknown
sid_set_0ded9bc45d16fb5b4043__matched_clean__fixed_q96__benchmark__resize_scale_0.25,sid_set_0ded9bc45d16fb5b4043,sid_set_0ded9bc45d16fb5b4043__matched_clean__fixed_q96,selection_val,authentic,-7.103616714477539,0.000821450783405453,epoch_014,42,fixed_q96,resize,"{""cell_id"":""resize_scale_0.25"",""name"":""resize"",""output_format"":""PNG"",""parameter"":0.25,""stochastic"":false}",sid_set,unknown,unknown,unknown
sid_set_0ded9bc45d16fb5b4043__matched_clean__fixed_q96__benchmark__noise_sigma_0.02,sid_set_0ded9bc45d16fb5b4043,sid_set_0ded9bc45d16fb5b4043__matched_clean__fixed_q96,selection_val,authentic,-7.677101135253906,0.00046310145989991724,epoch_014,42,fixed_q96,noise,"{""cell_id"":""noise_sigma_0.02"",""name"":""noise"",""output_format"":""PNG"",""parameter"":0.02,""stochastic"":true}",sid_set,unknown,unknown,unknown
sid_set_0ded9bc45d16fb5b4043__matched_clean__fixed_q96__benchmark__noise_sigma_0.05,sid_set_0ded9bc45d16fb5b4043,sid_set_0ded9bc45d16fb5b4043__matched_clean__fixed_q96,selection_val,authentic,-6.866130828857422,0.00104141712654382,epoch_014,42,fixed_q96,noise,"{""cell_id"":""noise_sigma_0.05"",""name"":""noise"",""output_format"":""PNG"",""parameter"":0.05,""stochastic"":true}",sid_set,unknown,unknown,unknown
sid_set_0ded9bc45d16fb5b4043__matched_clean__fixed_q96__benchmark__noise_sigma_0.1,sid_set_0ded9bc45d16fb5b4043,sid_set_0ded9bc45d16fb5b4043__matched_clean__fixed_q96,selection_val,authentic,-4.958024501800537,0.0069777644239366055,epoch_014,42,fixed_q96,noise,"{""cell_id"":""noise_sigma_0.1"",""name"":""noise"",""output_format"":""PNG"",""parameter"":0.1,""stochastic"":true}",sid_set,unknown,unknown,unknown
sid_set_0ded9bc45d16fb5b4043__matched_clean__fixed_q96__benchmark__color_jitter_0.2,sid_set_0ded9bc45d16fb5b4043,sid_set_0ded9bc45d16fb5b4043__matched_clean__fixed_q96,selection_val,authentic,-8.529683113098145,0.00019747854094021022,epoch_014,42,fixed_q96,color_jitter,"{""cell_id"":""color_jitter_0.2"",""name"":""color_jitter"",""output_format"":""PNG"",""parameter"":0.2,""stochastic"":true}",sid_set,unknown,unknown,unknown
sid_set_0ded9bc45d16fb5b4043__matched_clean__fixed_q96__benchmark__center_crop_0.8,sid_set_0ded9bc45d16fb5b4043,sid_set_0ded9bc45d16fb5b4043__matched_clean__fixed_q96,selection_val,authentic,-8.554235458374023,0.00019268994219601154,epoch_014,42,fixed_q96,center_crop,"{""cell_id"":""center_crop_0.8"",""name"":""center_crop"",""output_format"":""PNG"",""parameter"":0.8,""stochastic"":false}",sid_set,unknown,unknown,unknown
sid_set_0df2de209ccf173ad95d__matched_clean__fixed_q96__benchmark__jpeg_q90,sid_set_0df2de209ccf173ad95d,sid_set_0df2de209ccf173ad95d__matched_clean__fixed_q96,selection_val,ai_generated,6.359090328216553,0.9982720613479614,epoch_014,42,fixed_q96,jpeg,"{""cell_id"":""jpeg_q90"",""name"":""jpeg"",""output_format"":""JPEG"",""parameter"":90,""stochastic"":false}",sid_set,unknown,unknown,unknown
sid_set_0df2de209ccf173ad95d__matched_clean__fixed_q96__benchmark__jpeg_q70,sid_set_0df2de209ccf173ad95d,sid_set_0df2de209ccf173ad95d__matched_clean__fixed_q96,selection_val,ai_generated,5.526946067810059,0.9960376024246216,epoch_014,42,fixed_q96,jpeg,"{""cell_id"":""jpeg_q70"",""name"":""jpeg"",""output_format"":""JPEG"",""parameter"":70,""stochastic"":false}",sid_set,unknown,unknown,unknown
sid_set_0df2de209ccf173ad95d__matched_clean__fixed_q96__benchmark__jpeg_q50,sid_set_0df2de209ccf173ad95d,sid_set_0df2de209ccf173ad95d__matched_clean__fixed_q96,selection_val,ai_generated,4.476585388183594,0.9887556433677673,epoch_014,42,fixed_q96,jpeg,"{""cell_id"":""jpeg_q50"",""name"":""jpeg"",""output_format"":""JPEG"",""parameter"":50,""stochastic"":false}",sid_set,unknown,unknown,unknown
sid_set_0df2de209ccf173ad95d__matched_clean__fixed_q96__benchmark__jpeg_q30,sid_set_0df2de209ccf173ad95d,sid_set_0df2de209ccf173ad95d__matched_clean__fixed_q96,selection_val,ai_generated,4.4193596839904785,0.9881013631820679,epoch_014,42,fixed_q96,jpeg,"{""cell_id"":""jpeg_q30"",""name"":""jpeg"",""output_format"":""JPEG"",""parameter"":30,""stochastic"":false}",sid_set,unknown,unknown,unknown
sid_set_0df2de209ccf173ad95d__matched_clean__fixed_q96__benchmark__blur_sigma_0.5,sid_set_0df2de209ccf173ad95d,sid_set_0df2de209ccf173ad95d__matched_clean__fixed_q96,selection_val,ai_generated,5.625221252441406,0.9964072108268738,epoch_014,42,fixed_q96,blur,"{""cell_id"":""blur_sigma_0.5"",""name"":""blur"",""output_format"":""PNG"",""parameter"":0.5,""stochastic"":false}",sid_set,unknown,unknown,unknown
sid_set_0df2de209ccf173ad95d__matched_clean__fixed_q96__benchmark__blur_sigma_1.0,sid_set_0df2de209ccf173ad95d,sid_set_0df2de209ccf173ad95d__matched_clean__fixed_q96,selection_val,ai_generated,5.229216575622559,0.9946708083152771,epoch_014,42,fixed_q96,blur,"{""cell_id"":""blur_sigma_1.0"",""name"":""blur"",""output_format"":""PNG"",""parameter"":1.0,""stochastic"":false}",sid_set,unknown,unknown,unknown
sid_set_0df2de209ccf173ad95d__matched_clean__fixed_q96__benchmark__blur_sigma_2.0,sid_set_0df2de209ccf173ad95d,sid_set_0df2de209ccf173ad95d__matched_clean__fixed_q96,selection_val,ai_generated,6.930954933166504,0.9990239143371582,epoch_014,42,fixed_q96,blur,"{""cell_id"":""blur_sigma_2.0"",""name"":""blur"",""output_format"":""PNG"",""parameter"":2.0,""stochastic"":false}",sid_set,unknown,unknown,unknown
sid_set_0df2de209ccf173ad95d__matched_clean__fixed_q96__benchmark__resize_scale_0.5,sid_set_0df2de209ccf173ad95d,sid_set_0df2de209ccf173ad95d__matched_clean__fixed_q96,selection_val,ai_generated,5.86094856262207,0.9971596002578735,epoch_014,42,fixed_q96,resize,"{""cell_id"":""resize_scale_0.5"",""name"":""resize"",""output_format"":""PNG"",""parameter"":0.5,""stochastic"":false}",sid_set,unknown,unknown,unknown
sid_set_0df2de209ccf173ad95d__matched_clean__fixed_q96__benchmark__resize_scale_0.25,sid_set_0df2de209ccf173ad95d,sid_set_0df2de209ccf173ad95d__matched_clean__fixed_q96,selection_val,ai_generated,4.875380039215088,0.9924256801605225,epoch_014,42,fixed_q96,resize,"{""cell_id"":""resize_scale_0.25"",""name"":""resize"",""output_format"":""PNG"",""parameter"":0.25,""stochastic"":false}",sid_set,unknown,unknown,unknown
sid_set_0df2de209ccf173ad95d__matched_clean__fixed_q96__benchmark__noise_sigma_0.02,sid_set_0df2de209ccf173ad95d,sid_set_0df2de209ccf173ad95d__matched_clean__fixed_q96,selection_val,ai_generated,4.800189971923828,0.9918389916419983,epoch_014,42,fixed_q96,noise,"{""cell_id"":""noise_sigma_0.02"",""name"":""noise"",""output_format"":""PNG"",""parameter"":0.02,""stochastic"":true}",sid_set,unknown,unknown,unknown
sid_set_0df2de209ccf173ad95d__matched_clean__fixed_q96__benchmark__noise_sigma_0.05,sid_set_0df2de209ccf173ad95d,sid_set_0df2de209ccf173ad95d__matched_clean__fixed_q96,selection_val,ai_generated,3.0519556999206543,0.954866886138916,epoch_014,42,fixed_q96,noise,"{""cell_id"":""noise_sigma_0.05"",""name"":""noise"",""output_format"":""PNG"",""parameter"":0.05,""stochastic"":true}",sid_set,unknown,unknown,unknown
sid_set_0df2de209ccf173ad95d__matched_clean__fixed_q96__benchmark__noise_sigma_0.1,sid_set_0df2de209ccf173ad95d,sid_set_0df2de209ccf173ad95d__matched_clean__fixed_q96,selection_val,ai_generated,2.8738508224487305,0.9465385675430298,epoch_014,42,fixed_q96,noise,"{""cell_id"":""noise_sigma_0.1"",""name"":""noise"",""output_format"":""PNG"",""parameter"":0.1,""stochastic"":true}",sid_set,unknown,unknown,unknown
sid_set_0df2de209ccf173ad95d__matched_clean__fixed_q96__benchmark__color_jitter_0.2,sid_set_0df2de209ccf173ad95d,sid_set_0df2de209ccf173ad95d__matched_clean__fixed_q96,selection_val,ai_generated,6.170695781707764,0.9979146122932434,epoch_014,42,fixed_q96,color_jitter,"{""cell_id"":""color_jitter_0.2"",""name"":""color_jitter"",""output_format"":""PNG"",""parameter"":0.2,""stochastic"":true}",sid_set,unknown,unknown,unknown
sid_set_0df2de209ccf173ad95d__matched_clean__fixed_q96__benchmark__center_crop_0.8,sid_set_0df2de209ccf173ad95d,sid_set_0df2de209ccf173ad95d__matched_clean__fixed_q96,selection_val,ai_generated,6.15313720703125,0.9978777170181274,epoch_014,42,fixed_q96,center_crop,"{""cell_id"":""center_crop_0.8"",""name"":""center_crop"",""output_format"":""PNG"",""parameter"":0.8,""stochastic"":false}",sid_set,unknown,unknown,unknown
sid_set_0df474dc8e44f82b1479__matched_clean__fixed_q96__benchmark__jpeg_q90,sid_set_0df474dc8e44f82b1479,sid_set_0df474dc8e44f82b1479__matched_clean__fixed_q96,selection_val,authentic,-4.183867454528809,0.015010700561106205,epoch_014,42,fixed_q96,jpeg,"{""cell_id"":""jpeg_q90"",""name"":""jpeg"",""output_format"":""JPEG"",""parameter"":90,""stochastic"":false}",sid_set,unknown,unknown,unknown
sid_set_0df474dc8e44f82b1479__matched_clean__fixed_q96__benchmark__jpeg_q70,sid_set_0df474dc8e44f82b1479,sid_set_0df474dc8e44f82b1479__matched_clean__fixed_q96,selection_val,authentic,-3.325216770172119,0.0347161665558815,epoch_014,42,fixed_q96,jpeg,"{""cell_id"":""jpeg_q70"",""name"":""jpeg"",""output_format"":""JPEG"",""parameter"":70,""stochastic"":false}",sid_set,unknown,unknown,unknown
sid_set_0df474dc8e44f82b1479__matched_clean__fixed_q96__benchmark__jpeg_q50,sid_set_0df474dc8e44f82b1479,sid_set_0df474dc8e44f82b1479__matched_clean__fixed_q96,selection_val,authentic,-3.642563819885254,0.02551696076989174,epoch_014,42,fixed_q96,jpeg,"{""cell_id"":""jpeg_q50"",""name"":""jpeg"",""output_format"":""JPEG"",""parameter"":50,""stochastic"":false}",sid_set,unknown,unknown,unknown
sid_set_0df474dc8e44f82b1479__matched_clean__fixed_q96__benchmark__jpeg_q30,sid_set_0df474dc8e44f82b1479,sid_set_0df474dc8e44f82b1479__matched_clean__fixed_q96,selection_val,authentic,-3.827503204345703,0.021300312131643295,epoch_014,42,fixed_q96,jpeg,"{""cell_id"":""jpeg_q30"",""name"":""jpeg"",""output_format"":""JPEG"",""parameter"":30,""stochastic"":false}",sid_set,unknown,unknown,unknown
sid_set_0df474dc8e44f82b1479__matched_clean__fixed_q96__benchmark__blur_sigma_0.5,sid_set_0df474dc8e44f82b1479,sid_set_0df474dc8e44f82b1479__matched_clean__fixed_q96,selection_val,authentic,-5.671663761138916,0.0034303260035812855,epoch_014,42,fixed_q96,blur,"{""cell_id"":""blur_sigma_0.5"",""name"":""blur"",""output_format"":""PNG"",""parameter"":0.5,""stochastic"":false}",sid_set,unknown,unknown,unknown
sid_set_0df474dc8e44f82b1479__matched_clean__fixed_q96__benchmark__blur_sigma_1.0,sid_set_0df474dc8e44f82b1479,sid_set_0df474dc8e44f82b1479__matched_clean__fixed_q96,selection_val,authentic,-5.164371013641357,0.0056841629557311535,epoch_014,42,fixed_q96,blur,"{""cell_id"":""blur_sigma_1.0"",""name"":""blur"",""output_format"":""PNG"",""parameter"":1.0,""stochastic"":false}",sid_set,unknown,unknown,unknown
sid_set_0df474dc8e44f82b1479__matched_clean__fixed_q96__benchmark__blur_sigma_2.0,sid_set_0df474dc8e44f82b1479,sid_set_0df474dc8e44f82b1479__matched_clean__fixed_q96,selection_val,authentic,-3.5258021354675293,0.02858692966401577,epoch_014,42,fixed_q96,blur,"{""cell_id"":""blur_sigma_2.0"",""name"":""blur"",""output_format"":""PNG"",""parameter"":2.0,""stochastic"":false}",sid_set,unknown,unknown,unknown
sid_set_0df474dc8e44f82b1479__matched_clean__fixed_q96__benchmark__resize_scale_0.5,sid_set_0df474dc8e44f82b1479,sid_set_0df474dc8e44f82b1479__matched_clean__fixed_q96,selection_val,authentic,-3.397097110748291,0.032386310398578644,epoch_014,42,fixed_q96,resize,"{""cell_id"":""resize_scale_0.5"",""name"":""resize"",""output_format"":""PNG"",""parameter"":0.5,""stochastic"":false}",sid_set,unknown,unknown,unknown
sid_set_0df474dc8e44f82b1479__matched_clean__fixed_q96__benchmark__resize_scale_0.25,sid_set_0df474dc8e44f82b1479,sid_set_0df474dc8e44f82b1479__matched_clean__fixed_q96,selection_val,authentic,-3.272794008255005,0.036516398191452026,epoch_014,42,fixed_q96,resize,"{""cell_id"":""resize_scale_0.25"",""name"":""resize"",""output_format"":""PNG"",""parameter"":0.25,""stochastic"":false}",sid_set,unknown,unknown,unknown
sid_set_0df474dc8e44f82b1479__matched_clean__fixed_q96__benchmark__noise_sigma_0.02,sid_set_0df474dc8e44f82b1479,sid_set_0df474dc8e44f82b1479__matched_clean__fixed_q96,selection_val,authentic,-4.411612510681152,0.011990087106823921,epoch_014,42,fixed_q96,noise,"{""cell_id"":""noise_sigma_0.02"",""name"":""noise"",""output_format"":""PNG"",""parameter"":0.02,""stochastic"":true}",sid_set,unknown,unknown,unknown
sid_set_0df474dc8e44f82b1479__matched_clean__fixed_q96__benchmark__noise_sigma_0.05,sid_set_0df474dc8e44f82b1479,sid_set_0df474dc8e44f82b1479__matched_clean__fixed_q96,selection_val,authentic,-4.3292083740234375,0.013006574474275112,epoch_014,42,fixed_q96,noise,"{""cell_id"":""noise_sigma_0.05"",""name"":""noise"",""output_format"":""PNG"",""parameter"":0.05,""stochastic"":true}",sid_set,unknown,unknown,unknown
sid_set_0df474dc8e44f82b1479__matched_clean__fixed_q96__benchmark__noise_sigma_0.1,sid_set_0df474dc8e44f82b1479,sid_set_0df474dc8e44f82b1479__matched_clean__fixed_q96,selection_val,authentic,-4.368801593780518,0.01250797975808382,epoch_014,42,fixed_q96,noise,"{""cell_id"":""noise_sigma_0.1"",""name"":""noise"",""output_format"":""PNG"",""parameter"":0.1,""stochastic"":true}",sid_set,unknown,unknown,unknown
sid_set_0df474dc8e44f82b1479__matched_clean__fixed_q96__benchmark__color_jitter_0.2,sid_set_0df474dc8e44f82b1479,sid_set_0df474dc8e44f82b1479__matched_clean__fixed_q96,selection_val,authentic,-4.212504863739014,0.014593115076422691,epoch_014,42,fixed_q96,color_jitter,"{""cell_id"":""color_jitter_0.2"",""name"":""color_jitter"",""output_format"":""PNG"",""parameter"":0.2,""stochastic"":true}",sid_set,unknown,unknown,unknown
sid_set_0df474dc8e44f82b1479__matched_clean__fixed_q96__benchmark__center_crop_0.8,sid_set_0df474dc8e44f82b1479,sid_set_0df474dc8e44f82b1479__matched_clean__fixed_q96,selection_val,authentic,-5.19507360458374,0.005513244308531284,epoch_014,42,fixed_q96,center_crop,"{""cell_id"":""center_crop_0.8"",""name"":""center_crop"",""output_format"":""PNG"",""parameter"":0.8,""stochastic"":false}",sid_set,unknown,unknown,unknown
sid_set_0e2bb59f1d1eff406666__matched_clean__fixed_q96__benchmark__jpeg_q90,sid_set_0e2bb59f1d1eff406666,sid_set_0e2bb59f1d1eff406666__matched_clean__fixed_q96,selection_val,authentic,-8.302596092224121,0.00024781105457805097,epoch_014,42,fixed_q96,jpeg,"{""cell_id"":""jpeg_q90"",""name"":""jpeg"",""output_format"":""JPEG"",""parameter"":90,""stochastic"":false}",sid_set,unknown,unknown,unknown
sid_set_0e2bb59f1d1eff406666__matched_clean__fixed_q96__benchmark__jpeg_q70,sid_set_0e2bb59f1d1eff406666,sid_set_0e2bb59f1d1eff406666__matched_clean__fixed_q96,selection_val,authentic,-8.072168350219727,0.00031200842931866646,epoch_014,42,fixed_q96,jpeg,"{""cell_id"":""jpeg_q70"",""name"":""jpeg"",""output_format"":""JPEG"",""parameter"":70,""stochastic"":false}",sid_set,unknown,unknown,unknown
sid_set_0e2bb59f1d1eff406666__matched_clean__fixed_q96__benchmark__jpeg_q50,sid_set_0e2bb59f1d1eff406666,sid_set_0e2bb59f1d1eff406666__matched_clean__fixed_q96,selection_val,authentic,-8.118440628051758,0.00029790421831421554,epoch_014,42,fixed_q96,jpeg,"{""cell_id"":""jpeg_q50"",""name"":""jpeg"",""output_format"":""JPEG"",""parameter"":50,""stochastic"":false}",sid_set,unknown,unknown,unknown
sid_set_0e2bb59f1d1eff406666__matched_clean__fixed_q96__benchmark__jpeg_q30,sid_set_0e2bb59f1d1eff406666,sid_set_0e2bb59f1d1eff406666__matched_clean__fixed_q96,selection_val,authentic,-6.98286771774292,0.0009267794666811824,epoch_014,42,fixed_q96,jpeg,"{""cell_id"":""jpeg_q30"",""name"":""jpeg"",""output_format"":""JPEG"",""parameter"":30,""stochastic"":false}",sid_set,unknown,unknown,unknown
sid_set_0e2bb59f1d1eff406666__matched_clean__fixed_q96__benchmark__blur_sigma_0.5,sid_set_0e2bb59f1d1eff406666,sid_set_0e2bb59f1d1eff406666__matched_clean__fixed_q96,selection_val,authentic,-8.95390796661377,0.00012921444431412965,epoch_014,42,fixed_q96,blur,"{""cell_id"":""blur_sigma_0.5"",""name"":""blur"",""output_format"":""PNG"",""parameter"":0.5,""stochastic"":false}",sid_set,unknown,unknown,unknown
sid_set_0e2bb59f1d1eff406666__matched_clean__fixed_q96__benchmark__blur_sigma_1.0,sid_set_0e2bb59f1d1eff406666,sid_set_0e2bb59f1d1eff406666__matched_clean__fixed_q96,selection_val,authentic,-8.093402862548828,0.00030545491608791053,epoch_014,42,fixed_q96,blur,"{""cell_id"":""blur_sigma_1.0"",""name"":""blur"",""output_format"":""PNG"",""parameter"":1.0,""stochastic"":false}",sid_set,unknown,unknown,unknown
sid_set_0e2bb59f1d1eff406666__matched_clean__fixed_q96__benchmark__blur_sigma_2.0,sid_set_0e2bb59f1d1eff406666,sid_set_0e2bb59f1d1eff406666__matched_clean__fixed_q96,selection_val,authentic,-6.084613800048828,0.002272467827424407,epoch_014,42,fixed_q96,blur,"{""cell_id"":""blur_sigma_2.0"",""name"":""blur"",""output_format"":""PNG"",""parameter"":2.0,""stochastic"":false}",sid_set,unknown,unknown,unknown
sid_set_0e2bb59f1d1eff406666__matched_clean__fixed_q96__benchmark__resize_scale_0.5,sid_set_0e2bb59f1d1eff406666,sid_set_0e2bb59f1d1eff406666__matched_clean__fixed_q96,selection_val,authentic,-7.43107795715332,0.0005921975243836641,epoch_014,42,fixed_q96,resize,"{""cell_id"":""resize_scale_0.5"",""name"":""resize"",""output_format"":""PNG"",""parameter"":0.5,""stochastic"":false}",sid_set,unknown,unknown,unknown
sid_set_0e2bb59f1d1eff406666__matched_clean__fixed_q96__benchmark__resize_scale_0.25,sid_set_0e2bb59f1d1eff406666,sid_set_0e2bb59f1d1eff406666__matched_clean__fixed_q96,selection_val,authentic,-5.543130874633789,0.0038989908061921597,epoch_014,42,fixed_q96,resize,"{""cell_id"":""resize_scale_0.25"",""name"":""resize"",""output_format"":""PNG"",""parameter"":0.25,""stochastic"":false}",sid_set,unknown,unknown,unknown
sid_set_0e2bb59f1d1eff406666__matched_clean__fixed_q96__benchmark__noise_sigma_0.02,sid_set_0e2bb59f1d1eff406666,sid_set_0e2bb59f1d1eff406666__matched_clean__fixed_q96,selection_val,authentic,-6.656156063079834,0.0012844285229220986,epoch_014,42,fixed_q96,noise,"{""cell_id"":""noise_sigma_0.02"",""name"":""noise"",""output_format"":""PNG"",""parameter"":0.02,""stochastic"":true}",sid_set,unknown,unknown,unknown
sid_set_0e2bb59f1d1eff406666__matched_clean__fixed_q96__benchmark__noise_sigma_0.05,sid_set_0e2bb59f1d1eff406666,sid_set_0e2bb59f1d1eff406666__matched_clean__fixed_q96,selection_val,authentic,-6.2840256690979,0.0018623991636559367,epoch_014,42,fixed_q96,noise,"{""cell_id"":""noise_sigma_0.05"",""name"":""noise"",""output_format"":""PNG"",""parameter"":0.05,""stochastic"":true}",sid_set,unknown,unknown,unknown
sid_set_0e2bb59f1d1eff406666__matched_clean__fixed_q96__benchmark__noise_sigma_0.1,sid_set_0e2bb59f1d1eff406666,sid_set_0e2bb59f1d1eff406666__matched_clean__fixed_q96,selection_val,authentic,-4.426438808441162,0.011815715581178665,epoch_014,42,fixed_q96,noise,"{""cell_id"":""noise_sigma_0.1"",""name"":""noise"",""output_format"":""PNG"",""parameter"":0.1,""stochastic"":true}",sid_set,unknown,unknown,unknown
sid_set_0e2bb59f1d1eff406666__matched_clean__fixed_q96__benchmark__color_jitter_0.2,sid_set_0e2bb59f1d1eff406666,sid_set_0e2bb59f1d1eff406666__matched_clean__fixed_q96,selection_val,authentic,-8.352434158325195,0.00023576618696097285,epoch_014,42,fixed_q96,color_jitter,"{""cell_id"":""color_jitter_0.2"",""name"":""color_jitter"",""output_format"":""PNG"",""parameter"":0.2,""stochastic"":true}",sid_set,unknown,unknown,unknown
sid_set_0e2bb59f1d1eff406666__matched_clean__fixed_q96__benchmark__center_crop_0.8,sid_set_0e2bb59f1d1eff406666,sid_set_0e2bb59f1d1eff406666__matched_clean__fixed_q96,selection_val,authentic,-8.628389358520508,0.00017892061441671103,epoch_014,42,fixed_q96,center_crop,"{""cell_id"":""center_crop_0.8"",""name"":""center_crop"",""output_format"":""PNG"",""parameter"":0.8,""stochastic"":false}",sid_set,unknown,unknown,unknown
sid_set_0e3cf1697edf163e569d__matched_clean__fixed_q96__benchmark__jpeg_q90,sid_set_0e3cf1697edf163e569d,sid_set_0e3cf1697edf163e569d__matched_clean__fixed_q96,selection_val,ai_generated,4.721714496612549,0.991178572177887,epoch_014,42,fixed_q96,jpeg,"{""cell_id"":""jpeg_q90"",""name"":""jpeg"",""output_format"":""JPEG"",""parameter"":90,""stochastic"":false}",sid_set,unknown,unknown,unknown
sid_set_0e3cf1697edf163e569d__matched_clean__fixed_q96__benchmark__jpeg_q70,sid_set_0e3cf1697edf163e569d,sid_set_0e3cf1697edf163e569d__matched_clean__fixed_q96,selection_val,ai_generated,4.4795918464660645,0.9887891411781311,epoch_014,42,fixed_q96,jpeg,"{""cell_id"":""jpeg_q70"",""name"":""jpeg"",""output_format"":""JPEG"",""parameter"":70,""stochastic"":false}",sid_set,unknown,unknown,unknown
sid_set_0e3cf1697edf163e569d__matched_clean__fixed_q96__benchmark__jpeg_q50,sid_set_0e3cf1697edf163e569d,sid_set_0e3cf1697edf163e569d__matched_clean__fixed_q96,selection_val,ai_generated,4.185049533843994,0.9850067496299744,epoch_014,42,fixed_q96,jpeg,"{""cell_id"":""jpeg_q50"",""name"":""jpeg"",""output_format"":""JPEG"",""parameter"":50,""stochastic"":false}",sid_set,unknown,unknown,unknown
sid_set_0e3cf1697edf163e569d__matched_clean__fixed_q96__benchmark__jpeg_q30,sid_set_0e3cf1697edf163e569d,sid_set_0e3cf1697edf163e569d__matched_clean__fixed_q96,selection_val,ai_generated,3.7149810791015625,0.9762232303619385,epoch_014,42,fixed_q96,jpeg,"{""cell_id"":""jpeg_q30"",""name"":""jpeg"",""output_format"":""JPEG"",""parameter"":30,""stochastic"":false}",sid_set,unknown,unknown,unknown
sid_set_0e3cf1697edf163e569d__matched_clean__fixed_q96__benchmark__blur_sigma_0.5,sid_set_0e3cf1697edf163e569d,sid_set_0e3cf1697edf163e569d__matched_clean__fixed_q96,selection_val,ai_generated,4.537612438201904,0.9894143342971802,epoch_014,42,fixed_q96,blur,"{""cell_id"":""blur_sigma_0.5"",""name"":""blur"",""output_format"":""PNG"",""parameter"":0.5,""stochastic"":false}",sid_set,unknown,unknown,unknown
sid_set_0e3cf1697edf163e569d__matched_clean__fixed_q96__benchmark__blur_sigma_1.0,sid_set_0e3cf1697edf163e569d,sid_set_0e3cf1697edf163e569d__matched_clean__fixed_q96,selection_val,ai_generated,4.502207279205322,0.9890369772911072,epoch_014,42,fixed_q96,blur,"{""cell_id"":""blur_sigma_1.0"",""name"":""blur"",""output_format"":""PNG"",""parameter"":1.0,""stochastic"":false}",sid_set,unknown,unknown,unknown
sid_set_0e3cf1697edf163e569d__matched_clean__fixed_q96__benchmark__blur_sigma_2.0,sid_set_0e3cf1697edf163e569d,sid_set_0e3cf1697edf163e569d__matched_clean__fixed_q96,selection_val,ai_generated,3.2115209102630615,0.9612655639648438,epoch_014,42,fixed_q96,blur,"{""cell_id"":""blur_sigma_2.0"",""name"":""blur"",""output_format"":""PNG"",""parameter"":2.0,""stochastic"":false}",sid_set,unknown,unknown,unknown
sid_set_0e3cf1697edf163e569d__matched_clean__fixed_q96__benchmark__resize_scale_0.5,sid_set_0e3cf1697edf163e569d,sid_set_0e3cf1697edf163e569d__matched_clean__fixed_q96,selection_val,ai_generated,3.9237349033355713,0.9806159734725952,epoch_014,42,fixed_q96,resize,"{""cell_id"":""resize_scale_0.5"",""name"":""resize"",""output_format"":""PNG"",""parameter"":0.5,""stochastic"":false}",sid_set,unknown,unknown,unknown
sid_set_0e3cf1697edf163e569d__matched_clean__fixed_q96__benchmark__resize_scale_0.25,sid_set_0e3cf1697edf163e569d,sid_set_0e3cf1697edf163e569d__matched_clean__fixed_q96,selection_val,ai_generated,2.626176118850708,0.9325274229049683,epoch_014,42,fixed_q96,resize,"{""cell_id"":""resize_scale_0.25"",""name"":""resize"",""output_format"":""PNG"",""parameter"":0.25,""stochastic"":false}",sid_set,unknown,unknown,unknown
sid_set_0e3cf1697edf163e569d__matched_clean__fixed_q96__benchmark__noise_sigma_0.02,sid_set_0e3cf1697edf163e569d,sid_set_0e3cf1697edf163e569d__matched_clean__fixed_q96,selection_val,ai_generated,4.02179479598999,0.9823947548866272,epoch_014,42,fixed_q96,noise,"{""cell_id"":""noise_sigma_0.02"",""name"":""noise"",""output_format"":""PNG"",""parameter"":0.02,""stochastic"":true}",sid_set,unknown,unknown,unknown
sid_set_0e3cf1697edf163e569d__matched_clean__fixed_q96__benchmark__noise_sigma_0.05,sid_set_0e3cf1697edf163e569d,sid_set_0e3cf1697edf163e569d__matched_clean__fixed_q96,selection_val,ai_generated,3.6986312866210938,0.9758407473564148,epoch_014,42,fixed_q96,noise,"{""cell_id"":""noise_sigma_0.05"",""name"":""noise"",""output_format"":""PNG"",""parameter"":0.05,""stochastic"":true}",sid_set,unknown,unknown,unknown
sid_set_0e3cf1697edf163e569d__matched_clean__fixed_q96__benchmark__noise_sigma_0.1,sid_set_0e3cf1697edf163e569d,sid_set_0e3cf1697edf163e569d__matched_clean__fixed_q96,selection_val,ai_generated,2.2239346504211426,0.9023783206939697,epoch_014,42,fixed_q96,noise,"{""cell_id"":""noise_sigma_0.1"",""name"":""noise"",""output_format"":""PNG"",""parameter"":0.1,""stochastic"":true}",sid_set,unknown,unknown,unknown
sid_set_0e3cf1697edf163e569d__matched_clean__fixed_q96__benchmark__color_jitter_0.2,sid_set_0e3cf1697edf163e569d,sid_set_0e3cf1697edf163e569d__matched_clean__fixed_q96,selection_val,ai_generated,5.443389415740967,0.9956938028335571,epoch_014,42,fixed_q96,color_jitter,"{""cell_id"":""color_jitter_0.2"",""name"":""color_jitter"",""output_format"":""PNG"",""parameter"":0.2,""stochastic"":true}",sid_set,unknown,unknown,unknown
sid_set_0e3cf1697edf163e569d__matched_clean__fixed_q96__benchmark__center_crop_0.8,sid_set_0e3cf1697edf163e569d,sid_set_0e3cf1697edf163e569d__matched_clean__fixed_q96,selection_val,ai_generated,4.83552885055542,0.9921201467514038,epoch_014,42,fixed_q96,center_crop,"{""cell_id"":""center_crop_0.8"",""name"":""center_crop"",""output_format"":""PNG"",""parameter"":0.8,""stochastic"":false}",sid_set,unknown,unknown,unknown
sid_set_0e44abc0c2ea5190e713__matched_clean__fixed_q96__benchmark__jpeg_q90,sid_set_0e44abc0c2ea5190e713,sid_set_0e44abc0c2ea5190e713__matched_clean__fixed_q96,selection_val,ai_generated,5.647665023803711,0.9964866638183594,epoch_014,42,fixed_q96,jpeg,"{""cell_id"":""jpeg_q90"",""name"":""jpeg"",""output_format"":""JPEG"",""parameter"":90,""stochastic"":false}",sid_set,unknown,unknown,unknown
sid_set_0e44abc0c2ea5190e713__matched_clean__fixed_q96__benchmark__jpeg_q70,sid_set_0e44abc0c2ea5190e713,sid_set_0e44abc0c2ea5190e713__matched_clean__fixed_q96,selection_val,ai_generated,5.084506034851074,0.9938461184501648,epoch_014,42,fixed_q96,jpeg,"{""cell_id"":""jpeg_q70"",""name"":""jpeg"",""output_format"":""JPEG"",""parameter"":70,""stochastic"":false}",sid_set,unknown,unknown,unknown
sid_set_0e44abc0c2ea5190e713__matched_clean__fixed_q96__benchmark__jpeg_q50,sid_set_0e44abc0c2ea5190e713,sid_set_0e44abc0c2ea5190e713__matched_clean__fixed_q96,selection_val,ai_generated,4.8475141525268555,0.9922131896018982,epoch_014,42,fixed_q96,jpeg,"{""cell_id"":""jpeg_q50"",""name"":""jpeg"",""output_format"":""JPEG"",""parameter"":50,""stochastic"":false}",sid_set,unknown,unknown,unknown
sid_set_0e44abc0c2ea5190e713__matched_clean__fixed_q96__benchmark__jpeg_q30,sid_set_0e44abc0c2ea5190e713,sid_set_0e44abc0c2ea5190e713__matched_clean__fixed_q96,selection_val,ai_generated,4.456396102905273,0.9885290265083313,epoch_014,42,fixed_q96,jpeg,"{""cell_id"":""jpeg_q30"",""name"":""jpeg"",""output_format"":""JPEG"",""parameter"":30,""stochastic"":false}",sid_set,unknown,unknown,unknown
sid_set_0e44abc0c2ea5190e713__matched_clean__fixed_q96__benchmark__blur_sigma_0.5,sid_set_0e44abc0c2ea5190e713,sid_set_0e44abc0c2ea5190e713__matched_clean__fixed_q96,selection_val,ai_generated,4.319665431976318,0.9868703484535217,epoch_014,42,fixed_q96,blur,"{""cell_id"":""blur_sigma_0.5"",""name"":""blur"",""output_format"":""PNG"",""parameter"":0.5,""stochastic"":false}",sid_set,unknown,unknown,unknown
sid_set_0e44abc0c2ea5190e713__matched_clean__fixed_q96__benchmark__blur_sigma_1.0,sid_set_0e44abc0c2ea5190e713,sid_set_0e44abc0c2ea5190e713__matched_clean__fixed_q96,selection_val,ai_generated,4.538515567779541,0.9894238114356995,epoch_014,42,fixed_q96,blur,"{""cell_id"":""blur_sigma_1.0"",""name"":""blur"",""output_format"":""PNG"",""parameter"":1.0,""stochastic"":false}",sid_set,unknown,unknown,unknown
sid_set_0e44abc0c2ea5190e713__matched_clean__fixed_q96__benchmark__blur_sigma_2.0,sid_set_0e44abc0c2ea5190e713,sid_set_0e44abc0c2ea5190e713__matched_clean__fixed_q96,selection_val,ai_generated,3.5000927448272705,0.9706903696060181,epoch_014,42,fixed_q96,blur,"{""cell_id"":""blur_sigma_2.0"",""name"":""blur"",""output_format"":""PNG"",""parameter"":2.0,""stochastic"":false}",sid_set,unknown,unknown,unknown
sid_set_0e44abc0c2ea5190e713__matched_clean__fixed_q96__benchmark__resize_scale_0.5,sid_set_0e44abc0c2ea5190e713,sid_set_0e44abc0c2ea5190e713__matched_clean__fixed_q96,selection_val,ai_generated,4.548375129699707,0.9895265102386475,epoch_014,42,fixed_q96,resize,"{""cell_id"":""resize_scale_0.5"",""name"":""resize"",""output_format"":""PNG"",""parameter"":0.5,""stochastic"":false}",sid_set,unknown,unknown,unknown
sid_set_0e44abc0c2ea5190e713__matched_clean__fixed_q96__benchmark__resize_scale_0.25,sid_set_0e44abc0c2ea5190e713,sid_set_0e44abc0c2ea5190e713__matched_clean__fixed_q96,selection_val,ai_generated,2.350736618041992,0.9129927754402161,epoch_014,42,fixed_q96,resize,"{""cell_id"":""resize_scale_0.25"",""name"":""resize"",""output_format"":""PNG"",""parameter"":0.25,""stochastic"":false}",sid_set,unknown,unknown,unknown
sid_set_0e44abc0c2ea5190e713__matched_clean__fixed_q96__benchmark__noise_sigma_0.02,sid_set_0e44abc0c2ea5190e713,sid_set_0e44abc0c2ea5190e713__matched_clean__fixed_q96,selection_val,ai_generated,4.016294956207275,0.9822993874549866,epoch_014,42,fixed_q96,noise,"{""cell_id"":""noise_sigma_0.02"",""name"":""noise"",""output_format"":""PNG"",""parameter"":0.02,""stochastic"":true}",sid_set,unknown,unknown,unknown
sid_set_0e44abc0c2ea5190e713__matched_clean__fixed_q96__benchmark__noise_sigma_0.05,sid_set_0e44abc0c2ea5190e713,sid_set_0e44abc0c2ea5190e713__matched_clean__fixed_q96,selection_val,ai_generated,3.653183937072754,0.9747458100318909,epoch_014,42,fixed_q96,noise,"{""cell_id"":""noise_sigma_0.05"",""name"":""noise"",""output_format"":""PNG"",""parameter"":0.05,""stochastic"":true}",sid_set,unknown,unknown,unknown
sid_set_0e44abc0c2ea5190e713__matched_clean__fixed_q96__benchmark__noise_sigma_0.1,sid_set_0e44abc0c2ea5190e713,sid_set_0e44abc0c2ea5190e713__matched_clean__fixed_q96,selection_val,ai_generated,3.8849923610687256,0.9798657298088074,epoch_014,42,fixed_q96,noise,"{""cell_id"":""noise_sigma_0.1"",""name"":""noise"",""output_format"":""PNG"",""parameter"":0.1,""stochastic"":true}",sid_set,unknown,unknown,unknown
sid_set_0e44abc0c2ea5190e713__matched_clean__fixed_q96__benchmark__color_jitter_0.2,sid_set_0e44abc0c2ea5190e713,sid_set_0e44abc0c2ea5190e713__matched_clean__fixed_q96,selection_val,ai_generated,5.310464382171631,0.9950845837593079,epoch_014,42,fixed_q96,color_jitter,"{""cell_id"":""color_jitter_0.2"",""name"":""color_jitter"",""output_format"":""PNG"",""parameter"":0.2,""stochastic"":true}",sid_set,unknown,unknown,unknown
sid_set_0e44abc0c2ea5190e713__matched_clean__fixed_q96__benchmark__center_crop_0.8,sid_set_0e44abc0c2ea5190e713,sid_set_0e44abc0c2ea5190e713__matched_clean__fixed_q96,selection_val,ai_generated,5.354591369628906,0.9952958226203918,epoch_014,42,fixed_q96,center_crop,"{""cell_id"":""center_crop_0.8"",""name"":""center_crop"",""output_format"":""PNG"",""parameter"":0.8,""stochastic"":false}",sid_set,unknown,unknown,unknown
sid_set_0e64b14afc8dcc395e98__matched_clean__fixed_q96__benchmark__jpeg_q90,sid_set_0e64b14afc8dcc395e98,sid_set_0e64b14afc8dcc395e98__matched_clean__fixed_q96,selection_val,ai_generated,8.164276123046875,0.9997153878211975,epoch_014,42,fixed_q96,jpeg,"{""cell_id"":""jpeg_q90"",""name"":""jpeg"",""output_format"":""JPEG"",""parameter"":90,""stochastic"":false}",sid_set,unknown,unknown,unknown
sid_set_0e64b14afc8dcc395e98__matched_clean__fixed_q96__benchmark__jpeg_q70,sid_set_0e64b14afc8dcc395e98,sid_set_0e64b14afc8dcc395e98__matched_clean__fixed_q96,selection_val,ai_generated,7.797366142272949,0.9995893836021423,epoch_014,42,fixed_q96,jpeg,"{""cell_id"":""jpeg_q70"",""name"":""jpeg"",""output_format"":""JPEG"",""parameter"":70,""stochastic"":false}",sid_set,unknown,unknown,unknown
sid_set_0e64b14afc8dcc395e98__matched_clean__fixed_q96__benchmark__jpeg_q50,sid_set_0e64b14afc8dcc395e98,sid_set_0e64b14afc8dcc395e98__matched_clean__fixed_q96,selection_val,ai_generated,7.770784378051758,0.9995782971382141,epoch_014,42,fixed_q96,jpeg,"{""cell_id"":""jpeg_q50"",""name"":""jpeg"",""output_format"":""JPEG"",""parameter"":50,""stochastic"":false}",sid_set,unknown,unknown,unknown
sid_set_0e64b14afc8dcc395e98__matched_clean__fixed_q96__benchmark__jpeg_q30,sid_set_0e64b14afc8dcc395e98,sid_set_0e64b14afc8dcc395e98__matched_clean__fixed_q96,selection_val,ai_generated,7.618481636047363,0.9995089769363403,epoch_014,42,fixed_q96,jpeg,"{""cell_id"":""jpeg_q30"",""name"":""jpeg"",""output_format"":""JPEG"",""parameter"":30,""stochastic"":false}",sid_set,unknown,unknown,unknown
sid_set_0e64b14afc8dcc395e98__matched_clean__fixed_q96__benchmark__blur_sigma_0.5,sid_set_0e64b14afc8dcc395e98,sid_set_0e64b14afc8dcc395e98__matched_clean__fixed_q96,selection_val,ai_generated,7.8091206550598145,0.9995941519737244,epoch_014,42,fixed_q96,blur,"{""cell_id"":""blur_sigma_0.5"",""name"":""blur"",""output_format"":""PNG"",""parameter"":0.5,""stochastic"":false}",sid_set,unknown,unknown,unknown
sid_set_0e64b14afc8dcc395e98__matched_clean__fixed_q96__benchmark__blur_sigma_1.0,sid_set_0e64b14afc8dcc395e98,sid_set_0e64b14afc8dcc395e98__matched_clean__fixed_q96,selection_val,ai_generated,7.05581521987915,0.999138355255127,epoch_014,42,fixed_q96,blur,"{""cell_id"":""blur_sigma_1.0"",""name"":""blur"",""output_format"":""PNG"",""parameter"":1.0,""stochastic"":false}",sid_set,unknown,unknown,unknown
sid_set_0e64b14afc8dcc395e98__matched_clean__fixed_q96__benchmark__blur_sigma_2.0,sid_set_0e64b14afc8dcc395e98,sid_set_0e64b14afc8dcc395e98__matched_clean__fixed_q96,selection_val,ai_generated,7.085229396820068,0.9991633892059326,epoch_014,42,fixed_q96,blur,"{""cell_id"":""blur_sigma_2.0"",""name"":""blur"",""output_format"":""PNG"",""parameter"":2.0,""stochastic"":false}",sid_set,unknown,unknown,unknown
sid_set_0e64b14afc8dcc395e98__matched_clean__fixed_q96__benchmark__resize_scale_0.5,sid_set_0e64b14afc8dcc395e98,sid_set_0e64b14afc8dcc395e98__matched_clean__fixed_q96,selection_val,ai_generated,7.319255352020264,0.9993377327919006,epoch_014,42,fixed_q96,resize,"{""cell_id"":""resize_scale_0.5"",""name"":""resize"",""output_format"":""PNG"",""parameter"":0.5,""stochastic"":false}",sid_set,unknown,unknown,unknown
sid_set_0e64b14afc8dcc395e98__matched_clean__fixed_q96__benchmark__resize_scale_0.25,sid_set_0e64b14afc8dcc395e98,sid_set_0e64b14afc8dcc395e98__matched_clean__fixed_q96,selection_val,ai_generated,7.0385661125183105,0.9991233944892883,epoch_014,42,fixed_q96,resize,"{""cell_id"":""resize_scale_0.25"",""name"":""resize"",""output_format"":""PNG"",""parameter"":0.25,""stochastic"":false}",sid_set,unknown,unknown,unknown
sid_set_0e64b14afc8dcc395e98__matched_clean__fixed_q96__benchmark__noise_sigma_0.02,sid_set_0e64b14afc8dcc395e98,sid_set_0e64b14afc8dcc395e98__matched_clean__fixed_q96,selection_val,ai_generated,6.803513526916504,0.9988914132118225,epoch_014,42,fixed_q96,noise,"{""cell_id"":""noise_sigma_0.02"",""name"":""noise"",""output_format"":""PNG"",""parameter"":0.02,""stochastic"":true}",sid_set,unknown,unknown,unknown
sid_set_0e64b14afc8dcc395e98__matched_clean__fixed_q96__benchmark__noise_sigma_0.05,sid_set_0e64b14afc8dcc395e98,sid_set_0e64b14afc8dcc395e98__matched_clean__fixed_q96,selection_val,ai_generated,5.9043378829956055,0.9972797632217407,epoch_014,42,fixed_q96,noise,"{""cell_id"":""noise_sigma_0.05"",""name"":""noise"",""output_format"":""PNG"",""parameter"":0.05,""stochastic"":true}",sid_set,unknown,unknown,unknown
sid_set_0e64b14afc8dcc395e98__matched_clean__fixed_q96__benchmark__noise_sigma_0.1,sid_set_0e64b14afc8dcc395e98,sid_set_0e64b14afc8dcc395e98__matched_clean__fixed_q96,selection_val,ai_generated,4.104039192199707,0.9837622046470642,epoch_014,42,fixed_q96,noise,"{""cell_id"":""noise_sigma_0.1"",""name"":""noise"",""output_format"":""PNG"",""parameter"":0.1,""stochastic"":true}",sid_set,unknown,unknown,unknown
sid_set_0e64b14afc8dcc395e98__matched_clean__fixed_q96__benchmark__color_jitter_0.2,sid_set_0e64b14afc8dcc395e98,sid_set_0e64b14afc8dcc395e98__matched_clean__fixed_q96,selection_val,ai_generated,8.364618301391602,0.9997671246528625,epoch_014,42,fixed_q96,color_jitter,"{""cell_id"":""color_jitter_0.2"",""name"":""color_jitter"",""output_format"":""PNG"",""parameter"":0.2,""stochastic"":true}",sid_set,unknown,unknown,unknown
sid_set_0e64b14afc8dcc395e98__matched_clean__fixed_q96__benchmark__center_crop_0.8,sid_set_0e64b14afc8dcc395e98,sid_set_0e64b14afc8dcc395e98__matched_clean__fixed_q96,selection_val,ai_generated,8.013936042785645,0.9996693134307861,epoch_014,42,fixed_q96,center_crop,"{""cell_id"":""center_crop_0.8"",""name"":""center_crop"",""output_format"":""PNG"",""parameter"":0.8,""stochastic"":false}",sid_set,unknown,unknown,unknown
sid_set_0e844eb2b116706f3684__matched_clean__fixed_q96__benchmark__jpeg_q90,sid_set_0e844eb2b116706f3684,sid_set_0e844eb2b116706f3684__matched_clean__fixed_q96,selection_val,authentic,-5.072094917297363,0.006230213679373264,epoch_014,42,fixed_q96,jpeg,"{""cell_id"":""jpeg_q90"",""name"":""jpeg"",""output_format"":""JPEG"",""parameter"":90,""stochastic"":false}",sid_set,unknown,unknown,unknown
sid_set_0e844eb2b116706f3684__matched_clean__fixed_q96__benchmark__jpeg_q70,sid_set_0e844eb2b116706f3684,sid_set_0e844eb2b116706f3684__matched_clean__fixed_q96,selection_val,authentic,-5.404271602630615,0.004477193579077721,epoch_014,42,fixed_q96,jpeg,"{""cell_id"":""jpeg_q70"",""name"":""jpeg"",""output_format"":""JPEG"",""parameter"":70,""stochastic"":false}",sid_set,unknown,unknown,unknown
sid_set_0e844eb2b116706f3684__matched_clean__fixed_q96__benchmark__jpeg_q50,sid_set_0e844eb2b116706f3684,sid_set_0e844eb2b116706f3684__matched_clean__fixed_q96,selection_val,authentic,-4.348813533782959,0.012757284566760063,epoch_014,42,fixed_q96,jpeg,"{""cell_id"":""jpeg_q50"",""name"":""jpeg"",""output_format"":""JPEG"",""parameter"":50,""stochastic"":false}",sid_set,unknown,unknown,unknown
sid_set_0e844eb2b116706f3684__matched_clean__fixed_q96__benchmark__jpeg_q30,sid_set_0e844eb2b116706f3684,sid_set_0e844eb2b116706f3684__matched_clean__fixed_q96,selection_val,authentic,-4.998424053192139,0.006703335791826248,epoch_014,42,fixed_q96,jpeg,"{""cell_id"":""jpeg_q30"",""name"":""jpeg"",""output_format"":""JPEG"",""parameter"":30,""stochastic"":false}",sid_set,unknown,unknown,unknown
sid_set_0e844eb2b116706f3684__matched_clean__fixed_q96__benchmark__blur_sigma_0.5,sid_set_0e844eb2b116706f3684,sid_set_0e844eb2b116706f3684__matched_clean__fixed_q96,selection_val,authentic,-5.753495693206787,0.0031616464257240295,epoch_014,42,fixed_q96,blur,"{""cell_id"":""blur_sigma_0.5"",""name"":""blur"",""output_format"":""PNG"",""parameter"":0.5,""stochastic"":false}",sid_set,unknown,unknown,unknown
sid_set_0e844eb2b116706f3684__matched_clean__fixed_q96__benchmark__blur_sigma_1.0,sid_set_0e844eb2b116706f3684,sid_set_0e844eb2b116706f3684__matched_clean__fixed_q96,selection_val,authentic,-4.793285846710205,0.008217108435928822,epoch_014,42,fixed_q96,blur,"{""cell_id"":""blur_sigma_1.0"",""name"":""blur"",""output_format"":""PNG"",""parameter"":1.0,""stochastic"":false}",sid_set,unknown,unknown,unknown
sid_set_0e844eb2b116706f3684__matched_clean__fixed_q96__benchmark__blur_sigma_2.0,sid_set_0e844eb2b116706f3684,sid_set_0e844eb2b116706f3684__matched_clean__fixed_q96,selection_val,authentic,-2.692563533782959,0.0634135976433754,epoch_014,42,fixed_q96,blur,"{""cell_id"":""blur_sigma_2.0"",""name"":""blur"",""output_format"":""PNG"",""parameter"":2.0,""stochastic"":false}",sid_set,unknown,unknown,unknown
sid_set_0e844eb2b116706f3684__matched_clean__fixed_q96__benchmark__resize_scale_0.5,sid_set_0e844eb2b116706f3684,sid_set_0e844eb2b116706f3684__matched_clean__fixed_q96,selection_val,authentic,-3.278648853302002,0.036310967057943344,epoch_014,42,fixed_q96,resize,"{""cell_id"":""resize_scale_0.5"",""name"":""resize"",""output_format"":""PNG"",""parameter"":0.5,""stochastic"":false}",sid_set,unknown,unknown,unknown
sid_set_0e844eb2b116706f3684__matched_clean__fixed_q96__benchmark__resize_scale_0.25,sid_set_0e844eb2b116706f3684,sid_set_0e844eb2b116706f3684__matched_clean__fixed_q96,selection_val,authentic,-2.948794364929199,0.04979352280497551,epoch_014,42,fixed_q96,resize,"{""cell_id"":""resize_scale_0.25"",""name"":""resize"",""output_format"":""PNG"",""parameter"":0.25,""stochastic"":false}",sid_set,unknown,unknown,unknown
sid_set_0e844eb2b116706f3684__matched_clean__fixed_q96__benchmark__noise_sigma_0.02,sid_set_0e844eb2b116706f3684,sid_set_0e844eb2b116706f3684__matched_clean__fixed_q96,selection_val,authentic,-4.868326663970947,0.007627588696777821,epoch_014,42,fixed_q96,noise,"{""cell_id"":""noise_sigma_0.02"",""name"":""noise"",""output_format"":""PNG"",""parameter"":0.02,""stochastic"":true}",sid_set,unknown,unknown,unknown
sid_set_0e844eb2b116706f3684__matched_clean__fixed_q96__benchmark__noise_sigma_0.05,sid_set_0e844eb2b116706f3684,sid_set_0e844eb2b116706f3684__matched_clean__fixed_q96,selection_val,authentic,-4.180568218231201,0.015059558674693108,epoch_014,42,fixed_q96,noise,"{""cell_id"":""noise_sigma_0.05"",""name"":""noise"",""output_format"":""PNG"",""parameter"":0.05,""stochastic"":true}",sid_set,unknown,unknown,unknown
sid_set_0e844eb2b116706f3684__matched_clean__fixed_q96__benchmark__noise_sigma_0.1,sid_set_0e844eb2b116706f3684,sid_set_0e844eb2b116706f3684__matched_clean__fixed_q96,selection_val,authentic,-3.5823521614074707,0.027057727798819542,epoch_014,42,fixed_q96,noise,"{""cell_id"":""noise_sigma_0.1"",""name"":""noise"",""output_format"":""PNG"",""parameter"":0.1,""stochastic"":true}",sid_set,unknown,unknown,unknown
sid_set_0e844eb2b116706f3684__matched_clean__fixed_q96__benchmark__color_jitter_0.2,sid_set_0e844eb2b116706f3684,sid_set_0e844eb2b116706f3684__matched_clean__fixed_q96,selection_val,authentic,-5.367908954620361,0.004642223007977009,epoch_014,42,fixed_q96,color_jitter,"{""cell_id"":""color_jitter_0.2"",""name"":""color_jitter"",""output_format"":""PNG"",""parameter"":0.2,""stochastic"":true}",sid_set,unknown,unknown,unknown
sid_set_0e844eb2b116706f3684__matched_clean__fixed_q96__benchmark__center_crop_0.8,sid_set_0e844eb2b116706f3684,sid_set_0e844eb2b116706f3684__matched_clean__fixed_q96,selection_val,authentic,-3.755398750305176,0.02285648323595524,epoch_014,42,fixed_q96,center_crop,"{""cell_id"":""center_crop_0.8"",""name"":""center_crop"",""output_format"":""PNG"",""parameter"":0.8,""stochastic"":false}",sid_set,unknown,unknown,unknown
sid_set_0e867d4b62e8392f3143__matched_clean__fixed_q96__benchmark__jpeg_q90,sid_set_0e867d4b62e8392f3143,sid_set_0e867d4b62e8392f3143__matched_clean__fixed_q96,selection_val,authentic,-9.344829559326172,8.740858902456239e-05,epoch_014,42,fixed_q96,jpeg,"{""cell_id"":""jpeg_q90"",""name"":""jpeg"",""output_format"":""JPEG"",""parameter"":90,""stochastic"":false}",sid_set,unknown,unknown,unknown
sid_set_0e867d4b62e8392f3143__matched_clean__fixed_q96__benchmark__jpeg_q70,sid_set_0e867d4b62e8392f3143,sid_set_0e867d4b62e8392f3143__matched_clean__fixed_q96,selection_val,authentic,-8.349966049194336,0.00023634867102373391,epoch_014,42,fixed_q96,jpeg,"{""cell_id"":""jpeg_q70"",""name"":""jpeg"",""output_format"":""JPEG"",""parameter"":70,""stochastic"":false}",sid_set,unknown,unknown,unknown
sid_set_0e867d4b62e8392f3143__matched_clean__fixed_q96__benchmark__jpeg_q50,sid_set_0e867d4b62e8392f3143,sid_set_0e867d4b62e8392f3143__matched_clean__fixed_q96,selection_val,authentic,-7.988889217376709,0.0003390956553630531,epoch_014,42,fixed_q96,jpeg,"{""cell_id"":""jpeg_q50"",""name"":""jpeg"",""output_format"":""JPEG"",""parameter"":50,""stochastic"":false}",sid_set,unknown,unknown,unknown
sid_set_0e867d4b62e8392f3143__matched_clean__fixed_q96__benchmark__jpeg_q30,sid_set_0e867d4b62e8392f3143,sid_set_0e867d4b62e8392f3143__matched_clean__fixed_q96,selection_val,authentic,-8.245601654052734,0.00026234134566038847,epoch_014,42,fixed_q96,jpeg,"{""cell_id"":""jpeg_q30"",""name"":""jpeg"",""output_format"":""JPEG"",""parameter"":30,""stochastic"":false}",sid_set,unknown,unknown,unknown
sid_set_0e867d4b62e8392f3143__matched_clean__fixed_q96__benchmark__blur_sigma_0.5,sid_set_0e867d4b62e8392f3143,sid_set_0e867d4b62e8392f3143__matched_clean__fixed_q96,selection_val,authentic,-9.560020446777344,7.0486385084223e-05,epoch_014,42,fixed_q96,blur,"{""cell_id"":""blur_sigma_0.5"",""name"":""blur"",""output_format"":""PNG"",""parameter"":0.5,""stochastic"":false}",sid_set,unknown,unknown,unknown
sid_set_0e867d4b62e8392f3143__matched_clean__fixed_q96__benchmark__blur_sigma_1.0,sid_set_0e867d4b62e8392f3143,sid_set_0e867d4b62e8392f3143__matched_clean__fixed_q96,selection_val,authentic,-9.135477066040039,0.00010776206909213215,epoch_014,42,fixed_q96,blur,"{""cell_id"":""blur_sigma_1.0"",""name"":""blur"",""output_format"":""PNG"",""parameter"":1.0,""stochastic"":false}",sid_set,unknown,unknown,unknown
sid_set_0e867d4b62e8392f3143__matched_clean__fixed_q96__benchmark__blur_sigma_2.0,sid_set_0e867d4b62e8392f3143,sid_set_0e867d4b62e8392f3143__matched_clean__fixed_q96,selection_val,authentic,-7.916083812713623,0.0003646952100098133,epoch_014,42,fixed_q96,blur,"{""cell_id"":""blur_sigma_2.0"",""name"":""blur"",""output_format"":""PNG"",""parameter"":2.0,""stochastic"":false}",sid_set,unknown,unknown,unknown
sid_set_0e867d4b62e8392f3143__matched_clean__fixed_q96__benchmark__resize_scale_0.5,sid_set_0e867d4b62e8392f3143,sid_set_0e867d4b62e8392f3143__matched_clean__fixed_q96,selection_val,authentic,-8.393287658691406,0.00022633055050391704,epoch_014,42,fixed_q96,resize,"{""cell_id"":""resize_scale_0.5"",""name"":""resize"",""output_format"":""PNG"",""parameter"":0.5,""stochastic"":false}",sid_set,unknown,unknown,unknown
sid_set_0e867d4b62e8392f3143__matched_clean__fixed_q96__benchmark__resize_scale_0.25,sid_set_0e867d4b62e8392f3143,sid_set_0e867d4b62e8392f3143__matched_clean__fixed_q96,selection_val,authentic,-7.565653324127197,0.000517670763656497,epoch_014,42,fixed_q96,resize,"{""cell_id"":""resize_scale_0.25"",""name"":""resize"",""output_format"":""PNG"",""parameter"":0.25,""stochastic"":false}",sid_set,unknown,unknown,unknown
sid_set_0e867d4b62e8392f3143__matched_clean__fixed_q96__benchmark__noise_sigma_0.02,sid_set_0e867d4b62e8392f3143,sid_set_0e867d4b62e8392f3143__matched_clean__fixed_q96,selection_val,authentic,-7.393863201141357,0.0006146373925730586,epoch_014,42,fixed_q96,noise,"{""cell_id"":""noise_sigma_0.02"",""name"":""noise"",""output_format"":""PNG"",""parameter"":0.02,""stochastic"":true}",sid_set,unknown,unknown,unknown
sid_set_0e867d4b62e8392f3143__matched_clean__fixed_q96__benchmark__noise_sigma_0.05,sid_set_0e867d4b62e8392f3143,sid_set_0e867d4b62e8392f3143__matched_clean__fixed_q96,selection_val,authentic,-7.170584678649902,0.0007682823925279081,epoch_014,42,fixed_q96,noise,"{""cell_id"":""noise_sigma_0.05"",""name"":""noise"",""output_format"":""PNG"",""parameter"":0.05,""stochastic"":true}",sid_set,unknown,unknown,unknown
sid_set_0e867d4b62e8392f3143__matched_clean__fixed_q96__benchmark__noise_sigma_0.1,sid_set_0e867d4b62e8392f3143,sid_set_0e867d4b62e8392f3143__matched_clean__fixed_q96,selection_val,authentic,-5.797872066497803,0.0030248265247792006,epoch_014,42,fixed_q96,noise,"{""cell_id"":""noise_sigma_0.1"",""name"":""noise"",""output_format"":""PNG"",""parameter"":0.1,""stochastic"":true}",sid_set,unknown,unknown,unknown
sid_set_0e867d4b62e8392f3143__matched_clean__fixed_q96__benchmark__color_jitter_0.2,sid_set_0e867d4b62e8392f3143,sid_set_0e867d4b62e8392f3143__matched_clean__fixed_q96,selection_val,authentic,-9.57695484161377,6.930287054274231e-05,epoch_014,42,fixed_q96,color_jitter,"{""cell_id"":""color_jitter_0.2"",""name"":""color_jitter"",""output_format"":""PNG"",""parameter"":0.2,""stochastic"":true}",sid_set,unknown,unknown,unknown
sid_set_0e867d4b62e8392f3143__matched_clean__fixed_q96__benchmark__center_crop_0.8,sid_set_0e867d4b62e8392f3143,sid_set_0e867d4b62e8392f3143__matched_clean__fixed_q96,selection_val,authentic,-8.127963066101074,0.0002950817288365215,epoch_014,42,fixed_q96,center_crop,"{""cell_id"":""center_crop_0.8"",""name"":""center_crop"",""output_format"":""PNG"",""parameter"":0.8,""stochastic"":false}",sid_set,unknown,unknown,unknown
sid_set_0f2aff5c7415f8e709f6__matched_clean__fixed_q96__benchmark__jpeg_q90,sid_set_0f2aff5c7415f8e709f6,sid_set_0f2aff5c7415f8e709f6__matched_clean__fixed_q96,selection_val,authentic,-7.052630424499512,0.0008643824839964509,epoch_014,42,fixed_q96,jpeg,"{""cell_id"":""jpeg_q90"",""name"":""jpeg"",""output_format"":""JPEG"",""parameter"":90,""stochastic"":false}",sid_set,unknown,unknown,unknown
sid_set_0f2aff5c7415f8e709f6__matched_clean__fixed_q96__benchmark__jpeg_q70,sid_set_0f2aff5c7415f8e709f6,sid_set_0f2aff5c7415f8e709f6__matched_clean__fixed_q96,selection_val,authentic,-6.398440361022949,0.0016613859916105866,epoch_014,42,fixed_q96,jpeg,"{""cell_id"":""jpeg_q70"",""name"":""jpeg"",""output_format"":""JPEG"",""parameter"":70,""stochastic"":false}",sid_set,unknown,unknown,unknown
sid_set_0f2aff5c7415f8e709f6__matched_clean__fixed_q96__benchmark__jpeg_q50,sid_set_0f2aff5c7415f8e709f6,sid_set_0f2aff5c7415f8e709f6__matched_clean__fixed_q96,selection_val,authentic,-6.349708557128906,0.0017442087410017848,epoch_014,42,fixed_q96,jpeg,"{""cell_id"":""jpeg_q50"",""name"":""jpeg"",""output_format"":""JPEG"",""parameter"":50,""stochastic"":false}",sid_set,unknown,unknown,unknown
sid_set_0f2aff5c7415f8e709f6__matched_clean__fixed_q96__benchmark__jpeg_q30,sid_set_0f2aff5c7415f8e709f6,sid_set_0f2aff5c7415f8e709f6__matched_clean__fixed_q96,selection_val,authentic,-6.0101470947265625,0.0024477210827171803,epoch_014,42,fixed_q96,jpeg,"{""cell_id"":""jpeg_q30"",""name"":""jpeg"",""output_format"":""JPEG"",""parameter"":30,""stochastic"":false}",sid_set,unknown,unknown,unknown
sid_set_0f2aff5c7415f8e709f6__matched_clean__fixed_q96__benchmark__blur_sigma_0.5,sid_set_0f2aff5c7415f8e709f6,sid_set_0f2aff5c7415f8e709f6__matched_clean__fixed_q96,selection_val,authentic,-8.422300338745117,0.00021985985222272575,epoch_014,42,fixed_q96,blur,"{""cell_id"":""blur_sigma_0.5"",""name"":""blur"",""output_format"":""PNG"",""parameter"":0.5,""stochastic"":false}",sid_set,unknown,unknown,unknown
sid_set_0f2aff5c7415f8e709f6__matched_clean__fixed_q96__benchmark__blur_sigma_1.0,sid_set_0f2aff5c7415f8e709f6,sid_set_0f2aff5c7415f8e709f6__matched_clean__fixed_q96,selection_val,authentic,-7.079065322875977,0.0008418509969487786,epoch_014,42,fixed_q96,blur,"{""cell_id"":""blur_sigma_1.0"",""name"":""blur"",""output_format"":""PNG"",""parameter"":1.0,""stochastic"":false}",sid_set,unknown,unknown,unknown
sid_set_0f2aff5c7415f8e709f6__matched_clean__fixed_q96__benchmark__blur_sigma_2.0,sid_set_0f2aff5c7415f8e709f6,sid_set_0f2aff5c7415f8e709f6__matched_clean__fixed_q96,selection_val,authentic,-4.6441121101379395,0.009526439942419529,epoch_014,42,fixed_q96,blur,"{""cell_id"":""blur_sigma_2.0"",""name"":""blur"",""output_format"":""PNG"",""parameter"":2.0,""stochastic"":false}",sid_set,unknown,unknown,unknown
sid_set_0f2aff5c7415f8e709f6__matched_clean__fixed_q96__benchmark__resize_scale_0.5,sid_set_0f2aff5c7415f8e709f6,sid_set_0f2aff5c7415f8e709f6__matched_clean__fixed_q96,selection_val,authentic,-5.51666784286499,0.004003128968179226,epoch_014,42,fixed_q96,resize,"{""cell_id"":""resize_scale_0.5"",""name"":""resize"",""output_format"":""PNG"",""parameter"":0.5,""stochastic"":false}",sid_set,unknown,unknown,unknown
sid_set_0f2aff5c7415f8e709f6__matched_clean__fixed_q96__benchmark__resize_scale_0.25,sid_set_0f2aff5c7415f8e709f6,sid_set_0f2aff5c7415f8e709f6__matched_clean__fixed_q96,selection_val,authentic,-4.723210334777832,0.008808327838778496,epoch_014,42,fixed_q96,resize,"{""cell_id"":""resize_scale_0.25"",""name"":""resize"",""output_format"":""PNG"",""parameter"":0.25,""stochastic"":false}",sid_set,unknown,unknown,unknown
sid_set_0f2aff5c7415f8e709f6__matched_clean__fixed_q96__benchmark__noise_sigma_0.02,sid_set_0f2aff5c7415f8e709f6,sid_set_0f2aff5c7415f8e709f6__matched_clean__fixed_q96,selection_val,authentic,-6.484692573547363,0.0015243029920384288,epoch_014,42,fixed_q96,noise,"{""cell_id"":""noise_sigma_0.02"",""name"":""noise"",""output_format"":""PNG"",""parameter"":0.02,""stochastic"":true}",sid_set,unknown,unknown,unknown
sid_set_0f2aff5c7415f8e709f6__matched_clean__fixed_q96__benchmark__noise_sigma_0.05,sid_set_0f2aff5c7415f8e709f6,sid_set_0f2aff5c7415f8e709f6__matched_clean__fixed_q96,selection_val,authentic,-5.834971904754639,0.002914983546361327,epoch_014,42,fixed_q96,noise,"{""cell_id"":""noise_sigma_0.05"",""name"":""noise"",""output_format"":""PNG"",""parameter"":0.05,""stochastic"":true}",sid_set,unknown,unknown,unknown
sid_set_0f2aff5c7415f8e709f6__matched_clean__fixed_q96__benchmark__noise_sigma_0.1,sid_set_0f2aff5c7415f8e709f6,sid_set_0f2aff5c7415f8e709f6__matched_clean__fixed_q96,selection_val,authentic,-5.439001083374023,0.004325033165514469,epoch_014,42,fixed_q96,noise,"{""cell_id"":""noise_sigma_0.1"",""name"":""noise"",""output_format"":""PNG"",""parameter"":0.1,""stochastic"":true}",sid_set,unknown,unknown,unknown
sid_set_0f2aff5c7415f8e709f6__matched_clean__fixed_q96__benchmark__color_jitter_0.2,sid_set_0f2aff5c7415f8e709f6,sid_set_0f2aff5c7415f8e709f6__matched_clean__fixed_q96,selection_val,authentic,-7.534060001373291,0.0005342779331840575,epoch_014,42,fixed_q96,color_jitter,"{""cell_id"":""color_jitter_0.2"",""name"":""color_jitter"",""output_format"":""PNG"",""parameter"":0.2,""stochastic"":true}",sid_set,unknown,unknown,unknown
sid_set_0f2aff5c7415f8e709f6__matched_clean__fixed_q96__benchmark__center_crop_0.8,sid_set_0f2aff5c7415f8e709f6,sid_set_0f2aff5c7415f8e709f6__matched_clean__fixed_q96,selection_val,authentic,-7.844442844390869,0.00039177038706839085,epoch_014,42,fixed_q96,center_crop,"{""cell_id"":""center_crop_0.8"",""name"":""center_crop"",""output_format"":""PNG"",""parameter"":0.8,""stochastic"":false}",sid_set,unknown,unknown,unknown
sid_set_0f47bb2b877279917392__matched_clean__fixed_q96__benchmark__jpeg_q90,sid_set_0f47bb2b877279917392,sid_set_0f47bb2b877279917392__matched_clean__fixed_q96,selection_val,ai_generated,4.950560569763184,0.9929702877998352,epoch_014,42,fixed_q96,jpeg,"{""cell_id"":""jpeg_q90"",""name"":""jpeg"",""output_format"":""JPEG"",""parameter"":90,""stochastic"":false}",sid_set,unknown,unknown,unknown
sid_set_0f47bb2b877279917392__matched_clean__fixed_q96__benchmark__jpeg_q70,sid_set_0f47bb2b877279917392,sid_set_0f47bb2b877279917392__matched_clean__fixed_q96,selection_val,ai_generated,5.254965305328369,0.994805634021759,epoch_014,42,fixed_q96,jpeg,"{""cell_id"":""jpeg_q70"",""name"":""jpeg"",""output_format"":""JPEG"",""parameter"":70,""stochastic"":false}",sid_set,unknown,unknown,unknown
sid_set_0f47bb2b877279917392__matched_clean__fixed_q96__benchmark__jpeg_q50,sid_set_0f47bb2b877279917392,sid_set_0f47bb2b877279917392__matched_clean__fixed_q96,selection_val,ai_generated,5.049665927886963,0.9936293959617615,epoch_014,42,fixed_q96,jpeg,"{""cell_id"":""jpeg_q50"",""name"":""jpeg"",""output_format"":""JPEG"",""parameter"":50,""stochastic"":false}",sid_set,unknown,unknown,unknown
sid_set_0f47bb2b877279917392__matched_clean__fixed_q96__benchmark__jpeg_q30,sid_set_0f47bb2b877279917392,sid_set_0f47bb2b877279917392__matched_clean__fixed_q96,selection_val,ai_generated,4.330013751983643,0.987003743648529,epoch_014,42,fixed_q96,jpeg,"{""cell_id"":""jpeg_q30"",""name"":""jpeg"",""output_format"":""JPEG"",""parameter"":30,""stochastic"":false}",sid_set,unknown,unknown,unknown
sid_set_0f47bb2b877279917392__matched_clean__fixed_q96__benchmark__blur_sigma_0.5,sid_set_0f47bb2b877279917392,sid_set_0f47bb2b877279917392__matched_clean__fixed_q96,selection_val,ai_generated,4.0886735916137695,0.9835149049758911,epoch_014,42,fixed_q96,blur,"{""cell_id"":""blur_sigma_0.5"",""name"":""blur"",""output_format"":""PNG"",""parameter"":0.5,""stochastic"":false}",sid_set,unknown,unknown,unknown
sid_set_0f47bb2b877279917392__matched_clean__fixed_q96__benchmark__blur_sigma_1.0,sid_set_0f47bb2b877279917392,sid_set_0f47bb2b877279917392__matched_clean__fixed_q96,selection_val,ai_generated,4.324594497680664,0.9869340658187866,epoch_014,42,fixed_q96,blur,"{""cell_id"":""blur_sigma_1.0"",""name"":""blur"",""output_format"":""PNG"",""parameter"":1.0,""stochastic"":false}",sid_set,unknown,unknown,unknown
sid_set_0f47bb2b877279917392__matched_clean__fixed_q96__benchmark__blur_sigma_2.0,sid_set_0f47bb2b877279917392,sid_set_0f47bb2b877279917392__matched_clean__fixed_q96,selection_val,ai_generated,3.6152098178863525,0.9737939834594727,epoch_014,42,fixed_q96,blur,"{""cell_id"":""blur_sigma_2.0"",""name"":""blur"",""output_format"":""PNG"",""parameter"":2.0,""stochastic"":false}",sid_set,unknown,unknown,unknown
sid_set_0f47bb2b877279917392__matched_clean__fixed_q96__benchmark__resize_scale_0.5,sid_set_0f47bb2b877279917392,sid_set_0f47bb2b877279917392__matched_clean__fixed_q96,selection_val,ai_generated,4.756155490875244,0.9914747476577759,epoch_014,42,fixed_q96,resize,"{""cell_id"":""resize_scale_0.5"",""name"":""resize"",""output_format"":""PNG"",""parameter"":0.5,""stochastic"":false}",sid_set,unknown,unknown,unknown
sid_set_0f47bb2b877279917392__matched_clean__fixed_q96__benchmark__resize_scale_0.25,sid_set_0f47bb2b877279917392,sid_set_0f47bb2b877279917392__matched_clean__fixed_q96,selection_val,ai_generated,3.4342079162597656,0.9687566161155701,epoch_014,42,fixed_q96,resize,"{""cell_id"":""resize_scale_0.25"",""name"":""resize"",""output_format"":""PNG"",""parameter"":0.25,""stochastic"":false}",sid_set,unknown,unknown,unknown
sid_set_0f47bb2b877279917392__matched_clean__fixed_q96__benchmark__noise_sigma_0.02,sid_set_0f47bb2b877279917392,sid_set_0f47bb2b877279917392__matched_clean__fixed_q96,selection_val,ai_generated,4.699393272399902,0.9909812808036804,epoch_014,42,fixed_q96,noise,"{""cell_id"":""noise_sigma_0.02"",""name"":""noise"",""output_format"":""PNG"",""parameter"":0.02,""stochastic"":true}",sid_set,unknown,unknown,unknown
sid_set_0f47bb2b877279917392__matched_clean__fixed_q96__benchmark__noise_sigma_0.05,sid_set_0f47bb2b877279917392,sid_set_0f47bb2b877279917392__matched_clean__fixed_q96,selection_val,ai_generated,2.8574607372283936,0.9457030296325684,epoch_014,42,fixed_q96,noise,"{""cell_id"":""noise_sigma_0.05"",""name"":""noise"",""output_format"":""PNG"",""parameter"":0.05,""stochastic"":true}",sid_set,unknown,unknown,unknown
sid_set_0f47bb2b877279917392__matched_clean__fixed_q96__benchmark__noise_sigma_0.1,sid_set_0f47bb2b877279917392,sid_set_0f47bb2b877279917392__matched_clean__fixed_q96,selection_val,ai_generated,2.13846492767334,0.894585907459259,epoch_014,42,fixed_q96,noise,"{""cell_id"":""noise_sigma_0.1"",""name"":""noise"",""output_format"":""PNG"",""parameter"":0.1,""stochastic"":true}",sid_set,unknown,unknown,unknown
sid_set_0f47bb2b877279917392__matched_clean__fixed_q96__benchmark__color_jitter_0.2,sid_set_0f47bb2b877279917392,sid_set_0f47bb2b877279917392__matched_clean__fixed_q96,selection_val,ai_generated,5.952034950256348,0.9974061846733093,epoch_014,42,fixed_q96,color_jitter,"{""cell_id"":""color_jitter_0.2"",""name"":""color_jitter"",""output_format"":""PNG"",""parameter"":0.2,""stochastic"":true}",sid_set,unknown,unknown,unknown
sid_set_0f47bb2b877279917392__matched_clean__fixed_q96__benchmark__center_crop_0.8,sid_set_0f47bb2b877279917392,sid_set_0f47bb2b877279917392__matched_clean__fixed_q96,selection_val,ai_generated,5.864165306091309,0.9971686005592346,epoch_014,42,fixed_q96,center_crop,"{""cell_id"":""center_crop_0.8"",""name"":""center_crop"",""output_format"":""PNG"",""parameter"":0.8,""stochastic"":false}",sid_set,unknown,unknown,unknown
sid_set_0f50a21db9233363f387__matched_clean__fixed_q96__benchmark__jpeg_q90,sid_set_0f50a21db9233363f387,sid_set_0f50a21db9233363f387__matched_clean__fixed_q96,selection_val,authentic,-9.321243286132812,8.949455514084548e-05,epoch_014,42,fixed_q96,jpeg,"{""cell_id"":""jpeg_q90"",""name"":""jpeg"",""output_format"":""JPEG"",""parameter"":90,""stochastic"":false}",sid_set,unknown,unknown,unknown
sid_set_0f50a21db9233363f387__matched_clean__fixed_q96__benchmark__jpeg_q70,sid_set_0f50a21db9233363f387,sid_set_0f50a21db9233363f387__matched_clean__fixed_q96,selection_val,authentic,-8.442658424377441,0.00021543014736380428,epoch_014,42,fixed_q96,jpeg,"{""cell_id"":""jpeg_q70"",""name"":""jpeg"",""output_format"":""JPEG"",""parameter"":70,""stochastic"":false}",sid_set,unknown,unknown,unknown
sid_set_0f50a21db9233363f387__matched_clean__fixed_q96__benchmark__jpeg_q50,sid_set_0f50a21db9233363f387,sid_set_0f50a21db9233363f387__matched_clean__fixed_q96,selection_val,authentic,-7.572147846221924,0.0005143213784322143,epoch_014,42,fixed_q96,jpeg,"{""cell_id"":""jpeg_q50"",""name"":""jpeg"",""output_format"":""JPEG"",""parameter"":50,""stochastic"":false}",sid_set,unknown,unknown,unknown
sid_set_0f50a21db9233363f387__matched_clean__fixed_q96__benchmark__jpeg_q30,sid_set_0f50a21db9233363f387,sid_set_0f50a21db9233363f387__matched_clean__fixed_q96,selection_val,authentic,-7.959051609039307,0.00034936232259497046,epoch_014,42,fixed_q96,jpeg,"{""cell_id"":""jpeg_q30"",""name"":""jpeg"",""output_format"":""JPEG"",""parameter"":30,""stochastic"":false}",sid_set,unknown,unknown,unknown
sid_set_0f50a21db9233363f387__matched_clean__fixed_q96__benchmark__blur_sigma_0.5,sid_set_0f50a21db9233363f387,sid_set_0f50a21db9233363f387__matched_clean__fixed_q96,selection_val,authentic,-8.910895347595215,0.00013489279081113636,epoch_014,42,fixed_q96,blur,"{""cell_id"":""blur_sigma_0.5"",""name"":""blur"",""output_format"":""PNG"",""parameter"":0.5,""stochastic"":false}",sid_set,unknown,unknown,unknown
sid_set_0f50a21db9233363f387__matched_clean__fixed_q96__benchmark__blur_sigma_1.0,sid_set_0f50a21db9233363f387,sid_set_0f50a21db9233363f387__matched_clean__fixed_q96,selection_val,authentic,-8.055225372314453,0.0003173380973748863,epoch_014,42,fixed_q96,blur,"{""cell_id"":""blur_sigma_1.0"",""name"":""blur"",""output_format"":""PNG"",""parameter"":1.0,""stochastic"":false}",sid_set,unknown,unknown,unknown
sid_set_0f50a21db9233363f387__matched_clean__fixed_q96__benchmark__blur_sigma_2.0,sid_set_0f50a21db9233363f387,sid_set_0f50a21db9233363f387__matched_clean__fixed_q96,selection_val,authentic,-6.728483200073242,0.0011949166655540466,epoch_014,42,fixed_q96,blur,"{""cell_id"":""blur_sigma_2.0"",""name"":""blur"",""output_format"":""PNG"",""parameter"":2.0,""stochastic"":false}",sid_set,unknown,unknown,unknown
sid_set_0f50a21db9233363f387__matched_clean__fixed_q96__benchmark__resize_scale_0.5,sid_set_0f50a21db9233363f387,sid_set_0f50a21db9233363f387__matched_clean__fixed_q96,selection_val,authentic,-7.006214141845703,0.0009054124820977449,epoch_014,42,fixed_q96,resize,"{""cell_id"":""resize_scale_0.5"",""name"":""resize"",""output_format"":""PNG"",""parameter"":0.5,""stochastic"":false}",sid_set,unknown,unknown,unknown
sid_set_0f50a21db9233363f387__matched_clean__fixed_q96__benchmark__resize_scale_0.25,sid_set_0f50a21db9233363f387,sid_set_0f50a21db9233363f387__matched_clean__fixed_q96,selection_val,authentic,-6.704521656036377,0.0012238591443747282,epoch_014,42,fixed_q96,resize,"{""cell_id"":""resize_scale_0.25"",""name"":""resize"",""output_format"":""PNG"",""parameter"":0.25,""stochastic"":false}",sid_set,unknown,unknown,unknown
sid_set_0f50a21db9233363f387__matched_clean__fixed_q96__benchmark__noise_sigma_0.02,sid_set_0f50a21db9233363f387,sid_set_0f50a21db9233363f387__matched_clean__fixed_q96,selection_val,authentic,-6.773275375366211,0.001142634660936892,epoch_014,42,fixed_q96,noise,"{""cell_id"":""noise_sigma_0.02"",""name"":""noise"",""output_format"":""PNG"",""parameter"":0.02,""stochastic"":true}",sid_set,unknown,unknown,unknown
sid_set_0f50a21db9233363f387__matched_clean__fixed_q96__benchmark__noise_sigma_0.05,sid_set_0f50a21db9233363f387,sid_set_0f50a21db9233363f387__matched_clean__fixed_q96,selection_val,authentic,-5.337660312652588,0.004784107208251953,epoch_014,42,fixed_q96,noise,"{""cell_id"":""noise_sigma_0.05"",""name"":""noise"",""output_format"":""PNG"",""parameter"":0.05,""stochastic"":true}",sid_set,unknown,unknown,unknown
sid_set_0f50a21db9233363f387__matched_clean__fixed_q96__benchmark__noise_sigma_0.1,sid_set_0f50a21db9233363f387,sid_set_0f50a21db9233363f387__matched_clean__fixed_q96,selection_val,authentic,-6.222967624664307,0.0019794246181845665,epoch_014,42,fixed_q96,noise,"{""cell_id"":""noise_sigma_0.1"",""name"":""noise"",""output_format"":""PNG"",""parameter"":0.1,""stochastic"":true}",sid_set,unknown,unknown,unknown
sid_set_0f50a21db9233363f387__matched_clean__fixed_q96__benchmark__color_jitter_0.2,sid_set_0f50a21db9233363f387,sid_set_0f50a21db9233363f387__matched_clean__fixed_q96,selection_val,authentic,-9.713336944580078,6.046793350833468e-05,epoch_014,42,fixed_q96,color_jitter,"{""cell_id"":""color_jitter_0.2"",""name"":""color_jitter"",""output_format"":""PNG"",""parameter"":0.2,""stochastic"":true}",sid_set,unknown,unknown,unknown
sid_set_0f50a21db9233363f387__matched_clean__fixed_q96__benchmark__center_crop_0.8,sid_set_0f50a21db9233363f387,sid_set_0f50a21db9233363f387__matched_clean__fixed_q96,selection_val,authentic,-8.588010787963867,0.00018629163969308138,epoch_014,42,fixed_q96,center_crop,"{""cell_id"":""center_crop_0.8"",""name"":""center_crop"",""output_format"":""PNG"",""parameter"":0.8,""stochastic"":false}",sid_set,unknown,unknown,unknown
sid_set_0f6be40c62455553189a__matched_clean__fixed_q96__benchmark__jpeg_q90,sid_set_0f6be40c62455553189a,sid_set_0f6be40c62455553189a__matched_clean__fixed_q96,selection_val,ai_generated,4.3440093994140625,0.9871820211410522,epoch_014,42,fixed_q96,jpeg,"{""cell_id"":""jpeg_q90"",""name"":""jpeg"",""output_format"":""JPEG"",""parameter"":90,""stochastic"":false}",sid_set,unknown,unknown,unknown
sid_set_0f6be40c62455553189a__matched_clean__fixed_q96__benchmark__jpeg_q70,sid_set_0f6be40c62455553189a,sid_set_0f6be40c62455553189a__matched_clean__fixed_q96,selection_val,ai_generated,5.0604095458984375,0.9936969876289368,epoch_014,42,fixed_q96,jpeg,"{""cell_id"":""jpeg_q70"",""name"":""jpeg"",""output_format"":""JPEG"",""parameter"":70,""stochastic"":false}",sid_set,unknown,unknown,unknown
sid_set_0f6be40c62455553189a__matched_clean__fixed_q96__benchmark__jpeg_q50,sid_set_0f6be40c62455553189a,sid_set_0f6be40c62455553189a__matched_clean__fixed_q96,selection_val,ai_generated,4.0841145515441895,0.9834407567977905,epoch_014,42,fixed_q96,jpeg,"{""cell_id"":""jpeg_q50"",""name"":""jpeg"",""output_format"":""JPEG"",""parameter"":50,""stochastic"":false}",sid_set,unknown,unknown,unknown
sid_set_0f6be40c62455553189a__matched_clean__fixed_q96__benchmark__jpeg_q30,sid_set_0f6be40c62455553189a,sid_set_0f6be40c62455553189a__matched_clean__fixed_q96,selection_val,ai_generated,4.450878143310547,0.9884662628173828,epoch_014,42,fixed_q96,jpeg,"{""cell_id"":""jpeg_q30"",""name"":""jpeg"",""output_format"":""JPEG"",""parameter"":30,""stochastic"":false}",sid_set,unknown,unknown,unknown
sid_set_0f6be40c62455553189a__matched_clean__fixed_q96__benchmark__blur_sigma_0.5,sid_set_0f6be40c62455553189a,sid_set_0f6be40c62455553189a__matched_clean__fixed_q96,selection_val,ai_generated,4.590646266937256,0.9899556636810303,epoch_014,42,fixed_q96,blur,"{""cell_id"":""blur_sigma_0.5"",""name"":""blur"",""output_format"":""PNG"",""parameter"":0.5,""stochastic"":false}",sid_set,unknown,unknown,unknown
sid_set_0f6be40c62455553189a__matched_clean__fixed_q96__benchmark__blur_sigma_1.0,sid_set_0f6be40c62455553189a,sid_set_0f6be40c62455553189a__matched_clean__fixed_q96,selection_val,ai_generated,5.788078308105469,0.9969454407691956,epoch_014,42,fixed_q96,blur,"{""cell_id"":""blur_sigma_1.0"",""name"":""blur"",""output_format"":""PNG"",""parameter"":1.0,""stochastic"":false}",sid_set,unknown,unknown,unknown
sid_set_0f6be40c62455553189a__matched_clean__fixed_q96__benchmark__blur_sigma_2.0,sid_set_0f6be40c62455553189a,sid_set_0f6be40c62455553189a__matched_clean__fixed_q96,selection_val,ai_generated,5.455612659454346,0.9957459568977356,epoch_014,42,fixed_q96,blur,"{""cell_id"":""blur_sigma_2.0"",""name"":""blur"",""output_format"":""PNG"",""parameter"":2.0,""stochastic"":false}",sid_set,unknown,unknown,unknown
sid_set_0f6be40c62455553189a__matched_clean__fixed_q96__benchmark__resize_scale_0.5,sid_set_0f6be40c62455553189a,sid_set_0f6be40c62455553189a__matched_clean__fixed_q96,selection_val,ai_generated,5.690369606018066,0.996632993221283,epoch_014,42,fixed_q96,resize,"{""cell_id"":""resize_scale_0.5"",""name"":""resize"",""output_format"":""PNG"",""parameter"":0.5,""stochastic"":false}",sid_set,unknown,unknown,unknown
sid_set_0f6be40c62455553189a__matched_clean__fixed_q96__benchmark__resize_scale_0.25,sid_set_0f6be40c62455553189a,sid_set_0f6be40c62455553189a__matched_clean__fixed_q96,selection_val,ai_generated,4.469423294067383,0.9886758327484131,epoch_014,42,fixed_q96,resize,"{""cell_id"":""resize_scale_0.25"",""name"":""resize"",""output_format"":""PNG"",""parameter"":0.25,""stochastic"":false}",sid_set,unknown,unknown,unknown
sid_set_0f6be40c62455553189a__matched_clean__fixed_q96__benchmark__noise_sigma_0.02,sid_set_0f6be40c62455553189a,sid_set_0f6be40c62455553189a__matched_clean__fixed_q96,selection_val,ai_generated,3.9309241771698,0.9807522296905518,epoch_014,42,fixed_q96,noise,"{""cell_id"":""noise_sigma_0.02"",""name"":""noise"",""output_format"":""PNG"",""parameter"":0.02,""stochastic"":true}",sid_set,unknown,unknown,unknown
sid_set_0f6be40c62455553189a__matched_clean__fixed_q96__benchmark__noise_sigma_0.05,sid_set_0f6be40c62455553189a,sid_set_0f6be40c62455553189a__matched_clean__fixed_q96,selection_val,ai_generated,2.8789873123168945,0.9467978477478027,epoch_014,42,fixed_q96,noise,"{""cell_id"":""noise_sigma_0.05"",""name"":""noise"",""output_format"":""PNG"",""parameter"":0.05,""stochastic"":true}",sid_set,unknown,unknown,unknown
sid_set_0f6be40c62455553189a__matched_clean__fixed_q96__benchmark__noise_sigma_0.1,sid_set_0f6be40c62455553189a,sid_set_0f6be40c62455553189a__matched_clean__fixed_q96,selection_val,ai_generated,2.584402084350586,0.9298509955406189,epoch_014,42,fixed_q96,noise,"{""cell_id"":""noise_sigma_0.1"",""name"":""noise"",""output_format"":""PNG"",""parameter"":0.1,""stochastic"":true}",sid_set,unknown,unknown,unknown
sid_set_0f6be40c62455553189a__matched_clean__fixed_q96__benchmark__color_jitter_0.2,sid_set_0f6be40c62455553189a,sid_set_0f6be40c62455553189a__matched_clean__fixed_q96,selection_val,ai_generated,4.808842182159424,0.9919087290763855,epoch_014,42,fixed_q96,color_jitter,"{""cell_id"":""color_jitter_0.2"",""name"":""color_jitter"",""output_format"":""PNG"",""parameter"":0.2,""stochastic"":true}",sid_set,unknown,unknown,unknown
sid_set_0f6be40c62455553189a__matched_clean__fixed_q96__benchmark__center_crop_0.8,sid_set_0f6be40c62455553189a,sid_set_0f6be40c62455553189a__matched_clean__fixed_q96,selection_val,ai_generated,5.365554332733154,0.9953468441963196,epoch_014,42,fixed_q96,center_crop,"{""cell_id"":""center_crop_0.8"",""name"":""center_crop"",""output_format"":""PNG"",""parameter"":0.8,""stochastic"":false}",sid_set,unknown,unknown,unknown
sid_set_0fdd832345c3fd023cde__matched_clean__fixed_q96__benchmark__jpeg_q90,sid_set_0fdd832345c3fd023cde,sid_set_0fdd832345c3fd023cde__matched_clean__fixed_q96,selection_val,authentic,-1.1769654750823975,0.23559826612472534,epoch_014,42,fixed_q96,jpeg,"{""cell_id"":""jpeg_q90"",""name"":""jpeg"",""output_format"":""JPEG"",""parameter"":90,""stochastic"":false}",sid_set,unknown,unknown,unknown
sid_set_0fdd832345c3fd023cde__matched_clean__fixed_q96__benchmark__jpeg_q70,sid_set_0fdd832345c3fd023cde,sid_set_0fdd832345c3fd023cde__matched_clean__fixed_q96,selection_val,authentic,-0.7685652375221252,0.31678956747055054,epoch_014,42,fixed_q96,jpeg,"{""cell_id"":""jpeg_q70"",""name"":""jpeg"",""output_format"":""JPEG"",""parameter"":70,""stochastic"":false}",sid_set,unknown,unknown,unknown
sid_set_0fdd832345c3fd023cde__matched_clean__fixed_q96__benchmark__jpeg_q50,sid_set_0fdd832345c3fd023cde,sid_set_0fdd832345c3fd023cde__matched_clean__fixed_q96,selection_val,authentic,-0.7208207249641418,0.32721230387687683,epoch_014,42,fixed_q96,jpeg,"{""cell_id"":""jpeg_q50"",""name"":""jpeg"",""output_format"":""JPEG"",""parameter"":50,""stochastic"":false}",sid_set,unknown,unknown,unknown
sid_set_0fdd832345c3fd023cde__matched_clean__fixed_q96__benchmark__jpeg_q30,sid_set_0fdd832345c3fd023cde,sid_set_0fdd832345c3fd023cde__matched_clean__fixed_q96,selection_val,authentic,-0.8716718554496765,0.2949065566062927,epoch_014,42,fixed_q96,jpeg,"{""cell_id"":""jpeg_q30"",""name"":""jpeg"",""output_format"":""JPEG"",""parameter"":30,""stochastic"":false}",sid_set,unknown,unknown,unknown
sid_set_0fdd832345c3fd023cde__matched_clean__fixed_q96__benchmark__blur_sigma_0.5,sid_set_0fdd832345c3fd023cde,sid_set_0fdd832345c3fd023cde__matched_clean__fixed_q96,selection_val,authentic,-2.0266613960266113,0.11643193662166595,epoch_014,42,fixed_q96,blur,"{""cell_id"":""blur_sigma_0.5"",""name"":""blur"",""output_format"":""PNG"",""parameter"":0.5,""stochastic"":false}",sid_set,unknown,unknown,unknown
sid_set_0fdd832345c3fd023cde__matched_clean__fixed_q96__benchmark__blur_sigma_1.0,sid_set_0fdd832345c3fd023cde,sid_set_0fdd832345c3fd023cde__matched_clean__fixed_q96,selection_val,authentic,-1.6471748352050781,0.16149115562438965,epoch_014,42,fixed_q96,blur,"{""cell_id"":""blur_sigma_1.0"",""name"":""blur"",""output_format"":""PNG"",""parameter"":1.0,""stochastic"":false}",sid_set,unknown,unknown,unknown
sid_set_0fdd832345c3fd023cde__matched_clean__fixed_q96__benchmark__blur_sigma_2.0,sid_set_0fdd832345c3fd023cde,sid_set_0fdd832345c3fd023cde__matched_clean__fixed_q96,selection_val,authentic,-1.011944055557251,0.2665995657444,epoch_014,42,fixed_q96,blur,"{""cell_id"":""blur_sigma_2.0"",""name"":""blur"",""output_format"":""PNG"",""parameter"":2.0,""stochastic"":false}",sid_set,unknown,unknown,unknown
sid_set_0fdd832345c3fd023cde__matched_clean__fixed_q96__benchmark__resize_scale_0.5,sid_set_0fdd832345c3fd023cde,sid_set_0fdd832345c3fd023cde__matched_clean__fixed_q96,selection_val,authentic,-1.1666126251220703,0.23746782541275024,epoch_014,42,fixed_q96,resize,"{""cell_id"":""resize_scale_0.5"",""name"":""resize"",""output_format"":""PNG"",""parameter"":0.5,""stochastic"":false}",sid_set,unknown,unknown,unknown
sid_set_0fdd832345c3fd023cde__matched_clean__fixed_q96__benchmark__resize_scale_0.25,sid_set_0fdd832345c3fd023cde,sid_set_0fdd832345c3fd023cde__matched_clean__fixed_q96,selection_val,authentic,-1.4041461944580078,0.19715899229049683,epoch_014,42,fixed_q96,resize,"{""cell_id"":""resize_scale_0.25"",""name"":""resize"",""output_format"":""PNG"",""parameter"":0.25,""stochastic"":false}",sid_set,unknown,unknown,unknown
sid_set_0fdd832345c3fd023cde__matched_clean__fixed_q96__benchmark__noise_sigma_0.02,sid_set_0fdd832345c3fd023cde,sid_set_0fdd832345c3fd023cde__matched_clean__fixed_q96,selection_val,authentic,-0.9532548785209656,0.2782306969165802,epoch_014,42,fixed_q96,noise,"{""cell_id"":""noise_sigma_0.02"",""name"":""noise"",""output_format"":""PNG"",""parameter"":0.02,""stochastic"":true}",sid_set,unknown,unknown,unknown
sid_set_0fdd832345c3fd023cde__matched_clean__fixed_q96__benchmark__noise_sigma_0.05,sid_set_0fdd832345c3fd023cde,sid_set_0fdd832345c3fd023cde__matched_clean__fixed_q96,selection_val,authentic,-0.889403760433197,0.2912328839302063,epoch_014,42,fixed_q96,noise,"{""cell_id"":""noise_sigma_0.05"",""name"":""noise"",""output_format"":""PNG"",""parameter"":0.05,""stochastic"":true}",sid_set,unknown,unknown,unknown
sid_set_0fdd832345c3fd023cde__matched_clean__fixed_q96__benchmark__noise_sigma_0.1,sid_set_0fdd832345c3fd023cde,sid_set_0fdd832345c3fd023cde__matched_clean__fixed_q96,selection_val,authentic,-0.3816724717617035,0.40572360157966614,epoch_014,42,fixed_q96,noise,"{""cell_id"":""noise_sigma_0.1"",""name"":""noise"",""output_format"":""PNG"",""parameter"":0.1,""stochastic"":true}",sid_set,unknown,unknown,unknown
sid_set_0fdd832345c3fd023cde__matched_clean__fixed_q96__benchmark__color_jitter_0.2,sid_set_0fdd832345c3fd023cde,sid_set_0fdd832345c3fd023cde__matched_clean__fixed_q96,selection_val,authentic,-0.9499507546424866,0.27889472246170044,epoch_014,42,fixed_q96,color_jitter,"{""cell_id"":""color_jitter_0.2"",""name"":""color_jitter"",""output_format"":""PNG"",""parameter"":0.2,""stochastic"":true}",sid_set,unknown,unknown,unknown
sid_set_0fdd832345c3fd023cde__matched_clean__fixed_q96__benchmark__center_crop_0.8,sid_set_0fdd832345c3fd023cde,sid_set_0fdd832345c3fd023cde__matched_clean__fixed_q96,selection_val,authentic,-1.059835433959961,0.2573409080505371,epoch_014,42,fixed_q96,center_crop,"{""cell_id"":""center_crop_0.8"",""name"":""center_crop"",""output_format"":""PNG"",""parameter"":0.8,""stochastic"":false}",sid_set,unknown,unknown,unknown
sid_set_10037af98b0c31253c61__matched_clean__fixed_q96__benchmark__jpeg_q90,sid_set_10037af98b0c31253c61,sid_set_10037af98b0c31253c61__matched_clean__fixed_q96,selection_val,authentic,-4.169878959655762,0.01521893497556448,epoch_014,42,fixed_q96,jpeg,"{""cell_id"":""jpeg_q90"",""name"":""jpeg"",""output_format"":""JPEG"",""parameter"":90,""stochastic"":false}",sid_set,unknown,unknown,unknown
sid_set_10037af98b0c31253c61__matched_clean__fixed_q96__benchmark__jpeg_q70,sid_set_10037af98b0c31253c61,sid_set_10037af98b0c31253c61__matched_clean__fixed_q96,selection_val,authentic,-3.5939924716949463,0.02675296925008297,epoch_014,42,fixed_q96,jpeg,"{""cell_id"":""jpeg_q70"",""name"":""jpeg"",""output_format"":""JPEG"",""parameter"":70,""stochastic"":false}",sid_set,unknown,unknown,unknown
sid_set_10037af98b0c31253c61__matched_clean__fixed_q96__benchmark__jpeg_q50,sid_set_10037af98b0c31253c61,sid_set_10037af98b0c31253c61__matched_clean__fixed_q96,selection_val,authentic,-3.667863368988037,0.024895358830690384,epoch_014,42,fixed_q96,jpeg,"{""cell_id"":""jpeg_q50"",""name"":""jpeg"",""output_format"":""JPEG"",""parameter"":50,""stochastic"":false}",sid_set,unknown,unknown,unknown
sid_set_10037af98b0c31253c61__matched_clean__fixed_q96__benchmark__jpeg_q30,sid_set_10037af98b0c31253c61,sid_set_10037af98b0c31253c61__matched_clean__fixed_q96,selection_val,authentic,-4.333712100982666,0.012948885560035706,epoch_014,42,fixed_q96,jpeg,"{""cell_id"":""jpeg_q30"",""name"":""jpeg"",""output_format"":""JPEG"",""parameter"":30,""stochastic"":false}",sid_set,unknown,unknown,unknown
sid_set_10037af98b0c31253c61__matched_clean__fixed_q96__benchmark__blur_sigma_0.5,sid_set_10037af98b0c31253c61,sid_set_10037af98b0c31253c61__matched_clean__fixed_q96,selection_val,authentic,-5.4486165046691895,0.0042838226072490215,epoch_014,42,fixed_q96,blur,"{""cell_id"":""blur_sigma_0.5"",""name"":""blur"",""output_format"":""PNG"",""parameter"":0.5,""stochastic"":false}",sid_set,unknown,unknown,unknown
sid_set_10037af98b0c31253c61__matched_clean__fixed_q96__benchmark__blur_sigma_1.0,sid_set_10037af98b0c31253c61,sid_set_10037af98b0c31253c61__matched_clean__fixed_q96,selection_val,authentic,-5.175314903259277,0.005622643046081066,epoch_014,42,fixed_q96,blur,"{""cell_id"":""blur_sigma_1.0"",""name"":""blur"",""output_format"":""PNG"",""parameter"":1.0,""stochastic"":false}",sid_set,unknown,unknown,unknown
sid_set_10037af98b0c31253c61__matched_clean__fixed_q96__benchmark__blur_sigma_2.0,sid_set_10037af98b0c31253c61,sid_set_10037af98b0c31253c61__matched_clean__fixed_q96,selection_val,authentic,-3.150738000869751,0.041062209755182266,epoch_014,42,fixed_q96,blur,"{""cell_id"":""blur_sigma_2.0"",""name"":""blur"",""output_format"":""PNG"",""parameter"":2.0,""stochastic"":false}",sid_set,unknown,unknown,unknown
sid_set_10037af98b0c31253c61__matched_clean__fixed_q96__benchmark__resize_scale_0.5,sid_set_10037af98b0c31253c61,sid_set_10037af98b0c31253c61__matched_clean__fixed_q96,selection_val,authentic,-3.446807861328125,0.03086419589817524,epoch_014,42,fixed_q96,resize,"{""cell_id"":""resize_scale_0.5"",""name"":""resize"",""output_format"":""PNG"",""parameter"":0.5,""stochastic"":false}",sid_set,unknown,unknown,unknown
sid_set_10037af98b0c31253c61__matched_clean__fixed_q96__benchmark__resize_scale_0.25,sid_set_10037af98b0c31253c61,sid_set_10037af98b0c31253c61__matched_clean__fixed_q96,selection_val,authentic,-3.0178935527801514,0.046624016016721725,epoch_014,42,fixed_q96,resize,"{""cell_id"":""resize_scale_0.25"",""name"":""resize"",""output_format"":""PNG"",""parameter"":0.25,""stochastic"":false}",sid_set,unknown,unknown,unknown
sid_set_10037af98b0c31253c61__matched_clean__fixed_q96__benchmark__noise_sigma_0.02,sid_set_10037af98b0c31253c61,sid_set_10037af98b0c31253c61__matched_clean__fixed_q96,selection_val,authentic,-4.214211940765381,0.014568586833775043,epoch_014,42,fixed_q96,noise,"{""cell_id"":""noise_sigma_0.02"",""name"":""noise"",""output_format"":""PNG"",""parameter"":0.02,""stochastic"":true}",sid_set,unknown,unknown,unknown
sid_set_10037af98b0c31253c61__matched_clean__fixed_q96__benchmark__noise_sigma_0.05,sid_set_10037af98b0c31253c61,sid_set_10037af98b0c31253c61__matched_clean__fixed_q96,selection_val,authentic,-3.878527879714966,0.020262200385332108,epoch_014,42,fixed_q96,noise,"{""cell_id"":""noise_sigma_0.05"",""name"":""noise"",""output_format"":""PNG"",""parameter"":0.05,""stochastic"":true}",sid_set,unknown,unknown,unknown
sid_set_10037af98b0c31253c61__matched_clean__fixed_q96__benchmark__noise_sigma_0.1,sid_set_10037af98b0c31253c61,sid_set_10037af98b0c31253c61__matched_clean__fixed_q96,selection_val,authentic,-3.2943432331085205,0.03576575964689255,epoch_014,42,fixed_q96,noise,"{""cell_id"":""noise_sigma_0.1"",""name"":""noise"",""output_format"":""PNG"",""parameter"":0.1,""stochastic"":true}",sid_set,unknown,unknown,unknown
sid_set_10037af98b0c31253c61__matched_clean__fixed_q96__benchmark__color_jitter_0.2,sid_set_10037af98b0c31253c61,sid_set_10037af98b0c31253c61__matched_clean__fixed_q96,selection_val,authentic,-4.277256011962891,0.013690661638975143,epoch_014,42,fixed_q96,color_jitter,"{""cell_id"":""color_jitter_0.2"",""name"":""color_jitter"",""output_format"":""PNG"",""parameter"":0.2,""stochastic"":true}",sid_set,unknown,unknown,unknown
sid_set_10037af98b0c31253c61__matched_clean__fixed_q96__benchmark__center_crop_0.8,sid_set_10037af98b0c31253c61,sid_set_10037af98b0c31253c61__matched_clean__fixed_q96,selection_val,authentic,-3.203256368637085,0.0390433631837368,epoch_014,42,fixed_q96,center_crop,"{""cell_id"":""center_crop_0.8"",""name"":""center_crop"",""output_format"":""PNG"",""parameter"":0.8,""stochastic"":false}",sid_set,unknown,unknown,unknown
sid_set_10176049fd49f0cf20ac__matched_clean__fixed_q96__benchmark__jpeg_q90,sid_set_10176049fd49f0cf20ac,sid_set_10176049fd49f0cf20ac__matched_clean__fixed_q96,selection_val,ai_generated,6.848647117614746,0.9989402890205383,epoch_014,42,fixed_q96,jpeg,"{""cell_id"":""jpeg_q90"",""name"":""jpeg"",""output_format"":""JPEG"",""parameter"":90,""stochastic"":false}",sid_set,unknown,unknown,unknown
sid_set_10176049fd49f0cf20ac__matched_clean__fixed_q96__benchmark__jpeg_q70,sid_set_10176049fd49f0cf20ac,sid_set_10176049fd49f0cf20ac__matched_clean__fixed_q96,selection_val,ai_generated,7.087977886199951,0.9991656541824341,epoch_014,42,fixed_q96,jpeg,"{""cell_id"":""jpeg_q70"",""name"":""jpeg"",""output_format"":""JPEG"",""parameter"":70,""stochastic"":false}",sid_set,unknown,unknown,unknown
sid_set_10176049fd49f0cf20ac__matched_clean__fixed_q96__benchmark__jpeg_q50,sid_set_10176049fd49f0cf20ac,sid_set_10176049fd49f0cf20ac__matched_clean__fixed_q96,selection_val,ai_generated,6.646566867828369,0.9987032413482666,epoch_014,42,fixed_q96,jpeg,"{""cell_id"":""jpeg_q50"",""name"":""jpeg"",""output_format"":""JPEG"",""parameter"":50,""stochastic"":false}",sid_set,unknown,unknown,unknown
sid_set_10176049fd49f0cf20ac__matched_clean__fixed_q96__benchmark__jpeg_q30,sid_set_10176049fd49f0cf20ac,sid_set_10176049fd49f0cf20ac__matched_clean__fixed_q96,selection_val,ai_generated,6.205916404724121,0.9979865550994873,epoch_014,42,fixed_q96,jpeg,"{""cell_id"":""jpeg_q30"",""name"":""jpeg"",""output_format"":""JPEG"",""parameter"":30,""stochastic"":false}",sid_set,unknown,unknown,unknown
sid_set_10176049fd49f0cf20ac__matched_clean__fixed_q96__benchmark__blur_sigma_0.5,sid_set_10176049fd49f0cf20ac,sid_set_10176049fd49f0cf20ac__matched_clean__fixed_q96,selection_val,ai_generated,6.738296031951904,0.998816728591919,epoch_014,42,fixed_q96,blur,"{""cell_id"":""blur_sigma_0.5"",""name"":""blur"",""output_format"":""PNG"",""parameter"":0.5,""stochastic"":false}",sid_set,unknown,unknown,unknown
sid_set_10176049fd49f0cf20ac__matched_clean__fixed_q96__benchmark__blur_sigma_1.0,sid_set_10176049fd49f0cf20ac,sid_set_10176049fd49f0cf20ac__matched_clean__fixed_q96,selection_val,ai_generated,7.090381145477295,0.9991676807403564,epoch_014,42,fixed_q96,blur,"{""cell_id"":""blur_sigma_1.0"",""name"":""blur"",""output_format"":""PNG"",""parameter"":1.0,""stochastic"":false}",sid_set,unknown,unknown,unknown
sid_set_10176049fd49f0cf20ac__matched_clean__fixed_q96__benchmark__blur_sigma_2.0,sid_set_10176049fd49f0cf20ac,sid_set_10176049fd49f0cf20ac__matched_clean__fixed_q96,selection_val,ai_generated,6.212683200836182,0.9980000853538513,epoch_014,42,fixed_q96,blur,"{""cell_id"":""blur_sigma_2.0"",""name"":""blur"",""output_format"":""PNG"",""parameter"":2.0,""stochastic"":false}",sid_set,unknown,unknown,unknown
sid_set_10176049fd49f0cf20ac__matched_clean__fixed_q96__benchmark__resize_scale_0.5,sid_set_10176049fd49f0cf20ac,sid_set_10176049fd49f0cf20ac__matched_clean__fixed_q96,selection_val,ai_generated,7.6491875648498535,0.9995237588882446,epoch_014,42,fixed_q96,resize,"{""cell_id"":""resize_scale_0.5"",""name"":""resize"",""output_format"":""PNG"",""parameter"":0.5,""stochastic"":false}",sid_set,unknown,unknown,unknown
sid_set_10176049fd49f0cf20ac__matched_clean__fixed_q96__benchmark__resize_scale_0.25,sid_set_10176049fd49f0cf20ac,sid_set_10176049fd49f0cf20ac__matched_clean__fixed_q96,selection_val,ai_generated,5.969123363494873,0.997450053691864,epoch_014,42,fixed_q96,resize,"{""cell_id"":""resize_scale_0.25"",""name"":""resize"",""output_format"":""PNG"",""parameter"":0.25,""stochastic"":false}",sid_set,unknown,unknown,unknown
sid_set_10176049fd49f0cf20ac__matched_clean__fixed_q96__benchmark__noise_sigma_0.02,sid_set_10176049fd49f0cf20ac,sid_set_10176049fd49f0cf20ac__matched_clean__fixed_q96,selection_val,ai_generated,6.147732257843018,0.9978662133216858,epoch_014,42,fixed_q96,noise,"{""cell_id"":""noise_sigma_0.02"",""name"":""noise"",""output_format"":""PNG"",""parameter"":0.02,""stochastic"":true}",sid_set,unknown,unknown,unknown
sid_set_10176049fd49f0cf20ac__matched_clean__fixed_q96__benchmark__noise_sigma_0.05,sid_set_10176049fd49f0cf20ac,sid_set_10176049fd49f0cf20ac__matched_clean__fixed_q96,selection_val,ai_generated,4.7757978439331055,0.9916391968727112,epoch_014,42,fixed_q96,noise,"{""cell_id"":""noise_sigma_0.05"",""name"":""noise"",""output_format"":""PNG"",""parameter"":0.05,""stochastic"":true}",sid_set,unknown,unknown,unknown
sid_set_10176049fd49f0cf20ac__matched_clean__fixed_q96__benchmark__noise_sigma_0.1,sid_set_10176049fd49f0cf20ac,sid_set_10176049fd49f0cf20ac__matched_clean__fixed_q96,selection_val,ai_generated,3.1372854709625244,0.9584048390388489,epoch_014,42,fixed_q96,noise,"{""cell_id"":""noise_sigma_0.1"",""name"":""noise"",""output_format"":""PNG"",""parameter"":0.1,""stochastic"":true}",sid_set,unknown,unknown,unknown
sid_set_10176049fd49f0cf20ac__matched_clean__fixed_q96__benchmark__color_jitter_0.2,sid_set_10176049fd49f0cf20ac,sid_set_10176049fd49f0cf20ac__matched_clean__fixed_q96,selection_val,ai_generated,7.486523151397705,0.9994396567344666,epoch_014,42,fixed_q96,color_jitter,"{""cell_id"":""color_jitter_0.2"",""name"":""color_jitter"",""output_format"":""PNG"",""parameter"":0.2,""stochastic"":true}",sid_set,unknown,unknown,unknown
sid_set_10176049fd49f0cf20ac__matched_clean__fixed_q96__benchmark__center_crop_0.8,sid_set_10176049fd49f0cf20ac,sid_set_10176049fd49f0cf20ac__matched_clean__fixed_q96,selection_val,ai_generated,7.194269180297852,0.9992496371269226,epoch_014,42,fixed_q96,center_crop,"{""cell_id"":""center_crop_0.8"",""name"":""center_crop"",""output_format"":""PNG"",""parameter"":0.8,""stochastic"":false}",sid_set,unknown,unknown,unknown
sid_set_101a9824675f9a58bd4b__matched_clean__fixed_q96__benchmark__jpeg_q90,sid_set_101a9824675f9a58bd4b,sid_set_101a9824675f9a58bd4b__matched_clean__fixed_q96,selection_val,authentic,-4.96228551864624,0.00694830110296607,epoch_014,42,fixed_q96,jpeg,"{""cell_id"":""jpeg_q90"",""name"":""jpeg"",""output_format"":""JPEG"",""parameter"":90,""stochastic"":false}",sid_set,unknown,unknown,unknown
sid_set_101a9824675f9a58bd4b__matched_clean__fixed_q96__benchmark__jpeg_q70,sid_set_101a9824675f9a58bd4b,sid_set_101a9824675f9a58bd4b__matched_clean__fixed_q96,selection_val,authentic,-5.101160049438477,0.006052818149328232,epoch_014,42,fixed_q96,jpeg,"{""cell_id"":""jpeg_q70"",""name"":""jpeg"",""output_format"":""JPEG"",""parameter"":70,""stochastic"":false}",sid_set,unknown,unknown,unknown
sid_set_101a9824675f9a58bd4b__matched_clean__fixed_q96__benchmark__jpeg_q50,sid_set_101a9824675f9a58bd4b,sid_set_101a9824675f9a58bd4b__matched_clean__fixed_q96,selection_val,authentic,-4.419290065765381,0.011899476870894432,epoch_014,42,fixed_q96,jpeg,"{""cell_id"":""jpeg_q50"",""name"":""jpeg"",""output_format"":""JPEG"",""parameter"":50,""stochastic"":false}",sid_set,unknown,unknown,unknown
sid_set_101a9824675f9a58bd4b__matched_clean__fixed_q96__benchmark__jpeg_q30,sid_set_101a9824675f9a58bd4b,sid_set_101a9824675f9a58bd4b__matched_clean__fixed_q96,selection_val,authentic,-4.426823139190674,0.011811228469014168,epoch_014,42,fixed_q96,jpeg,"{""cell_id"":""jpeg_q30"",""name"":""jpeg"",""output_format"":""JPEG"",""parameter"":30,""stochastic"":false}",sid_set,unknown,unknown,unknown
sid_set_101a9824675f9a58bd4b__matched_clean__fixed_q96__benchmark__blur_sigma_0.5,sid_set_101a9824675f9a58bd4b,sid_set_101a9824675f9a58bd4b__matched_clean__fixed_q96,selection_val,authentic,-5.133970737457275,0.005858588498085737,epoch_014,42,fixed_q96,blur,"{""cell_id"":""blur_sigma_0.5"",""name"":""blur"",""output_format"":""PNG"",""parameter"":0.5,""stochastic"":false}",sid_set,unknown,unknown,unknown
sid_set_101a9824675f9a58bd4b__matched_clean__fixed_q96__benchmark__blur_sigma_1.0,sid_set_101a9824675f9a58bd4b,sid_set_101a9824675f9a58bd4b__matched_clean__fixed_q96,selection_val,authentic,-4.295165061950684,0.013450926169753075,epoch_014,42,fixed_q96,blur,"{""cell_id"":""blur_sigma_1.0"",""name"":""blur"",""output_format"":""PNG"",""parameter"":1.0,""stochastic"":false}",sid_set,unknown,unknown,unknown
sid_set_101a9824675f9a58bd4b__matched_clean__fixed_q96__benchmark__blur_sigma_2.0,sid_set_101a9824675f9a58bd4b,sid_set_101a9824675f9a58bd4b__matched_clean__fixed_q96,selection_val,authentic,-3.3460302352905273,0.0340254008769989,epoch_014,42,fixed_q96,blur,"{""cell_id"":""blur_sigma_2.0"",""name"":""blur"",""output_format"":""PNG"",""parameter"":2.0,""stochastic"":false}",sid_set,unknown,unknown,unknown
sid_set_101a9824675f9a58bd4b__matched_clean__fixed_q96__benchmark__resize_scale_0.5,sid_set_101a9824675f9a58bd4b,sid_set_101a9824675f9a58bd4b__matched_clean__fixed_q96,selection_val,authentic,-3.1680548191070557,0.04038573428988457,epoch_014,42,fixed_q96,resize,"{""cell_id"":""resize_scale_0.5"",""name"":""resize"",""output_format"":""PNG"",""parameter"":0.5,""stochastic"":false}",sid_set,unknown,unknown,unknown
sid_set_101a9824675f9a58bd4b__matched_clean__fixed_q96__benchmark__resize_scale_0.25,sid_set_101a9824675f9a58bd4b,sid_set_101a9824675f9a58bd4b__matched_clean__fixed_q96,selection_val,authentic,-2.983231544494629,0.0481891930103302,epoch_014,42,fixed_q96,resize,"{""cell_id"":""resize_scale_0.25"",""name"":""resize"",""output_format"":""PNG"",""parameter"":0.25,""stochastic"":false}",sid_set,unknown,unknown,unknown
sid_set_101a9824675f9a58bd4b__matched_clean__fixed_q96__benchmark__noise_sigma_0.02,sid_set_101a9824675f9a58bd4b,sid_set_101a9824675f9a58bd4b__matched_clean__fixed_q96,selection_val,authentic,-4.240273952484131,0.014199125580489635,epoch_014,42,fixed_q96,noise,"{""cell_id"":""noise_sigma_0.02"",""name"":""noise"",""output_format"":""PNG"",""parameter"":0.02,""stochastic"":true}",sid_set,unknown,unknown,unknown
sid_set_101a9824675f9a58bd4b__matched_clean__fixed_q96__benchmark__noise_sigma_0.05,sid_set_101a9824675f9a58bd4b,sid_set_101a9824675f9a58bd4b__matched_clean__fixed_q96,selection_val,authentic,-3.8914315700531006,0.020007619634270668,epoch_014,42,fixed_q96,noise,"{""cell_id"":""noise_sigma_0.05"",""name"":""noise"",""output_format"":""PNG"",""parameter"":0.05,""stochastic"":true}",sid_set,unknown,unknown,unknown
sid_set_101a9824675f9a58bd4b__matched_clean__fixed_q96__benchmark__noise_sigma_0.1,sid_set_101a9824675f9a58bd4b,sid_set_101a9824675f9a58bd4b__matched_clean__fixed_q96,selection_val,authentic,-2.949192523956299,0.049774687737226486,epoch_014,42,fixed_q96,noise,"{""cell_id"":""noise_sigma_0.1"",""name"":""noise"",""output_format"":""PNG"",""parameter"":0.1,""stochastic"":true}",sid_set,unknown,unknown,unknown
sid_set_101a9824675f9a58bd4b__matched_clean__fixed_q96__benchmark__color_jitter_0.2,sid_set_101a9824675f9a58bd4b,sid_set_101a9824675f9a58bd4b__matched_clean__fixed_q96,selection_val,authentic,-4.666194915771484,0.009320314042270184,epoch_014,42,fixed_q96,color_jitter,"{""cell_id"":""color_jitter_0.2"",""name"":""color_jitter"",""output_format"":""PNG"",""parameter"":0.2,""stochastic"":true}",sid_set,unknown,unknown,unknown
sid_set_101a9824675f9a58bd4b__matched_clean__fixed_q96__benchmark__center_crop_0.8,sid_set_101a9824675f9a58bd4b,sid_set_101a9824675f9a58bd4b__matched_clean__fixed_q96,selection_val,authentic,-5.621182918548584,0.0036072961520403624,epoch_014,42,fixed_q96,center_crop,"{""cell_id"":""center_crop_0.8"",""name"":""center_crop"",""output_format"":""PNG"",""parameter"":0.8,""stochastic"":false}",sid_set,unknown,unknown,unknown
sid_set_101dd8a11506baf02734__matched_clean__fixed_q96__benchmark__jpeg_q90,sid_set_101dd8a11506baf02734,sid_set_101dd8a11506baf02734__matched_clean__fixed_q96,selection_val,authentic,-5.1984663009643555,0.005494673736393452,epoch_014,42,fixed_q96,jpeg,"{""cell_id"":""jpeg_q90"",""name"":""jpeg"",""output_format"":""JPEG"",""parameter"":90,""stochastic"":false}",sid_set,unknown,unknown,unknown
sid_set_101dd8a11506baf02734__matched_clean__fixed_q96__benchmark__jpeg_q70,sid_set_101dd8a11506baf02734,sid_set_101dd8a11506baf02734__matched_clean__fixed_q96,selection_val,authentic,-3.640465021133423,0.02556920051574707,epoch_014,42,fixed_q96,jpeg,"{""cell_id"":""jpeg_q70"",""name"":""jpeg"",""output_format"":""JPEG"",""parameter"":70,""stochastic"":false}",sid_set,unknown,unknown,unknown
sid_set_101dd8a11506baf02734__matched_clean__fixed_q96__benchmark__jpeg_q50,sid_set_101dd8a11506baf02734,sid_set_101dd8a11506baf02734__matched_clean__fixed_q96,selection_val,authentic,-3.766009569168091,0.02262069471180439,epoch_014,42,fixed_q96,jpeg,"{""cell_id"":""jpeg_q50"",""name"":""jpeg"",""output_format"":""JPEG"",""parameter"":50,""stochastic"":false}",sid_set,unknown,unknown,unknown
sid_set_101dd8a11506baf02734__matched_clean__fixed_q96__benchmark__jpeg_q30,sid_set_101dd8a11506baf02734,sid_set_101dd8a11506baf02734__matched_clean__fixed_q96,selection_val,authentic,-4.260948181152344,0.0139126256108284,epoch_014,42,fixed_q96,jpeg,"{""cell_id"":""jpeg_q30"",""name"":""jpeg"",""output_format"":""JPEG"",""parameter"":30,""stochastic"":false}",sid_set,unknown,unknown,unknown
sid_set_101dd8a11506baf02734__matched_clean__fixed_q96__benchmark__blur_sigma_0.5,sid_set_101dd8a11506baf02734,sid_set_101dd8a11506baf02734__matched_clean__fixed_q96,selection_val,authentic,-6.131257057189941,0.002169131301343441,epoch_014,42,fixed_q96,blur,"{""cell_id"":""blur_sigma_0.5"",""name"":""blur"",""output_format"":""PNG"",""parameter"":0.5,""stochastic"":false}",sid_set,unknown,unknown,unknown
sid_set_101dd8a11506baf02734__matched_clean__fixed_q96__benchmark__blur_sigma_1.0,sid_set_101dd8a11506baf02734,sid_set_101dd8a11506baf02734__matched_clean__fixed_q96,selection_val,authentic,-5.789220333099365,0.003051029983907938,epoch_014,42,fixed_q96,blur,"{""cell_id"":""blur_sigma_1.0"",""name"":""blur"",""output_format"":""PNG"",""parameter"":1.0,""stochastic"":false}",sid_set,unknown,unknown,unknown
sid_set_101dd8a11506baf02734__matched_clean__fixed_q96__benchmark__blur_sigma_2.0,sid_set_101dd8a11506baf02734,sid_set_101dd8a11506baf02734__matched_clean__fixed_q96,selection_val,authentic,-3.6268205642700195,0.025911366567015648,epoch_014,42,fixed_q96,blur,"{""cell_id"":""blur_sigma_2.0"",""name"":""blur"",""output_format"":""PNG"",""parameter"":2.0,""stochastic"":false}",sid_set,unknown,unknown,unknown
sid_set_101dd8a11506baf02734__matched_clean__fixed_q96__benchmark__resize_scale_0.5,sid_set_101dd8a11506baf02734,sid_set_101dd8a11506baf02734__matched_clean__fixed_q96,selection_val,authentic,-5.094913482666016,0.006090514827519655,epoch_014,42,fixed_q96,resize,"{""cell_id"":""resize_scale_0.5"",""name"":""resize"",""output_format"":""PNG"",""parameter"":0.5,""stochastic"":false}",sid_set,unknown,unknown,unknown
sid_set_101dd8a11506baf02734__matched_clean__fixed_q96__benchmark__resize_scale_0.25,sid_set_101dd8a11506baf02734,sid_set_101dd8a11506baf02734__matched_clean__fixed_q96,selection_val,authentic,-3.8656258583068848,0.020519917830824852,epoch_014,42,fixed_q96,resize,"{""cell_id"":""resize_scale_0.25"",""name"":""resize"",""output_format"":""PNG"",""parameter"":0.25,""stochastic"":false}",sid_set,unknown,unknown,unknown
sid_set_101dd8a11506baf02734__matched_clean__fixed_q96__benchmark__noise_sigma_0.02,sid_set_101dd8a11506baf02734,sid_set_101dd8a11506baf02734__matched_clean__fixed_q96,selection_val,authentic,-3.8394036293029785,0.021053636446595192,epoch_014,42,fixed_q96,noise,"{""cell_id"":""noise_sigma_0.02"",""name"":""noise"",""output_format"":""PNG"",""parameter"":0.02,""stochastic"":true}",sid_set,unknown,unknown,unknown
sid_set_101dd8a11506baf02734__matched_clean__fixed_q96__benchmark__noise_sigma_0.05,sid_set_101dd8a11506baf02734,sid_set_101dd8a11506baf02734__matched_clean__fixed_q96,selection_val,authentic,-4.034268856048584,0.017390822991728783,epoch_014,42,fixed_q96,noise,"{""cell_id"":""noise_sigma_0.05"",""name"":""noise"",""output_format"":""PNG"",""parameter"":0.05,""stochastic"":true}",sid_set,unknown,unknown,unknown
sid_set_101dd8a11506baf02734__matched_clean__fixed_q96__benchmark__noise_sigma_0.1,sid_set_101dd8a11506baf02734,sid_set_101dd8a11506baf02734__matched_clean__fixed_q96,selection_val,authentic,-2.9936537742614746,0.047713398933410645,epoch_014,42,fixed_q96,noise,"{""cell_id"":""noise_sigma_0.1"",""name"":""noise"",""output_format"":""PNG"",""parameter"":0.1,""stochastic"":true}",sid_set,unknown,unknown,unknown
sid_set_101dd8a11506baf02734__matched_clean__fixed_q96__benchmark__color_jitter_0.2,sid_set_101dd8a11506baf02734,sid_set_101dd8a11506baf02734__matched_clean__fixed_q96,selection_val,authentic,-5.589145183563232,0.003724299604073167,epoch_014,42,fixed_q96,color_jitter,"{""cell_id"":""color_jitter_0.2"",""name"":""color_jitter"",""output_format"":""PNG"",""parameter"":0.2,""stochastic"":true}",sid_set,unknown,unknown,unknown
sid_set_101dd8a11506baf02734__matched_clean__fixed_q96__benchmark__center_crop_0.8,sid_set_101dd8a11506baf02734,sid_set_101dd8a11506baf02734__matched_clean__fixed_q96,selection_val,authentic,-4.91322660446167,0.0072951288893818855,epoch_014,42,fixed_q96,center_crop,"{""cell_id"":""center_crop_0.8"",""name"":""center_crop"",""output_format"":""PNG"",""parameter"":0.8,""stochastic"":false}",sid_set,unknown,unknown,unknown
sid_set_1067ab79fb0da83ea14a__matched_clean__fixed_q96__benchmark__jpeg_q90,sid_set_1067ab79fb0da83ea14a,sid_set_1067ab79fb0da83ea14a__matched_clean__fixed_q96,selection_val,ai_generated,3.4277255535125732,0.9685598611831665,epoch_014,42,fixed_q96,jpeg,"{""cell_id"":""jpeg_q90"",""name"":""jpeg"",""output_format"":""JPEG"",""parameter"":90,""stochastic"":false}",sid_set,unknown,unknown,unknown
sid_set_1067ab79fb0da83ea14a__matched_clean__fixed_q96__benchmark__jpeg_q70,sid_set_1067ab79fb0da83ea14a,sid_set_1067ab79fb0da83ea14a__matched_clean__fixed_q96,selection_val,ai_generated,3.2269701957702637,0.9618366956710815,epoch_014,42,fixed_q96,jpeg,"{""cell_id"":""jpeg_q70"",""name"":""jpeg"",""output_format"":""JPEG"",""parameter"":70,""stochastic"":false}",sid_set,unknown,unknown,unknown
sid_set_1067ab79fb0da83ea14a__matched_clean__fixed_q96__benchmark__jpeg_q50,sid_set_1067ab79fb0da83ea14a,sid_set_1067ab79fb0da83ea14a__matched_clean__fixed_q96,selection_val,ai_generated,3.057744264602661,0.9551156759262085,epoch_014,42,fixed_q96,jpeg,"{""cell_id"":""jpeg_q50"",""name"":""jpeg"",""output_format"":""JPEG"",""parameter"":50,""stochastic"":false}",sid_set,unknown,unknown,unknown
sid_set_1067ab79fb0da83ea14a__matched_clean__fixed_q96__benchmark__jpeg_q30,sid_set_1067ab79fb0da83ea14a,sid_set_1067ab79fb0da83ea14a__matched_clean__fixed_q96,selection_val,ai_generated,3.327728271484375,0.9653679132461548,epoch_014,42,fixed_q96,jpeg,"{""cell_id"":""jpeg_q30"",""name"":""jpeg"",""output_format"":""JPEG"",""parameter"":30,""stochastic"":false}",sid_set,unknown,unknown,unknown
sid_set_1067ab79fb0da83ea14a__matched_clean__fixed_q96__benchmark__blur_sigma_0.5,sid_set_1067ab79fb0da83ea14a,sid_set_1067ab79fb0da83ea14a__matched_clean__fixed_q96,selection_val,ai_generated,2.749593496322632,0.9398903846740723,epoch_014,42,fixed_q96,blur,"{""cell_id"":""blur_sigma_0.5"",""name"":""blur"",""output_format"":""PNG"",""parameter"":0.5,""stochastic"":false}",sid_set,unknown,unknown,unknown
sid_set_1067ab79fb0da83ea14a__matched_clean__fixed_q96__benchmark__blur_sigma_1.0,sid_set_1067ab79fb0da83ea14a,sid_set_1067ab79fb0da83ea14a__matched_clean__fixed_q96,selection_val,ai_generated,2.67521071434021,0.9355478882789612,epoch_014,42,fixed_q96,blur,"{""cell_id"":""blur_sigma_1.0"",""name"":""blur"",""output_format"":""PNG"",""parameter"":1.0,""stochastic"":false}",sid_set,unknown,unknown,unknown
sid_set_1067ab79fb0da83ea14a__matched_clean__fixed_q96__benchmark__blur_sigma_2.0,sid_set_1067ab79fb0da83ea14a,sid_set_1067ab79fb0da83ea14a__matched_clean__fixed_q96,selection_val,ai_generated,2.8097846508026123,0.9432022571563721,epoch_014,42,fixed_q96,blur,"{""cell_id"":""blur_sigma_2.0"",""name"":""blur"",""output_format"":""PNG"",""parameter"":2.0,""stochastic"":false}",sid_set,unknown,unknown,unknown
sid_set_1067ab79fb0da83ea14a__matched_clean__fixed_q96__benchmark__resize_scale_0.5,sid_set_1067ab79fb0da83ea14a,sid_set_1067ab79fb0da83ea14a__matched_clean__fixed_q96,selection_val,ai_generated,2.9792709350585938,0.9516288042068481,epoch_014,42,fixed_q96,resize,"{""cell_id"":""resize_scale_0.5"",""name"":""resize"",""output_format"":""PNG"",""parameter"":0.5,""stochastic"":false}",sid_set,unknown,unknown,unknown
sid_set_1067ab79fb0da83ea14a__matched_clean__fixed_q96__benchmark__resize_scale_0.25,sid_set_1067ab79fb0da83ea14a,sid_set_1067ab79fb0da83ea14a__matched_clean__fixed_q96,selection_val,ai_generated,2.342179775238037,0.9123106598854065,epoch_014,42,fixed_q96,resize,"{""cell_id"":""resize_scale_0.25"",""name"":""resize"",""output_format"":""PNG"",""parameter"":0.25,""stochastic"":false}",sid_set,unknown,unknown,unknown
sid_set_1067ab79fb0da83ea14a__matched_clean__fixed_q96__benchmark__noise_sigma_0.02,sid_set_1067ab79fb0da83ea14a,sid_set_1067ab79fb0da83ea14a__matched_clean__fixed_q96,selection_val,ai_generated,3.630675792694092,0.9741857051849365,epoch_014,42,fixed_q96,noise,"{""cell_id"":""noise_sigma_0.02"",""name"":""noise"",""output_format"":""PNG"",""parameter"":0.02,""stochastic"":true}",sid_set,unknown,unknown,unknown
sid_set_1067ab79fb0da83ea14a__matched_clean__fixed_q96__benchmark__noise_sigma_0.05,sid_set_1067ab79fb0da83ea14a,sid_set_1067ab79fb0da83ea14a__matched_clean__fixed_q96,selection_val,ai_generated,3.3185601234436035,0.9650600552558899,epoch_014,42,fixed_q96,noise,"{""cell_id"":""noise_sigma_0.05"",""name"":""noise"",""output_format"":""PNG"",""parameter"":0.05,""stochastic"":true}",sid_set,unknown,unknown,unknown
sid_set_1067ab79fb0da83ea14a__matched_clean__fixed_q96__benchmark__noise_sigma_0.1,sid_set_1067ab79fb0da83ea14a,sid_set_1067ab79fb0da83ea14a__matched_clean__fixed_q96,selection_val,ai_generated,3.0852394104003906,0.9562796950340271,epoch_014,42,fixed_q96,noise,"{""cell_id"":""noise_sigma_0.1"",""name"":""noise"",""output_format"":""PNG"",""parameter"":0.1,""stochastic"":true}",sid_set,unknown,unknown,unknown
sid_set_1067ab79fb0da83ea14a__matched_clean__fixed_q96__benchmark__color_jitter_0.2,sid_set_1067ab79fb0da83ea14a,sid_set_1067ab79fb0da83ea14a__matched_clean__fixed_q96,selection_val,ai_generated,2.621246337890625,0.9322165250778198,epoch_014,42,fixed_q96,color_jitter,"{""cell_id"":""color_jitter_0.2"",""name"":""color_jitter"",""output_format"":""PNG"",""parameter"":0.2,""stochastic"":true}",sid_set,unknown,unknown,unknown
sid_set_1067ab79fb0da83ea14a__matched_clean__fixed_q96__benchmark__center_crop_0.8,sid_set_1067ab79fb0da83ea14a,sid_set_1067ab79fb0da83ea14a__matched_clean__fixed_q96,selection_val,ai_generated,1.9301626682281494,0.8732674717903137,epoch_014,42,fixed_q96,center_crop,"{""cell_id"":""center_crop_0.8"",""name"":""center_crop"",""output_format"":""PNG"",""parameter"":0.8,""stochastic"":false}",sid_set,unknown,unknown,unknown
sid_set_10ce4bd730c2e4aa2aef__matched_clean__fixed_q96__benchmark__jpeg_q90,sid_set_10ce4bd730c2e4aa2aef,sid_set_10ce4bd730c2e4aa2aef__matched_clean__fixed_q96,selection_val,ai_generated,6.7665629386901855,0.998849630355835,epoch_014,42,fixed_q96,jpeg,"{""cell_id"":""jpeg_q90"",""name"":""jpeg"",""output_format"":""JPEG"",""parameter"":90,""stochastic"":false}",sid_set,unknown,unknown,unknown
sid_set_10ce4bd730c2e4aa2aef__matched_clean__fixed_q96__benchmark__jpeg_q70,sid_set_10ce4bd730c2e4aa2aef,sid_set_10ce4bd730c2e4aa2aef__matched_clean__fixed_q96,selection_val,ai_generated,7.103626251220703,0.9991785883903503,epoch_014,42,fixed_q96,jpeg,"{""cell_id"":""jpeg_q70"",""name"":""jpeg"",""output_format"":""JPEG"",""parameter"":70,""stochastic"":false}",sid_set,unknown,unknown,unknown
sid_set_10ce4bd730c2e4aa2aef__matched_clean__fixed_q96__benchmark__jpeg_q50,sid_set_10ce4bd730c2e4aa2aef,sid_set_10ce4bd730c2e4aa2aef__matched_clean__fixed_q96,selection_val,ai_generated,6.221780300140381,0.9980182647705078,epoch_014,42,fixed_q96,jpeg,"{""cell_id"":""jpeg_q50"",""name"":""jpeg"",""output_format"":""JPEG"",""parameter"":50,""stochastic"":false}",sid_set,unknown,unknown,unknown
sid_set_10ce4bd730c2e4aa2aef__matched_clean__fixed_q96__benchmark__jpeg_q30,sid_set_10ce4bd730c2e4aa2aef,sid_set_10ce4bd730c2e4aa2aef__matched_clean__fixed_q96,selection_val,ai_generated,6.128030776977539,0.99782395362854,epoch_014,42,fixed_q96,jpeg,"{""cell_id"":""jpeg_q30"",""name"":""jpeg"",""output_format"":""JPEG"",""parameter"":30,""stochastic"":false}",sid_set,unknown,unknown,unknown
sid_set_10ce4bd730c2e4aa2aef__matched_clean__fixed_q96__benchmark__blur_sigma_0.5,sid_set_10ce4bd730c2e4aa2aef,sid_set_10ce4bd730c2e4aa2aef__matched_clean__fixed_q96,selection_val,ai_generated,6.004857063293457,0.9975392818450928,epoch_014,42,fixed_q96,blur,"{""cell_id"":""blur_sigma_0.5"",""name"":""blur"",""output_format"":""PNG"",""parameter"":0.5,""stochastic"":false}",sid_set,unknown,unknown,unknown
sid_set_10ce4bd730c2e4aa2aef__matched_clean__fixed_q96__benchmark__blur_sigma_1.0,sid_set_10ce4bd730c2e4aa2aef,sid_set_10ce4bd730c2e4aa2aef__matched_clean__fixed_q96,selection_val,ai_generated,5.951231002807617,0.997404158115387,epoch_014,42,fixed_q96,blur,"{""cell_id"":""blur_sigma_1.0"",""name"":""blur"",""output_format"":""PNG"",""parameter"":1.0,""stochastic"":false}",sid_set,unknown,unknown,unknown
sid_set_10ce4bd730c2e4aa2aef__matched_clean__fixed_q96__benchmark__blur_sigma_2.0,sid_set_10ce4bd730c2e4aa2aef,sid_set_10ce4bd730c2e4aa2aef__matched_clean__fixed_q96,selection_val,ai_generated,4.44737434387207,0.9884263277053833,epoch_014,42,fixed_q96,blur,"{""cell_id"":""blur_sigma_2.0"",""name"":""blur"",""output_format"":""PNG"",""parameter"":2.0,""stochastic"":false}",sid_set,unknown,unknown,unknown
sid_set_10ce4bd730c2e4aa2aef__matched_clean__fixed_q96__benchmark__resize_scale_0.5,sid_set_10ce4bd730c2e4aa2aef,sid_set_10ce4bd730c2e4aa2aef__matched_clean__fixed_q96,selection_val,ai_generated,5.656378746032715,0.9965170621871948,epoch_014,42,fixed_q96,resize,"{""cell_id"":""resize_scale_0.5"",""name"":""resize"",""output_format"":""PNG"",""parameter"":0.5,""stochastic"":false}",sid_set,unknown,unknown,unknown
sid_set_10ce4bd730c2e4aa2aef__matched_clean__fixed_q96__benchmark__resize_scale_0.25,sid_set_10ce4bd730c2e4aa2aef,sid_set_10ce4bd730c2e4aa2aef__matched_clean__fixed_q96,selection_val,ai_generated,3.5290415287017822,0.9715029001235962,epoch_014,42,fixed_q96,resize,"{""cell_id"":""resize_scale_0.25"",""name"":""resize"",""output_format"":""PNG"",""parameter"":0.25,""stochastic"":false}",sid_set,unknown,unknown,unknown
sid_set_10ce4bd730c2e4aa2aef__matched_clean__fixed_q96__benchmark__noise_sigma_0.02,sid_set_10ce4bd730c2e4aa2aef,sid_set_10ce4bd730c2e4aa2aef__matched_clean__fixed_q96,selection_val,ai_generated,6.269199371337891,0.9981098175048828,epoch_014,42,fixed_q96,noise,"{""cell_id"":""noise_sigma_0.02"",""name"":""noise"",""output_format"":""PNG"",""parameter"":0.02,""stochastic"":true}",sid_set,unknown,unknown,unknown
sid_set_10ce4bd730c2e4aa2aef__matched_clean__fixed_q96__benchmark__noise_sigma_0.05,sid_set_10ce4bd730c2e4aa2aef,sid_set_10ce4bd730c2e4aa2aef__matched_clean__fixed_q96,selection_val,ai_generated,5.905829429626465,0.9972838163375854,epoch_014,42,fixed_q96,noise,"{""cell_id"":""noise_sigma_0.05"",""name"":""noise"",""output_format"":""PNG"",""parameter"":0.05,""stochastic"":true}",sid_set,unknown,unknown,unknown
sid_set_10ce4bd730c2e4aa2aef__matched_clean__fixed_q96__benchmark__noise_sigma_0.1,sid_set_10ce4bd730c2e4aa2aef,sid_set_10ce4bd730c2e4aa2aef__matched_clean__fixed_q96,selection_val,ai_generated,4.476118564605713,0.9887505173683167,epoch_014,42,fixed_q96,noise,"{""cell_id"":""noise_sigma_0.1"",""name"":""noise"",""output_format"":""PNG"",""parameter"":0.1,""stochastic"":true}",sid_set,unknown,unknown,unknown
sid_set_10ce4bd730c2e4aa2aef__matched_clean__fixed_q96__benchmark__color_jitter_0.2,sid_set_10ce4bd730c2e4aa2aef,sid_set_10ce4bd730c2e4aa2aef__matched_clean__fixed_q96,selection_val,ai_generated,7.058793544769287,0.9991408586502075,epoch_014,42,fixed_q96,color_jitter,"{""cell_id"":""color_jitter_0.2"",""name"":""color_jitter"",""output_format"":""PNG"",""parameter"":0.2,""stochastic"":true}",sid_set,unknown,unknown,unknown
sid_set_10ce4bd730c2e4aa2aef__matched_clean__fixed_q96__benchmark__center_crop_0.8,sid_set_10ce4bd730c2e4aa2aef,sid_set_10ce4bd730c2e4aa2aef__matched_clean__fixed_q96,selection_val,ai_generated,6.817041873931885,0.9989062547683716,epoch_014,42,fixed_q96,center_crop,"{""cell_id"":""center_crop_0.8"",""name"":""center_crop"",""output_format"":""PNG"",""parameter"":0.8,""stochastic"":false}",sid_set,unknown,unknown,unknown
sid_set_10fa2acc90e6dd8aff6c__matched_clean__fixed_q96__benchmark__jpeg_q90,sid_set_10fa2acc90e6dd8aff6c,sid_set_10fa2acc90e6dd8aff6c__matched_clean__fixed_q96,selection_val,ai_generated,5.035391807556152,0.9935383200645447,epoch_014,42,fixed_q96,jpeg,"{""cell_id"":""jpeg_q90"",""name"":""jpeg"",""output_format"":""JPEG"",""parameter"":90,""stochastic"":false}",sid_set,unknown,unknown,unknown
sid_set_10fa2acc90e6dd8aff6c__matched_clean__fixed_q96__benchmark__jpeg_q70,sid_set_10fa2acc90e6dd8aff6c,sid_set_10fa2acc90e6dd8aff6c__matched_clean__fixed_q96,selection_val,ai_generated,4.305365562438965,0.9866837859153748,epoch_014,42,fixed_q96,jpeg,"{""cell_id"":""jpeg_q70"",""name"":""jpeg"",""output_format"":""JPEG"",""parameter"":70,""stochastic"":false}",sid_set,unknown,unknown,unknown
sid_set_10fa2acc90e6dd8aff6c__matched_clean__fixed_q96__benchmark__jpeg_q50,sid_set_10fa2acc90e6dd8aff6c,sid_set_10fa2acc90e6dd8aff6c__matched_clean__fixed_q96,selection_val,ai_generated,3.458183765411377,0.9694743156433105,epoch_014,42,fixed_q96,jpeg,"{""cell_id"":""jpeg_q50"",""name"":""jpeg"",""output_format"":""JPEG"",""parameter"":50,""stochastic"":false}",sid_set,unknown,unknown,unknown
sid_set_10fa2acc90e6dd8aff6c__matched_clean__fixed_q96__benchmark__jpeg_q30,sid_set_10fa2acc90e6dd8aff6c,sid_set_10fa2acc90e6dd8aff6c__matched_clean__fixed_q96,selection_val,ai_generated,2.274723529815674,0.9067619442939758,epoch_014,42,fixed_q96,jpeg,"{""cell_id"":""jpeg_q30"",""name"":""jpeg"",""output_format"":""JPEG"",""parameter"":30,""stochastic"":false}",sid_set,unknown,unknown,unknown
sid_set_10fa2acc90e6dd8aff6c__matched_clean__fixed_q96__benchmark__blur_sigma_0.5,sid_set_10fa2acc90e6dd8aff6c,sid_set_10fa2acc90e6dd8aff6c__matched_clean__fixed_q96,selection_val,ai_generated,3.804206609725952,0.9782085418701172,epoch_014,42,fixed_q96,blur,"{""cell_id"":""blur_sigma_0.5"",""name"":""blur"",""output_format"":""PNG"",""parameter"":0.5,""stochastic"":false}",sid_set,unknown,unknown,unknown
sid_set_10fa2acc90e6dd8aff6c__matched_clean__fixed_q96__benchmark__blur_sigma_1.0,sid_set_10fa2acc90e6dd8aff6c,sid_set_10fa2acc90e6dd8aff6c__matched_clean__fixed_q96,selection_val,ai_generated,3.416605234146118,0.9682194590568542,epoch_014,42,fixed_q96,blur,"{""cell_id"":""blur_sigma_1.0"",""name"":""blur"",""output_format"":""PNG"",""parameter"":1.0,""stochastic"":false}",sid_set,unknown,unknown,unknown
sid_set_10fa2acc90e6dd8aff6c__matched_clean__fixed_q96__benchmark__blur_sigma_2.0,sid_set_10fa2acc90e6dd8aff6c,sid_set_10fa2acc90e6dd8aff6c__matched_clean__fixed_q96,selection_val,ai_generated,3.2039201259613037,0.960981547832489,epoch_014,42,fixed_q96,blur,"{""cell_id"":""blur_sigma_2.0"",""name"":""blur"",""output_format"":""PNG"",""parameter"":2.0,""stochastic"":false}",sid_set,unknown,unknown,unknown
sid_set_10fa2acc90e6dd8aff6c__matched_clean__fixed_q96__benchmark__resize_scale_0.5,sid_set_10fa2acc90e6dd8aff6c,sid_set_10fa2acc90e6dd8aff6c__matched_clean__fixed_q96,selection_val,ai_generated,3.8078529834747314,0.9782861471176147,epoch_014,42,fixed_q96,resize,"{""cell_id"":""resize_scale_0.5"",""name"":""resize"",""output_format"":""PNG"",""parameter"":0.5,""stochastic"":false}",sid_set,unknown,unknown,unknown
sid_set_10fa2acc90e6dd8aff6c__matched_clean__fixed_q96__benchmark__resize_scale_0.25,sid_set_10fa2acc90e6dd8aff6c,sid_set_10fa2acc90e6dd8aff6c__matched_clean__fixed_q96,selection_val,ai_generated,3.1773226261138916,0.9599719047546387,epoch_014,42,fixed_q96,resize,"{""cell_id"":""resize_scale_0.25"",""name"":""resize"",""output_format"":""PNG"",""parameter"":0.25,""stochastic"":false}",sid_set,unknown,unknown,unknown
sid_set_10fa2acc90e6dd8aff6c__matched_clean__fixed_q96__benchmark__noise_sigma_0.02,sid_set_10fa2acc90e6dd8aff6c,sid_set_10fa2acc90e6dd8aff6c__matched_clean__fixed_q96,selection_val,ai_generated,3.9386556148529053,0.9808976054191589,epoch_014,42,fixed_q96,noise,"{""cell_id"":""noise_sigma_0.02"",""name"":""noise"",""output_format"":""PNG"",""parameter"":0.02,""stochastic"":true}",sid_set,unknown,unknown,unknown
sid_set_10fa2acc90e6dd8aff6c__matched_clean__fixed_q96__benchmark__noise_sigma_0.05,sid_set_10fa2acc90e6dd8aff6c,sid_set_10fa2acc90e6dd8aff6c__matched_clean__fixed_q96,selection_val,ai_generated,2.771998643875122,0.9411438703536987,epoch_014,42,fixed_q96,noise,"{""cell_id"":""noise_sigma_0.05"",""name"":""noise"",""output_format"":""PNG"",""parameter"":0.05,""stochastic"":true}",sid_set,unknown,unknown,unknown
sid_set_10fa2acc90e6dd8aff6c__matched_clean__fixed_q96__benchmark__noise_sigma_0.1,sid_set_10fa2acc90e6dd8aff6c,sid_set_10fa2acc90e6dd8aff6c__matched_clean__fixed_q96,selection_val,ai_generated,2.2767324447631836,0.9069316387176514,epoch_014,42,fixed_q96,noise,"{""cell_id"":""noise_sigma_0.1"",""name"":""noise"",""output_format"":""PNG"",""parameter"":0.1,""stochastic"":true}",sid_set,unknown,unknown,unknown
sid_set_10fa2acc90e6dd8aff6c__matched_clean__fixed_q96__benchmark__color_jitter_0.2,sid_set_10fa2acc90e6dd8aff6c,sid_set_10fa2acc90e6dd8aff6c__matched_clean__fixed_q96,selection_val,ai_generated,6.201741695404053,0.9979782700538635,epoch_014,42,fixed_q96,color_jitter,"{""cell_id"":""color_jitter_0.2"",""name"":""color_jitter"",""output_format"":""PNG"",""parameter"":0.2,""stochastic"":true}",sid_set,unknown,unknown,unknown
sid_set_10fa2acc90e6dd8aff6c__matched_clean__fixed_q96__benchmark__center_crop_0.8,sid_set_10fa2acc90e6dd8aff6c,sid_set_10fa2acc90e6dd8aff6c__matched_clean__fixed_q96,selection_val,ai_generated,3.589322090148926,0.9731251001358032,epoch_014,42,fixed_q96,center_crop,"{""cell_id"":""center_crop_0.8"",""name"":""center_crop"",""output_format"":""PNG"",""parameter"":0.8,""stochastic"":false}",sid_set,unknown,unknown,unknown
sid_set_116397db217dedbdcf62__matched_clean__fixed_q96__benchmark__jpeg_q90,sid_set_116397db217dedbdcf62,sid_set_116397db217dedbdcf62__matched_clean__fixed_q96,selection_val,ai_generated,5.911811828613281,0.9973000884056091,epoch_014,42,fixed_q96,jpeg,"{""cell_id"":""jpeg_q90"",""name"":""jpeg"",""output_format"":""JPEG"",""parameter"":90,""stochastic"":false}",sid_set,unknown,unknown,unknown
sid_set_116397db217dedbdcf62__matched_clean__fixed_q96__benchmark__jpeg_q70,sid_set_116397db217dedbdcf62,sid_set_116397db217dedbdcf62__matched_clean__fixed_q96,selection_val,ai_generated,5.837391376495361,0.9970920085906982,epoch_014,42,fixed_q96,jpeg,"{""cell_id"":""jpeg_q70"",""name"":""jpeg"",""output_format"":""JPEG"",""parameter"":70,""stochastic"":false}",sid_set,unknown,unknown,unknown
sid_set_116397db217dedbdcf62__matched_clean__fixed_q96__benchmark__jpeg_q50,sid_set_116397db217dedbdcf62,sid_set_116397db217dedbdcf62__matched_clean__fixed_q96,selection_val,ai_generated,5.229796409606934,0.9946738481521606,epoch_014,42,fixed_q96,jpeg,"{""cell_id"":""jpeg_q50"",""name"":""jpeg"",""output_format"":""JPEG"",""parameter"":50,""stochastic"":false}",sid_set,unknown,unknown,unknown
sid_set_116397db217dedbdcf62__matched_clean__fixed_q96__benchmark__jpeg_q30,sid_set_116397db217dedbdcf62,sid_set_116397db217dedbdcf62__matched_clean__fixed_q96,selection_val,ai_generated,5.140126705169678,0.9941771030426025,epoch_014,42,fixed_q96,jpeg,"{""cell_id"":""jpeg_q30"",""name"":""jpeg"",""output_format"":""JPEG"",""parameter"":30,""stochastic"":false}",sid_set,unknown,unknown,unknown
sid_set_116397db217dedbdcf62__matched_clean__fixed_q96__benchmark__blur_sigma_0.5,sid_set_116397db217dedbdcf62,sid_set_116397db217dedbdcf62__matched_clean__fixed_q96,selection_val,ai_generated,4.310226917266846,0.9867475032806396,epoch_014,42,fixed_q96,blur,"{""cell_id"":""blur_sigma_0.5"",""name"":""blur"",""output_format"":""PNG"",""parameter"":0.5,""stochastic"":false}",sid_set,unknown,unknown,unknown
sid_set_116397db217dedbdcf62__matched_clean__fixed_q96__benchmark__blur_sigma_1.0,sid_set_116397db217dedbdcf62,sid_set_116397db217dedbdcf62__matched_clean__fixed_q96,selection_val,ai_generated,3.3569717407226562,0.9663324356079102,epoch_014,42,fixed_q96,blur,"{""cell_id"":""blur_sigma_1.0"",""name"":""blur"",""output_format"":""PNG"",""parameter"":1.0,""stochastic"":false}",sid_set,unknown,unknown,unknown
sid_set_116397db217dedbdcf62__matched_clean__fixed_q96__benchmark__blur_sigma_2.0,sid_set_116397db217dedbdcf62,sid_set_116397db217dedbdcf62__matched_clean__fixed_q96,selection_val,ai_generated,2.5434117317199707,0.9271296858787537,epoch_014,42,fixed_q96,blur,"{""cell_id"":""blur_sigma_2.0"",""name"":""blur"",""output_format"":""PNG"",""parameter"":2.0,""stochastic"":false}",sid_set,unknown,unknown,unknown
sid_set_116397db217dedbdcf62__matched_clean__fixed_q96__benchmark__resize_scale_0.5,sid_set_116397db217dedbdcf62,sid_set_116397db217dedbdcf62__matched_clean__fixed_q96,selection_val,ai_generated,3.3172192573547363,0.9650148749351501,epoch_014,42,fixed_q96,resize,"{""cell_id"":""resize_scale_0.5"",""name"":""resize"",""output_format"":""PNG"",""parameter"":0.5,""stochastic"":false}",sid_set,unknown,unknown,unknown
sid_set_116397db217dedbdcf62__matched_clean__fixed_q96__benchmark__resize_scale_0.25,sid_set_116397db217dedbdcf62,sid_set_116397db217dedbdcf62__matched_clean__fixed_q96,selection_val,ai_generated,1.0423684120178223,0.7393067479133606,epoch_014,42,fixed_q96,resize,"{""cell_id"":""resize_scale_0.25"",""name"":""resize"",""output_format"":""PNG"",""parameter"":0.25,""stochastic"":false}",sid_set,unknown,unknown,unknown
sid_set_116397db217dedbdcf62__matched_clean__fixed_q96__benchmark__noise_sigma_0.02,sid_set_116397db217dedbdcf62,sid_set_116397db217dedbdcf62__matched_clean__fixed_q96,selection_val,ai_generated,4.719205379486084,0.9911566972732544,epoch_014,42,fixed_q96,noise,"{""cell_id"":""noise_sigma_0.02"",""name"":""noise"",""output_format"":""PNG"",""parameter"":0.02,""stochastic"":true}",sid_set,unknown,unknown,unknown
sid_set_116397db217dedbdcf62__matched_clean__fixed_q96__benchmark__noise_sigma_0.05,sid_set_116397db217dedbdcf62,sid_set_116397db217dedbdcf62__matched_clean__fixed_q96,selection_val,ai_generated,4.173220634460449,0.9848310947418213,epoch_014,42,fixed_q96,noise,"{""cell_id"":""noise_sigma_0.05"",""name"":""noise"",""output_format"":""PNG"",""parameter"":0.05,""stochastic"":true}",sid_set,unknown,unknown,unknown
sid_set_116397db217dedbdcf62__matched_clean__fixed_q96__benchmark__noise_sigma_0.1,sid_set_116397db217dedbdcf62,sid_set_116397db217dedbdcf62__matched_clean__fixed_q96,selection_val,ai_generated,4.066371440887451,0.9831493496894836,epoch_014,42,fixed_q96,noise,"{""cell_id"":""noise_sigma_0.1"",""name"":""noise"",""output_format"":""PNG"",""parameter"":0.1,""stochastic"":true}",sid_set,unknown,unknown,unknown
sid_set_116397db217dedbdcf62__matched_clean__fixed_q96__benchmark__color_jitter_0.2,sid_set_116397db217dedbdcf62,sid_set_116397db217dedbdcf62__matched_clean__fixed_q96,selection_val,ai_generated,5.200764179229736,0.9945178627967834,epoch_014,42,fixed_q96,color_jitter,"{""cell_id"":""color_jitter_0.2"",""name"":""color_jitter"",""output_format"":""PNG"",""parameter"":0.2,""stochastic"":true}",sid_set,unknown,unknown,unknown
sid_set_116397db217dedbdcf62__matched_clean__fixed_q96__benchmark__center_crop_0.8,sid_set_116397db217dedbdcf62,sid_set_116397db217dedbdcf62__matched_clean__fixed_q96,selection_val,ai_generated,6.150094509124756,0.9978712797164917,epoch_014,42,fixed_q96,center_crop,"{""cell_id"":""center_crop_0.8"",""name"":""center_crop"",""output_format"":""PNG"",""parameter"":0.8,""stochastic"":false}",sid_set,unknown,unknown,unknown
sid_set_11db3c77ad32b42a201e__matched_clean__fixed_q96__benchmark__jpeg_q90,sid_set_11db3c77ad32b42a201e,sid_set_11db3c77ad32b42a201e__matched_clean__fixed_q96,selection_val,ai_generated,3.519913911819458,0.9712491631507874,epoch_014,42,fixed_q96,jpeg,"{""cell_id"":""jpeg_q90"",""name"":""jpeg"",""output_format"":""JPEG"",""parameter"":90,""stochastic"":false}",sid_set,unknown,unknown,unknown
sid_set_11db3c77ad32b42a201e__matched_clean__fixed_q96__benchmark__jpeg_q70,sid_set_11db3c77ad32b42a201e,sid_set_11db3c77ad32b42a201e__matched_clean__fixed_q96,selection_val,ai_generated,3.0625436305999756,0.9553210139274597,epoch_014,42,fixed_q96,jpeg,"{""cell_id"":""jpeg_q70"",""name"":""jpeg"",""output_format"":""JPEG"",""parameter"":70,""stochastic"":false}",sid_set,unknown,unknown,unknown
sid_set_11db3c77ad32b42a201e__matched_clean__fixed_q96__benchmark__jpeg_q50,sid_set_11db3c77ad32b42a201e,sid_set_11db3c77ad32b42a201e__matched_clean__fixed_q96,selection_val,ai_generated,3.1341726779937744,0.9582805633544922,epoch_014,42,fixed_q96,jpeg,"{""cell_id"":""jpeg_q50"",""name"":""jpeg"",""output_format"":""JPEG"",""parameter"":50,""stochastic"":false}",sid_set,unknown,unknown,unknown
sid_set_11db3c77ad32b42a201e__matched_clean__fixed_q96__benchmark__jpeg_q30,sid_set_11db3c77ad32b42a201e,sid_set_11db3c77ad32b42a201e__matched_clean__fixed_q96,selection_val,ai_generated,2.673794984817505,0.9354625344276428,epoch_014,42,fixed_q96,jpeg,"{""cell_id"":""jpeg_q30"",""name"":""jpeg"",""output_format"":""JPEG"",""parameter"":30,""stochastic"":false}",sid_set,unknown,unknown,unknown
sid_set_11db3c77ad32b42a201e__matched_clean__fixed_q96__benchmark__blur_sigma_0.5,sid_set_11db3c77ad32b42a201e,sid_set_11db3c77ad32b42a201e__matched_clean__fixed_q96,selection_val,ai_generated,2.443847894668579,0.9201104044914246,epoch_014,42,fixed_q96,blur,"{""cell_id"":""blur_sigma_0.5"",""name"":""blur"",""output_format"":""PNG"",""parameter"":0.5,""stochastic"":false}",sid_set,unknown,unknown,unknown
sid_set_11db3c77ad32b42a201e__matched_clean__fixed_q96__benchmark__blur_sigma_1.0,sid_set_11db3c77ad32b42a201e,sid_set_11db3c77ad32b42a201e__matched_clean__fixed_q96,selection_val,ai_generated,2.219557523727417,0.90199214220047,epoch_014,42,fixed_q96,blur,"{""cell_id"":""blur_sigma_1.0"",""name"":""blur"",""output_format"":""PNG"",""parameter"":1.0,""stochastic"":false}",sid_set,unknown,unknown,unknown
sid_set_11db3c77ad32b42a201e__matched_clean__fixed_q96__benchmark__blur_sigma_2.0,sid_set_11db3c77ad32b42a201e,sid_set_11db3c77ad32b42a201e__matched_clean__fixed_q96,selection_val,ai_generated,2.9641661643981934,0.950928807258606,epoch_014,42,fixed_q96,blur,"{""cell_id"":""blur_sigma_2.0"",""name"":""blur"",""output_format"":""PNG"",""parameter"":2.0,""stochastic"":false}",sid_set,unknown,unknown,unknown
sid_set_11db3c77ad32b42a201e__matched_clean__fixed_q96__benchmark__resize_scale_0.5,sid_set_11db3c77ad32b42a201e,sid_set_11db3c77ad32b42a201e__matched_clean__fixed_q96,selection_val,ai_generated,2.711693286895752,0.937713086605072,epoch_014,42,fixed_q96,resize,"{""cell_id"":""resize_scale_0.5"",""name"":""resize"",""output_format"":""PNG"",""parameter"":0.5,""stochastic"":false}",sid_set,unknown,unknown,unknown
sid_set_11db3c77ad32b42a201e__matched_clean__fixed_q96__benchmark__resize_scale_0.25,sid_set_11db3c77ad32b42a201e,sid_set_11db3c77ad32b42a201e__matched_clean__fixed_q96,selection_val,ai_generated,2.8324952125549316,0.9444067478179932,epoch_014,42,fixed_q96,resize,"{""cell_id"":""resize_scale_0.25"",""name"":""resize"",""output_format"":""PNG"",""parameter"":0.25,""stochastic"":false}",sid_set,unknown,unknown,unknown
sid_set_11db3c77ad32b42a201e__matched_clean__fixed_q96__benchmark__noise_sigma_0.02,sid_set_11db3c77ad32b42a201e,sid_set_11db3c77ad32b42a201e__matched_clean__fixed_q96,selection_val,ai_generated,2.809391975402832,0.9431812763214111,epoch_014,42,fixed_q96,noise,"{""cell_id"":""noise_sigma_0.02"",""name"":""noise"",""output_format"":""PNG"",""parameter"":0.02,""stochastic"":true}",sid_set,unknown,unknown,unknown
sid_set_11db3c77ad32b42a201e__matched_clean__fixed_q96__benchmark__noise_sigma_0.05,sid_set_11db3c77ad32b42a201e,sid_set_11db3c77ad32b42a201e__matched_clean__fixed_q96,selection_val,ai_generated,2.562772274017334,0.9284268617630005,epoch_014,42,fixed_q96,noise,"{""cell_id"":""noise_sigma_0.05"",""name"":""noise"",""output_format"":""PNG"",""parameter"":0.05,""stochastic"":true}",sid_set,unknown,unknown,unknown
sid_set_11db3c77ad32b42a201e__matched_clean__fixed_q96__benchmark__noise_sigma_0.1,sid_set_11db3c77ad32b42a201e,sid_set_11db3c77ad32b42a201e__matched_clean__fixed_q96,selection_val,ai_generated,2.246453046798706,0.9043442010879517,epoch_014,42,fixed_q96,noise,"{""cell_id"":""noise_sigma_0.1"",""name"":""noise"",""output_format"":""PNG"",""parameter"":0.1,""stochastic"":true}",sid_set,unknown,unknown,unknown
sid_set_11db3c77ad32b42a201e__matched_clean__fixed_q96__benchmark__color_jitter_0.2,sid_set_11db3c77ad32b42a201e,sid_set_11db3c77ad32b42a201e__matched_clean__fixed_q96,selection_val,ai_generated,2.4779205322265625,0.9225794672966003,epoch_014,42,fixed_q96,color_jitter,"{""cell_id"":""color_jitter_0.2"",""name"":""color_jitter"",""output_format"":""PNG"",""parameter"":0.2,""stochastic"":true}",sid_set,unknown,unknown,unknown
sid_set_11db3c77ad32b42a201e__matched_clean__fixed_q96__benchmark__center_crop_0.8,sid_set_11db3c77ad32b42a201e,sid_set_11db3c77ad32b42a201e__matched_clean__fixed_q96,selection_val,ai_generated,3.173035144805908,0.9598067998886108,epoch_014,42,fixed_q96,center_crop,"{""cell_id"":""center_crop_0.8"",""name"":""center_crop"",""output_format"":""PNG"",""parameter"":0.8,""stochastic"":false}",sid_set,unknown,unknown,unknown
sid_set_11e471aef17bd2a87fa9__matched_clean__fixed_q96__benchmark__jpeg_q90,sid_set_11e471aef17bd2a87fa9,sid_set_11e471aef17bd2a87fa9__matched_clean__fixed_q96,selection_val,ai_generated,5.687091827392578,0.9966219663619995,epoch_014,42,fixed_q96,jpeg,"{""cell_id"":""jpeg_q90"",""name"":""jpeg"",""output_format"":""JPEG"",""parameter"":90,""stochastic"":false}",sid_set,unknown,unknown,unknown
sid_set_11e471aef17bd2a87fa9__matched_clean__fixed_q96__benchmark__jpeg_q70,sid_set_11e471aef17bd2a87fa9,sid_set_11e471aef17bd2a87fa9__matched_clean__fixed_q96,selection_val,ai_generated,5.87565279006958,0.9972009658813477,epoch_014,42,fixed_q96,jpeg,"{""cell_id"":""jpeg_q70"",""name"":""jpeg"",""output_format"":""JPEG"",""parameter"":70,""stochastic"":false}",sid_set,unknown,unknown,unknown
sid_set_11e471aef17bd2a87fa9__matched_clean__fixed_q96__benchmark__jpeg_q50,sid_set_11e471aef17bd2a87fa9,sid_set_11e471aef17bd2a87fa9__matched_clean__fixed_q96,selection_val,ai_generated,5.352129936218262,0.9952842593193054,epoch_014,42,fixed_q96,jpeg,"{""cell_id"":""jpeg_q50"",""name"":""jpeg"",""output_format"":""JPEG"",""parameter"":50,""stochastic"":false}",sid_set,unknown,unknown,unknown
sid_set_11e471aef17bd2a87fa9__matched_clean__fixed_q96__benchmark__jpeg_q30,sid_set_11e471aef17bd2a87fa9,sid_set_11e471aef17bd2a87fa9__matched_clean__fixed_q96,selection_val,ai_generated,5.0444135665893555,0.9935959577560425,epoch_014,42,fixed_q96,jpeg,"{""cell_id"":""jpeg_q30"",""name"":""jpeg"",""output_format"":""JPEG"",""parameter"":30,""stochastic"":false}",sid_set,unknown,unknown,unknown
sid_set_11e471aef17bd2a87fa9__matched_clean__fixed_q96__benchmark__blur_sigma_0.5,sid_set_11e471aef17bd2a87fa9,sid_set_11e471aef17bd2a87fa9__matched_clean__fixed_q96,selection_val,ai_generated,4.513199806213379,0.9891555905342102,epoch_014,42,fixed_q96,blur,"{""cell_id"":""blur_sigma_0.5"",""name"":""blur"",""output_format"":""PNG"",""parameter"":0.5,""stochastic"":false}",sid_set,unknown,unknown,unknown
sid_set_11e471aef17bd2a87fa9__matched_clean__fixed_q96__benchmark__blur_sigma_1.0,sid_set_11e471aef17bd2a87fa9,sid_set_11e471aef17bd2a87fa9__matched_clean__fixed_q96,selection_val,ai_generated,4.006353378295898,0.9821256399154663,epoch_014,42,fixed_q96,blur,"{""cell_id"":""blur_sigma_1.0"",""name"":""blur"",""output_format"":""PNG"",""parameter"":1.0,""stochastic"":false}",sid_set,unknown,unknown,unknown
sid_set_11e471aef17bd2a87fa9__matched_clean__fixed_q96__benchmark__blur_sigma_2.0,sid_set_11e471aef17bd2a87fa9,sid_set_11e471aef17bd2a87fa9__matched_clean__fixed_q96,selection_val,ai_generated,3.9737324714660645,0.9815438985824585,epoch_014,42,fixed_q96,blur,"{""cell_id"":""blur_sigma_2.0"",""name"":""blur"",""output_format"":""PNG"",""parameter"":2.0,""stochastic"":false}",sid_set,unknown,unknown,unknown
sid_set_11e471aef17bd2a87fa9__matched_clean__fixed_q96__benchmark__resize_scale_0.5,sid_set_11e471aef17bd2a87fa9,sid_set_11e471aef17bd2a87fa9__matched_clean__fixed_q96,selection_val,ai_generated,4.14832878112793,0.9844546318054199,epoch_014,42,fixed_q96,resize,"{""cell_id"":""resize_scale_0.5"",""name"":""resize"",""output_format"":""PNG"",""parameter"":0.5,""stochastic"":false}",sid_set,unknown,unknown,unknown
sid_set_11e471aef17bd2a87fa9__matched_clean__fixed_q96__benchmark__resize_scale_0.25,sid_set_11e471aef17bd2a87fa9,sid_set_11e471aef17bd2a87fa9__matched_clean__fixed_q96,selection_val,ai_generated,2.950657844543457,0.9502944946289062,epoch_014,42,fixed_q96,resize,"{""cell_id"":""resize_scale_0.25"",""name"":""resize"",""output_format"":""PNG"",""parameter"":0.25,""stochastic"":false}",sid_set,unknown,unknown,unknown
sid_set_11e471aef17bd2a87fa9__matched_clean__fixed_q96__benchmark__noise_sigma_0.02,sid_set_11e471aef17bd2a87fa9,sid_set_11e471aef17bd2a87fa9__matched_clean__fixed_q96,selection_val,ai_generated,4.559330940246582,0.989639401435852,epoch_014,42,fixed_q96,noise,"{""cell_id"":""noise_sigma_0.02"",""name"":""noise"",""output_format"":""PNG"",""parameter"":0.02,""stochastic"":true}",sid_set,unknown,unknown,unknown
sid_set_11e471aef17bd2a87fa9__matched_clean__fixed_q96__benchmark__noise_sigma_0.05,sid_set_11e471aef17bd2a87fa9,sid_set_11e471aef17bd2a87fa9__matched_clean__fixed_q96,selection_val,ai_generated,3.130180835723877,0.9581206440925598,epoch_014,42,fixed_q96,noise,"{""cell_id"":""noise_sigma_0.05"",""name"":""noise"",""output_format"":""PNG"",""parameter"":0.05,""stochastic"":true}",sid_set,unknown,unknown,unknown
sid_set_11e471aef17bd2a87fa9__matched_clean__fixed_q96__benchmark__noise_sigma_0.1,sid_set_11e471aef17bd2a87fa9,sid_set_11e471aef17bd2a87fa9__matched_clean__fixed_q96,selection_val,ai_generated,2.1380503177642822,0.8945468664169312,epoch_014,42,fixed_q96,noise,"{""cell_id"":""noise_sigma_0.1"",""name"":""noise"",""output_format"":""PNG"",""parameter"":0.1,""stochastic"":true}",sid_set,unknown,unknown,unknown
sid_set_11e471aef17bd2a87fa9__matched_clean__fixed_q96__benchmark__color_jitter_0.2,sid_set_11e471aef17bd2a87fa9,sid_set_11e471aef17bd2a87fa9__matched_clean__fixed_q96,selection_val,ai_generated,5.673333644866943,0.9965752959251404,epoch_014,42,fixed_q96,color_jitter,"{""cell_id"":""color_jitter_0.2"",""name"":""color_jitter"",""output_format"":""PNG"",""parameter"":0.2,""stochastic"":true}",sid_set,unknown,unknown,unknown
sid_set_11e471aef17bd2a87fa9__matched_clean__fixed_q96__benchmark__center_crop_0.8,sid_set_11e471aef17bd2a87fa9,sid_set_11e471aef17bd2a87fa9__matched_clean__fixed_q96,selection_val,ai_generated,5.574166774749756,0.9962196946144104,epoch_014,42,fixed_q96,center_crop,"{""cell_id"":""center_crop_0.8"",""name"":""center_crop"",""output_format"":""PNG"",""parameter"":0.8,""stochastic"":false}",sid_set,unknown,unknown,unknown
sid_set_11f76f08ab4575b6555c__matched_clean__fixed_q96__benchmark__jpeg_q90,sid_set_11f76f08ab4575b6555c,sid_set_11f76f08ab4575b6555c__matched_clean__fixed_q96,selection_val,authentic,-9.297496795654297,9.1644971689675e-05,epoch_014,42,fixed_q96,jpeg,"{""cell_id"":""jpeg_q90"",""name"":""jpeg"",""output_format"":""JPEG"",""parameter"":90,""stochastic"":false}",sid_set,unknown,unknown,unknown
sid_set_11f76f08ab4575b6555c__matched_clean__fixed_q96__benchmark__jpeg_q70,sid_set_11f76f08ab4575b6555c,sid_set_11f76f08ab4575b6555c__matched_clean__fixed_q96,selection_val,authentic,-7.940582275390625,0.0003558724420145154,epoch_014,42,fixed_q96,jpeg,"{""cell_id"":""jpeg_q70"",""name"":""jpeg"",""output_format"":""JPEG"",""parameter"":70,""stochastic"":false}",sid_set,unknown,unknown,unknown
sid_set_11f76f08ab4575b6555c__matched_clean__fixed_q96__benchmark__jpeg_q50,sid_set_11f76f08ab4575b6555c,sid_set_11f76f08ab4575b6555c__matched_clean__fixed_q96,selection_val,authentic,-7.647044658660889,0.00047722525778226554,epoch_014,42,fixed_q96,jpeg,"{""cell_id"":""jpeg_q50"",""name"":""jpeg"",""output_format"":""JPEG"",""parameter"":50,""stochastic"":false}",sid_set,unknown,unknown,unknown
sid_set_11f76f08ab4575b6555c__matched_clean__fixed_q96__benchmark__jpeg_q30,sid_set_11f76f08ab4575b6555c,sid_set_11f76f08ab4575b6555c__matched_clean__fixed_q96,selection_val,authentic,-7.480556011199951,0.0005636258865706623,epoch_014,42,fixed_q96,jpeg,"{""cell_id"":""jpeg_q30"",""name"":""jpeg"",""output_format"":""JPEG"",""parameter"":30,""stochastic"":false}",sid_set,unknown,unknown,unknown
sid_set_11f76f08ab4575b6555c__matched_clean__fixed_q96__benchmark__blur_sigma_0.5,sid_set_11f76f08ab4575b6555c,sid_set_11f76f08ab4575b6555c__matched_clean__fixed_q96,selection_val,authentic,-9.627297401428223,6.590058183064684e-05,epoch_014,42,fixed_q96,blur,"{""cell_id"":""blur_sigma_0.5"",""name"":""blur"",""output_format"":""PNG"",""parameter"":0.5,""stochastic"":false}",sid_set,unknown,unknown,unknown
sid_set_11f76f08ab4575b6555c__matched_clean__fixed_q96__benchmark__blur_sigma_1.0,sid_set_11f76f08ab4575b6555c,sid_set_11f76f08ab4575b6555c__matched_clean__fixed_q96,selection_val,authentic,-7.764524936676025,0.0004243511357344687,epoch_014,42,fixed_q96,blur,"{""cell_id"":""blur_sigma_1.0"",""name"":""blur"",""output_format"":""PNG"",""parameter"":1.0,""stochastic"":false}",sid_set,unknown,unknown,unknown
sid_set_11f76f08ab4575b6555c__matched_clean__fixed_q96__benchmark__blur_sigma_2.0,sid_set_11f76f08ab4575b6555c,sid_set_11f76f08ab4575b6555c__matched_clean__fixed_q96,selection_val,authentic,-7.215421199798584,0.000734620844013989,epoch_014,42,fixed_q96,blur,"{""cell_id"":""blur_sigma_2.0"",""name"":""blur"",""output_format"":""PNG"",""parameter"":2.0,""stochastic"":false}",sid_set,unknown,unknown,unknown
sid_set_11f76f08ab4575b6555c__matched_clean__fixed_q96__benchmark__resize_scale_0.5,sid_set_11f76f08ab4575b6555c,sid_set_11f76f08ab4575b6555c__matched_clean__fixed_q96,selection_val,authentic,-6.921151638031006,0.0009857203112915158,epoch_014,42,fixed_q96,resize,"{""cell_id"":""resize_scale_0.5"",""name"":""resize"",""output_format"":""PNG"",""parameter"":0.5,""stochastic"":false}",sid_set,unknown,unknown,unknown
sid_set_11f76f08ab4575b6555c__matched_clean__fixed_q96__benchmark__resize_scale_0.25,sid_set_11f76f08ab4575b6555c,sid_set_11f76f08ab4575b6555c__matched_clean__fixed_q96,selection_val,authentic,-7.414200782775879,0.0006022708839736879,epoch_014,42,fixed_q96,resize,"{""cell_id"":""resize_scale_0.25"",""name"":""resize"",""output_format"":""PNG"",""parameter"":0.25,""stochastic"":false}",sid_set,unknown,unknown,unknown
sid_set_11f76f08ab4575b6555c__matched_clean__fixed_q96__benchmark__noise_sigma_0.02,sid_set_11f76f08ab4575b6555c,sid_set_11f76f08ab4575b6555c__matched_clean__fixed_q96,selection_val,authentic,-6.35073184967041,0.0017424278194084764,epoch_014,42,fixed_q96,noise,"{""cell_id"":""noise_sigma_0.02"",""name"":""noise"",""output_format"":""PNG"",""parameter"":0.02,""stochastic"":true}",sid_set,unknown,unknown,unknown
sid_set_11f76f08ab4575b6555c__matched_clean__fixed_q96__benchmark__noise_sigma_0.05,sid_set_11f76f08ab4575b6555c,sid_set_11f76f08ab4575b6555c__matched_clean__fixed_q96,selection_val,authentic,-6.037940502166748,0.0023807871621102095,epoch_014,42,fixed_q96,noise,"{""cell_id"":""noise_sigma_0.05"",""name"":""noise"",""output_format"":""PNG"",""parameter"":0.05,""stochastic"":true}",sid_set,unknown,unknown,unknown
sid_set_11f76f08ab4575b6555c__matched_clean__fixed_q96__benchmark__noise_sigma_0.1,sid_set_11f76f08ab4575b6555c,sid_set_11f76f08ab4575b6555c__matched_clean__fixed_q96,selection_val,authentic,-6.357219219207764,0.0017311801202595234,epoch_014,42,fixed_q96,noise,"{""cell_id"":""noise_sigma_0.1"",""name"":""noise"",""output_format"":""PNG"",""parameter"":0.1,""stochastic"":true}",sid_set,unknown,unknown,unknown
sid_set_11f76f08ab4575b6555c__matched_clean__fixed_q96__benchmark__color_jitter_0.2,sid_set_11f76f08ab4575b6555c,sid_set_11f76f08ab4575b6555c__matched_clean__fixed_q96,selection_val,authentic,-9.76734447479248,5.728900941903703e-05,epoch_014,42,fixed_q96,color_jitter,"{""cell_id"":""color_jitter_0.2"",""name"":""color_jitter"",""output_format"":""PNG"",""parameter"":0.2,""stochastic"":true}",sid_set,unknown,unknown,unknown
sid_set_11f76f08ab4575b6555c__matched_clean__fixed_q96__benchmark__center_crop_0.8,sid_set_11f76f08ab4575b6555c,sid_set_11f76f08ab4575b6555c__matched_clean__fixed_q96,selection_val,authentic,-8.056025505065918,0.00031708437018096447,epoch_014,42,fixed_q96,center_crop,"{""cell_id"":""center_crop_0.8"",""name"":""center_crop"",""output_format"":""PNG"",""parameter"":0.8,""stochastic"":false}",sid_set,unknown,unknown,unknown
sid_set_121edbeadbf2c7ba0312__matched_clean__fixed_q96__benchmark__jpeg_q90,sid_set_121edbeadbf2c7ba0312,sid_set_121edbeadbf2c7ba0312__matched_clean__fixed_q96,selection_val,ai_generated,8.028459548950195,0.9996740818023682,epoch_014,42,fixed_q96,jpeg,"{""cell_id"":""jpeg_q90"",""name"":""jpeg"",""output_format"":""JPEG"",""parameter"":90,""stochastic"":false}",sid_set,unknown,unknown,unknown
sid_set_121edbeadbf2c7ba0312__matched_clean__fixed_q96__benchmark__jpeg_q70,sid_set_121edbeadbf2c7ba0312,sid_set_121edbeadbf2c7ba0312__matched_clean__fixed_q96,selection_val,ai_generated,7.873337268829346,0.9996193647384644,epoch_014,42,fixed_q96,jpeg,"{""cell_id"":""jpeg_q70"",""name"":""jpeg"",""output_format"":""JPEG"",""parameter"":70,""stochastic"":false}",sid_set,unknown,unknown,unknown
sid_set_121edbeadbf2c7ba0312__matched_clean__fixed_q96__benchmark__jpeg_q50,sid_set_121edbeadbf2c7ba0312,sid_set_121edbeadbf2c7ba0312__matched_clean__fixed_q96,selection_val,ai_generated,8.802388191223145,0.9998496770858765,epoch_014,42,fixed_q96,jpeg,"{""cell_id"":""jpeg_q50"",""name"":""jpeg"",""output_format"":""JPEG"",""parameter"":50,""stochastic"":false}",sid_set,unknown,unknown,unknown
sid_set_121edbeadbf2c7ba0312__matched_clean__fixed_q96__benchmark__jpeg_q30,sid_set_121edbeadbf2c7ba0312,sid_set_121edbeadbf2c7ba0312__matched_clean__fixed_q96,selection_val,ai_generated,7.934518814086914,0.999642014503479,epoch_014,42,fixed_q96,jpeg,"{""cell_id"":""jpeg_q30"",""name"":""jpeg"",""output_format"":""JPEG"",""parameter"":30,""stochastic"":false}",sid_set,unknown,unknown,unknown
sid_set_121edbeadbf2c7ba0312__matched_clean__fixed_q96__benchmark__blur_sigma_0.5,sid_set_121edbeadbf2c7ba0312,sid_set_121edbeadbf2c7ba0312__matched_clean__fixed_q96,selection_val,ai_generated,7.193853378295898,0.9992493987083435,epoch_014,42,fixed_q96,blur,"{""cell_id"":""blur_sigma_0.5"",""name"":""blur"",""output_format"":""PNG"",""parameter"":0.5,""stochastic"":false}",sid_set,unknown,unknown,unknown
sid_set_121edbeadbf2c7ba0312__matched_clean__fixed_q96__benchmark__blur_sigma_1.0,sid_set_121edbeadbf2c7ba0312,sid_set_121edbeadbf2c7ba0312__matched_clean__fixed_q96,selection_val,ai_generated,6.920879364013672,0.9990140199661255,epoch_014,42,fixed_q96,blur,"{""cell_id"":""blur_sigma_1.0"",""name"":""blur"",""output_format"":""PNG"",""parameter"":1.0,""stochastic"":false}",sid_set,unknown,unknown,unknown
sid_set_121edbeadbf2c7ba0312__matched_clean__fixed_q96__benchmark__blur_sigma_2.0,sid_set_121edbeadbf2c7ba0312,sid_set_121edbeadbf2c7ba0312__matched_clean__fixed_q96,selection_val,ai_generated,5.819544315338135,0.9970398545265198,epoch_014,42,fixed_q96,blur,"{""cell_id"":""blur_sigma_2.0"",""name"":""blur"",""output_format"":""PNG"",""parameter"":2.0,""stochastic"":false}",sid_set,unknown,unknown,unknown
sid_set_121edbeadbf2c7ba0312__matched_clean__fixed_q96__benchmark__resize_scale_0.5,sid_set_121edbeadbf2c7ba0312,sid_set_121edbeadbf2c7ba0312__matched_clean__fixed_q96,selection_val,ai_generated,7.014238357543945,0.9991018772125244,epoch_014,42,fixed_q96,resize,"{""cell_id"":""resize_scale_0.5"",""name"":""resize"",""output_format"":""PNG"",""parameter"":0.5,""stochastic"":false}",sid_set,unknown,unknown,unknown
sid_set_121edbeadbf2c7ba0312__matched_clean__fixed_q96__benchmark__resize_scale_0.25,sid_set_121edbeadbf2c7ba0312,sid_set_121edbeadbf2c7ba0312__matched_clean__fixed_q96,selection_val,ai_generated,5.029453754425049,0.9935001730918884,epoch_014,42,fixed_q96,resize,"{""cell_id"":""resize_scale_0.25"",""name"":""resize"",""output_format"":""PNG"",""parameter"":0.25,""stochastic"":false}",sid_set,unknown,unknown,unknown
sid_set_121edbeadbf2c7ba0312__matched_clean__fixed_q96__benchmark__noise_sigma_0.02,sid_set_121edbeadbf2c7ba0312,sid_set_121edbeadbf2c7ba0312__matched_clean__fixed_q96,selection_val,ai_generated,6.786948204040527,0.9988728165626526,epoch_014,42,fixed_q96,noise,"{""cell_id"":""noise_sigma_0.02"",""name"":""noise"",""output_format"":""PNG"",""parameter"":0.02,""stochastic"":true}",sid_set,unknown,unknown,unknown
sid_set_121edbeadbf2c7ba0312__matched_clean__fixed_q96__benchmark__noise_sigma_0.05,sid_set_121edbeadbf2c7ba0312,sid_set_121edbeadbf2c7ba0312__matched_clean__fixed_q96,selection_val,ai_generated,6.234266757965088,0.9980427026748657,epoch_014,42,fixed_q96,noise,"{""cell_id"":""noise_sigma_0.05"",""name"":""noise"",""output_format"":""PNG"",""parameter"":0.05,""stochastic"":true}",sid_set,unknown,unknown,unknown
sid_set_121edbeadbf2c7ba0312__matched_clean__fixed_q96__benchmark__noise_sigma_0.1,sid_set_121edbeadbf2c7ba0312,sid_set_121edbeadbf2c7ba0312__matched_clean__fixed_q96,selection_val,ai_generated,5.281899452209473,0.9949429631233215,epoch_014,42,fixed_q96,noise,"{""cell_id"":""noise_sigma_0.1"",""name"":""noise"",""output_format"":""PNG"",""parameter"":0.1,""stochastic"":true}",sid_set,unknown,unknown,unknown
sid_set_121edbeadbf2c7ba0312__matched_clean__fixed_q96__benchmark__color_jitter_0.2,sid_set_121edbeadbf2c7ba0312,sid_set_121edbeadbf2c7ba0312__matched_clean__fixed_q96,selection_val,ai_generated,8.460794448852539,0.9997884631156921,epoch_014,42,fixed_q96,color_jitter,"{""cell_id"":""color_jitter_0.2"",""name"":""color_jitter"",""output_format"":""PNG"",""parameter"":0.2,""stochastic"":true}",sid_set,unknown,unknown,unknown
sid_set_121edbeadbf2c7ba0312__matched_clean__fixed_q96__benchmark__center_crop_0.8,sid_set_121edbeadbf2c7ba0312,sid_set_121edbeadbf2c7ba0312__matched_clean__fixed_q96,selection_val,ai_generated,7.181952476501465,0.9992403984069824,epoch_014,42,fixed_q96,center_crop,"{""cell_id"":""center_crop_0.8"",""name"":""center_crop"",""output_format"":""PNG"",""parameter"":0.8,""stochastic"":false}",sid_set,unknown,unknown,unknown
sid_set_1260355d8e04a5080bc0__matched_clean__fixed_q96__benchmark__jpeg_q90,sid_set_1260355d8e04a5080bc0,sid_set_1260355d8e04a5080bc0__matched_clean__fixed_q96,selection_val,authentic,-6.887147903442383,0.0010197801748290658,epoch_014,42,fixed_q96,jpeg,"{""cell_id"":""jpeg_q90"",""name"":""jpeg"",""output_format"":""JPEG"",""parameter"":90,""stochastic"":false}",sid_set,unknown,unknown,unknown
sid_set_1260355d8e04a5080bc0__matched_clean__fixed_q96__benchmark__jpeg_q70,sid_set_1260355d8e04a5080bc0,sid_set_1260355d8e04a5080bc0__matched_clean__fixed_q96,selection_val,authentic,-6.588364601135254,0.0013743973104283214,epoch_014,42,fixed_q96,jpeg,"{""cell_id"":""jpeg_q70"",""name"":""jpeg"",""output_format"":""JPEG"",""parameter"":70,""stochastic"":false}",sid_set,unknown,unknown,unknown
sid_set_1260355d8e04a5080bc0__matched_clean__fixed_q96__benchmark__jpeg_q50,sid_set_1260355d8e04a5080bc0,sid_set_1260355d8e04a5080bc0__matched_clean__fixed_q96,selection_val,authentic,-5.934110164642334,0.002640586579218507,epoch_014,42,fixed_q96,jpeg,"{""cell_id"":""jpeg_q50"",""name"":""jpeg"",""output_format"":""JPEG"",""parameter"":50,""stochastic"":false}",sid_set,unknown,unknown,unknown
sid_set_1260355d8e04a5080bc0__matched_clean__fixed_q96__benchmark__jpeg_q30,sid_set_1260355d8e04a5080bc0,sid_set_1260355d8e04a5080bc0__matched_clean__fixed_q96,selection_val,authentic,-5.628049850463867,0.0035826987586915493,epoch_014,42,fixed_q96,jpeg,"{""cell_id"":""jpeg_q30"",""name"":""jpeg"",""output_format"":""JPEG"",""parameter"":30,""stochastic"":false}",sid_set,unknown,unknown,unknown
sid_set_1260355d8e04a5080bc0__matched_clean__fixed_q96__benchmark__blur_sigma_0.5,sid_set_1260355d8e04a5080bc0,sid_set_1260355d8e04a5080bc0__matched_clean__fixed_q96,selection_val,authentic,-7.3655686378479,0.0006322655244730413,epoch_014,42,fixed_q96,blur,"{""cell_id"":""blur_sigma_0.5"",""name"":""blur"",""output_format"":""PNG"",""parameter"":0.5,""stochastic"":false}",sid_set,unknown,unknown,unknown
sid_set_1260355d8e04a5080bc0__matched_clean__fixed_q96__benchmark__blur_sigma_1.0,sid_set_1260355d8e04a5080bc0,sid_set_1260355d8e04a5080bc0__matched_clean__fixed_q96,selection_val,authentic,-6.077787399291992,0.0022879980970174074,epoch_014,42,fixed_q96,blur,"{""cell_id"":""blur_sigma_1.0"",""name"":""blur"",""output_format"":""PNG"",""parameter"":1.0,""stochastic"":false}",sid_set,unknown,unknown,unknown
sid_set_1260355d8e04a5080bc0__matched_clean__fixed_q96__benchmark__blur_sigma_2.0,sid_set_1260355d8e04a5080bc0,sid_set_1260355d8e04a5080bc0__matched_clean__fixed_q96,selection_val,authentic,-4.520016193389893,0.010771557688713074,epoch_014,42,fixed_q96,blur,"{""cell_id"":""blur_sigma_2.0"",""name"":""blur"",""output_format"":""PNG"",""parameter"":2.0,""stochastic"":false}",sid_set,unknown,unknown,unknown
sid_set_1260355d8e04a5080bc0__matched_clean__fixed_q96__benchmark__resize_scale_0.5,sid_set_1260355d8e04a5080bc0,sid_set_1260355d8e04a5080bc0__matched_clean__fixed_q96,selection_val,authentic,-5.780126094818115,0.0030788176227360964,epoch_014,42,fixed_q96,resize,"{""cell_id"":""resize_scale_0.5"",""name"":""resize"",""output_format"":""PNG"",""parameter"":0.5,""stochastic"":false}",sid_set,unknown,unknown,unknown
sid_set_1260355d8e04a5080bc0__matched_clean__fixed_q96__benchmark__resize_scale_0.25,sid_set_1260355d8e04a5080bc0,sid_set_1260355d8e04a5080bc0__matched_clean__fixed_q96,selection_val,authentic,-4.466151237487793,0.011360906064510345,epoch_014,42,fixed_q96,resize,"{""cell_id"":""resize_scale_0.25"",""name"":""resize"",""output_format"":""PNG"",""parameter"":0.25,""stochastic"":false}",sid_set,unknown,unknown,unknown
sid_set_1260355d8e04a5080bc0__matched_clean__fixed_q96__benchmark__noise_sigma_0.02,sid_set_1260355d8e04a5080bc0,sid_set_1260355d8e04a5080bc0__matched_clean__fixed_q96,selection_val,authentic,-4.988769054412842,0.006767929997295141,epoch_014,42,fixed_q96,noise,"{""cell_id"":""noise_sigma_0.02"",""name"":""noise"",""output_format"":""PNG"",""parameter"":0.02,""stochastic"":true}",sid_set,unknown,unknown,unknown
sid_set_1260355d8e04a5080bc0__matched_clean__fixed_q96__benchmark__noise_sigma_0.05,sid_set_1260355d8e04a5080bc0,sid_set_1260355d8e04a5080bc0__matched_clean__fixed_q96,selection_val,authentic,-4.259648323059082,0.013930469751358032,epoch_014,42,fixed_q96,noise,"{""cell_id"":""noise_sigma_0.05"",""name"":""noise"",""output_format"":""PNG"",""parameter"":0.05,""stochastic"":true}",sid_set,unknown,unknown,unknown
sid_set_1260355d8e04a5080bc0__matched_clean__fixed_q96__benchmark__noise_sigma_0.1,sid_set_1260355d8e04a5080bc0,sid_set_1260355d8e04a5080bc0__matched_clean__fixed_q96,selection_val,authentic,-3.7870616912841797,0.02215990237891674,epoch_014,42,fixed_q96,noise,"{""cell_id"":""noise_sigma_0.1"",""name"":""noise"",""output_format"":""PNG"",""parameter"":0.1,""stochastic"":true}",sid_set,unknown,unknown,unknown
sid_set_1260355d8e04a5080bc0__matched_clean__fixed_q96__benchmark__color_jitter_0.2,sid_set_1260355d8e04a5080bc0,sid_set_1260355d8e04a5080bc0__matched_clean__fixed_q96,selection_val,authentic,-6.814605236053467,0.0010964230168610811,epoch_014,42,fixed_q96,color_jitter,"{""cell_id"":""color_jitter_0.2"",""name"":""color_jitter"",""output_format"":""PNG"",""parameter"":0.2,""stochastic"":true}",sid_set,unknown,unknown,unknown
sid_set_1260355d8e04a5080bc0__matched_clean__fixed_q96__benchmark__center_crop_0.8,sid_set_1260355d8e04a5080bc0,sid_set_1260355d8e04a5080bc0__matched_clean__fixed_q96,selection_val,authentic,-6.448376178741455,0.0015805885195732117,epoch_014,42,fixed_q96,center_crop,"{""cell_id"":""center_crop_0.8"",""name"":""center_crop"",""output_format"":""PNG"",""parameter"":0.8,""stochastic"":false}",sid_set,unknown,unknown,unknown
sid_set_1284c78a9ad1ce84125d__matched_clean__fixed_q96__benchmark__jpeg_q90,sid_set_1284c78a9ad1ce84125d,sid_set_1284c78a9ad1ce84125d__matched_clean__fixed_q96,selection_val,ai_generated,6.424994468688965,0.9983820915222168,epoch_014,42,fixed_q96,jpeg,"{""cell_id"":""jpeg_q90"",""name"":""jpeg"",""output_format"":""JPEG"",""parameter"":90,""stochastic"":false}",sid_set,unknown,unknown,unknown
sid_set_1284c78a9ad1ce84125d__matched_clean__fixed_q96__benchmark__jpeg_q70,sid_set_1284c78a9ad1ce84125d,sid_set_1284c78a9ad1ce84125d__matched_clean__fixed_q96,selection_val,ai_generated,5.476343154907227,0.9958328604698181,epoch_014,42,fixed_q96,jpeg,"{""cell_id"":""jpeg_q70"",""name"":""jpeg"",""output_format"":""JPEG"",""parameter"":70,""stochastic"":false}",sid_set,unknown,unknown,unknown
sid_set_1284c78a9ad1ce84125d__matched_clean__fixed_q96__benchmark__jpeg_q50,sid_set_1284c78a9ad1ce84125d,sid_set_1284c78a9ad1ce84125d__matched_clean__fixed_q96,selection_val,ai_generated,5.818700313568115,0.997037410736084,epoch_014,42,fixed_q96,jpeg,"{""cell_id"":""jpeg_q50"",""name"":""jpeg"",""output_format"":""JPEG"",""parameter"":50,""stochastic"":false}",sid_set,unknown,unknown,unknown
sid_set_1284c78a9ad1ce84125d__matched_clean__fixed_q96__benchmark__jpeg_q30,sid_set_1284c78a9ad1ce84125d,sid_set_1284c78a9ad1ce84125d__matched_clean__fixed_q96,selection_val,ai_generated,5.031109809875488,0.9935107827186584,epoch_014,42,fixed_q96,jpeg,"{""cell_id"":""jpeg_q30"",""name"":""jpeg"",""output_format"":""JPEG"",""parameter"":30,""stochastic"":false}",sid_set,unknown,unknown,unknown
sid_set_1284c78a9ad1ce84125d__matched_clean__fixed_q96__benchmark__blur_sigma_0.5,sid_set_1284c78a9ad1ce84125d,sid_set_1284c78a9ad1ce84125d__matched_clean__fixed_q96,selection_val,ai_generated,4.607757568359375,0.9901244044303894,epoch_014,42,fixed_q96,blur,"{""cell_id"":""blur_sigma_0.5"",""name"":""blur"",""output_format"":""PNG"",""parameter"":0.5,""stochastic"":false}",sid_set,unknown,unknown,unknown
sid_set_1284c78a9ad1ce84125d__matched_clean__fixed_q96__benchmark__blur_sigma_1.0,sid_set_1284c78a9ad1ce84125d,sid_set_1284c78a9ad1ce84125d__matched_clean__fixed_q96,selection_val,ai_generated,5.05519437789917,0.9936642646789551,epoch_014,42,fixed_q96,blur,"{""cell_id"":""blur_sigma_1.0"",""name"":""blur"",""output_format"":""PNG"",""parameter"":1.0,""stochastic"":false}",sid_set,unknown,unknown,unknown
sid_set_1284c78a9ad1ce84125d__matched_clean__fixed_q96__benchmark__blur_sigma_2.0,sid_set_1284c78a9ad1ce84125d,sid_set_1284c78a9ad1ce84125d__matched_clean__fixed_q96,selection_val,ai_generated,5.43753719329834,0.9956686496734619,epoch_014,42,fixed_q96,blur,"{""cell_id"":""blur_sigma_2.0"",""name"":""blur"",""output_format"":""PNG"",""parameter"":2.0,""stochastic"":false}",sid_set,unknown,unknown,unknown
sid_set_1284c78a9ad1ce84125d__matched_clean__fixed_q96__benchmark__resize_scale_0.5,sid_set_1284c78a9ad1ce84125d,sid_set_1284c78a9ad1ce84125d__matched_clean__fixed_q96,selection_val,ai_generated,5.919993877410889,0.9973220229148865,epoch_014,42,fixed_q96,resize,"{""cell_id"":""resize_scale_0.5"",""name"":""resize"",""output_format"":""PNG"",""parameter"":0.5,""stochastic"":false}",sid_set,unknown,unknown,unknown
sid_set_1284c78a9ad1ce84125d__matched_clean__fixed_q96__benchmark__resize_scale_0.25,sid_set_1284c78a9ad1ce84125d,sid_set_1284c78a9ad1ce84125d__matched_clean__fixed_q96,selection_val,ai_generated,4.655969619750977,0.9905847907066345,epoch_014,42,fixed_q96,resize,"{""cell_id"":""resize_scale_0.25"",""name"":""resize"",""output_format"":""PNG"",""parameter"":0.25,""stochastic"":false}",sid_set,unknown,unknown,unknown
sid_set_1284c78a9ad1ce84125d__matched_clean__fixed_q96__benchmark__noise_sigma_0.02,sid_set_1284c78a9ad1ce84125d,sid_set_1284c78a9ad1ce84125d__matched_clean__fixed_q96,selection_val,ai_generated,5.441812038421631,0.9956870675086975,epoch_014,42,fixed_q96,noise,"{""cell_id"":""noise_sigma_0.02"",""name"":""noise"",""output_format"":""PNG"",""parameter"":0.02,""stochastic"":true}",sid_set,unknown,unknown,unknown
sid_set_1284c78a9ad1ce84125d__matched_clean__fixed_q96__benchmark__noise_sigma_0.05,sid_set_1284c78a9ad1ce84125d,sid_set_1284c78a9ad1ce84125d__matched_clean__fixed_q96,selection_val,ai_generated,4.319010257720947,0.9868618249893188,epoch_014,42,fixed_q96,noise,"{""cell_id"":""noise_sigma_0.05"",""name"":""noise"",""output_format"":""PNG"",""parameter"":0.05,""stochastic"":true}",sid_set,unknown,unknown,unknown
sid_set_1284c78a9ad1ce84125d__matched_clean__fixed_q96__benchmark__noise_sigma_0.1,sid_set_1284c78a9ad1ce84125d,sid_set_1284c78a9ad1ce84125d__matched_clean__fixed_q96,selection_val,ai_generated,4.1963725090026855,0.9851731061935425,epoch_014,42,fixed_q96,noise,"{""cell_id"":""noise_sigma_0.1"",""name"":""noise"",""output_format"":""PNG"",""parameter"":0.1,""stochastic"":true}",sid_set,unknown,unknown,unknown
sid_set_1284c78a9ad1ce84125d__matched_clean__fixed_q96__benchmark__color_jitter_0.2,sid_set_1284c78a9ad1ce84125d,sid_set_1284c78a9ad1ce84125d__matched_clean__fixed_q96,selection_val,ai_generated,6.207769870758057,0.9979903697967529,epoch_014,42,fixed_q96,color_jitter,"{""cell_id"":""color_jitter_0.2"",""name"":""color_jitter"",""output_format"":""PNG"",""parameter"":0.2,""stochastic"":true}",sid_set,unknown,unknown,unknown
sid_set_1284c78a9ad1ce84125d__matched_clean__fixed_q96__benchmark__center_crop_0.8,sid_set_1284c78a9ad1ce84125d,sid_set_1284c78a9ad1ce84125d__matched_clean__fixed_q96,selection_val,ai_generated,6.257925987243652,0.9980884194374084,epoch_014,42,fixed_q96,center_crop,"{""cell_id"":""center_crop_0.8"",""name"":""center_crop"",""output_format"":""PNG"",""parameter"":0.8,""stochastic"":false}",sid_set,unknown,unknown,unknown
sid_set_12d2686a435c38114b80__matched_clean__fixed_q96__benchmark__jpeg_q90,sid_set_12d2686a435c38114b80,sid_set_12d2686a435c38114b80__matched_clean__fixed_q96,selection_val,ai_generated,6.591393947601318,0.9986298084259033,epoch_014,42,fixed_q96,jpeg,"{""cell_id"":""jpeg_q90"",""name"":""jpeg"",""output_format"":""JPEG"",""parameter"":90,""stochastic"":false}",sid_set,unknown,unknown,unknown
sid_set_12d2686a435c38114b80__matched_clean__fixed_q96__benchmark__jpeg_q70,sid_set_12d2686a435c38114b80,sid_set_12d2686a435c38114b80__matched_clean__fixed_q96,selection_val,ai_generated,6.9149370193481445,0.9990081191062927,epoch_014,42,fixed_q96,jpeg,"{""cell_id"":""jpeg_q70"",""name"":""jpeg"",""output_format"":""JPEG"",""parameter"":70,""stochastic"":false}",sid_set,unknown,unknown,unknown
sid_set_12d2686a435c38114b80__matched_clean__fixed_q96__benchmark__jpeg_q50,sid_set_12d2686a435c38114b80,sid_set_12d2686a435c38114b80__matched_clean__fixed_q96,selection_val,ai_generated,6.005001544952393,0.9975396394729614,epoch_014,42,fixed_q96,jpeg,"{""cell_id"":""jpeg_q50"",""name"":""jpeg"",""output_format"":""JPEG"",""parameter"":50,""stochastic"":false}",sid_set,unknown,unknown,unknown
sid_set_12d2686a435c38114b80__matched_clean__fixed_q96__benchmark__jpeg_q30,sid_set_12d2686a435c38114b80,sid_set_12d2686a435c38114b80__matched_clean__fixed_q96,selection_val,ai_generated,5.655975818634033,0.9965156316757202,epoch_014,42,fixed_q96,jpeg,"{""cell_id"":""jpeg_q30"",""name"":""jpeg"",""output_format"":""JPEG"",""parameter"":30,""stochastic"":false}",sid_set,unknown,unknown,unknown
sid_set_12d2686a435c38114b80__matched_clean__fixed_q96__benchmark__blur_sigma_0.5,sid_set_12d2686a435c38114b80,sid_set_12d2686a435c38114b80__matched_clean__fixed_q96,selection_val,ai_generated,5.8028950691223145,0.9969902038574219,epoch_014,42,fixed_q96,blur,"{""cell_id"":""blur_sigma_0.5"",""name"":""blur"",""output_format"":""PNG"",""parameter"":0.5,""stochastic"":false}",sid_set,unknown,unknown,unknown
sid_set_12d2686a435c38114b80__matched_clean__fixed_q96__benchmark__blur_sigma_1.0,sid_set_12d2686a435c38114b80,sid_set_12d2686a435c38114b80__matched_clean__fixed_q96,selection_val,ai_generated,5.639963626861572,0.9964595437049866,epoch_014,42,fixed_q96,blur,"{""cell_id"":""blur_sigma_1.0"",""name"":""blur"",""output_format"":""PNG"",""parameter"":1.0,""stochastic"":false}",sid_set,unknown,unknown,unknown
sid_set_12d2686a435c38114b80__matched_clean__fixed_q96__benchmark__blur_sigma_2.0,sid_set_12d2686a435c38114b80,sid_set_12d2686a435c38114b80__matched_clean__fixed_q96,selection_val,ai_generated,3.6555631160736084,0.9748042821884155,epoch_014,42,fixed_q96,blur,"{""cell_id"":""blur_sigma_2.0"",""name"":""blur"",""output_format"":""PNG"",""parameter"":2.0,""stochastic"":false}",sid_set,unknown,unknown,unknown
sid_set_12d2686a435c38114b80__matched_clean__fixed_q96__benchmark__resize_scale_0.5,sid_set_12d2686a435c38114b80,sid_set_12d2686a435c38114b80__matched_clean__fixed_q96,selection_val,ai_generated,5.2920708656311035,0.9949938654899597,epoch_014,42,fixed_q96,resize,"{""cell_id"":""resize_scale_0.5"",""name"":""resize"",""output_format"":""PNG"",""parameter"":0.5,""stochastic"":false}",sid_set,unknown,unknown,unknown
sid_set_12d2686a435c38114b80__matched_clean__fixed_q96__benchmark__resize_scale_0.25,sid_set_12d2686a435c38114b80,sid_set_12d2686a435c38114b80__matched_clean__fixed_q96,selection_val,ai_generated,3.4137916564941406,0.968132734298706,epoch_014,42,fixed_q96,resize,"{""cell_id"":""resize_scale_0.25"",""name"":""resize"",""output_format"":""PNG"",""parameter"":0.25,""stochastic"":false}",sid_set,unknown,unknown,unknown
sid_set_12d2686a435c38114b80__matched_clean__fixed_q96__benchmark__noise_sigma_0.02,sid_set_12d2686a435c38114b80,sid_set_12d2686a435c38114b80__matched_clean__fixed_q96,selection_val,ai_generated,5.2078166007995605,0.994556188583374,epoch_014,42,fixed_q96,noise,"{""cell_id"":""noise_sigma_0.02"",""name"":""noise"",""output_format"":""PNG"",""parameter"":0.02,""stochastic"":true}",sid_set,unknown,unknown,unknown
sid_set_12d2686a435c38114b80__matched_clean__fixed_q96__benchmark__noise_sigma_0.05,sid_set_12d2686a435c38114b80,sid_set_12d2686a435c38114b80__matched_clean__fixed_q96,selection_val,ai_generated,5.5454230308532715,0.9961099028587341,epoch_014,42,fixed_q96,noise,"{""cell_id"":""noise_sigma_0.05"",""name"":""noise"",""output_format"":""PNG"",""parameter"":0.05,""stochastic"":true}",sid_set,unknown,unknown,unknown
sid_set_12d2686a435c38114b80__matched_clean__fixed_q96__benchmark__noise_sigma_0.1,sid_set_12d2686a435c38114b80,sid_set_12d2686a435c38114b80__matched_clean__fixed_q96,selection_val,ai_generated,5.034558296203613,0.9935330152511597,epoch_014,42,fixed_q96,noise,"{""cell_id"":""noise_sigma_0.1"",""name"":""noise"",""output_format"":""PNG"",""parameter"":0.1,""stochastic"":true}",sid_set,unknown,unknown,unknown
sid_set_12d2686a435c38114b80__matched_clean__fixed_q96__benchmark__color_jitter_0.2,sid_set_12d2686a435c38114b80,sid_set_12d2686a435c38114b80__matched_clean__fixed_q96,selection_val,ai_generated,6.264604568481445,0.9981011748313904,epoch_014,42,fixed_q96,color_jitter,"{""cell_id"":""color_jitter_0.2"",""name"":""color_jitter"",""output_format"":""PNG"",""parameter"":0.2,""stochastic"":true}",sid_set,unknown,unknown,unknown
sid_set_12d2686a435c38114b80__matched_clean__fixed_q96__benchmark__center_crop_0.8,sid_set_12d2686a435c38114b80,sid_set_12d2686a435c38114b80__matched_clean__fixed_q96,selection_val,ai_generated,5.37863302230835,0.9954071044921875,epoch_014,42,fixed_q96,center_crop,"{""cell_id"":""center_crop_0.8"",""name"":""center_crop"",""output_format"":""PNG"",""parameter"":0.8,""stochastic"":false}",sid_set,unknown,unknown,unknown
sid_set_12eddf8e00a3b77678f1__matched_clean__fixed_q96__benchmark__jpeg_q90,sid_set_12eddf8e00a3b77678f1,sid_set_12eddf8e00a3b77678f1__matched_clean__fixed_q96,selection_val,ai_generated,4.828518867492676,0.9920651316642761,epoch_014,42,fixed_q96,jpeg,"{""cell_id"":""jpeg_q90"",""name"":""jpeg"",""output_format"":""JPEG"",""parameter"":90,""stochastic"":false}",sid_set,unknown,unknown,unknown
sid_set_12eddf8e00a3b77678f1__matched_clean__fixed_q96__benchmark__jpeg_q70,sid_set_12eddf8e00a3b77678f1,sid_set_12eddf8e00a3b77678f1__matched_clean__fixed_q96,selection_val,ai_generated,4.454031944274902,0.9885021448135376,epoch_014,42,fixed_q96,jpeg,"{""cell_id"":""jpeg_q70"",""name"":""jpeg"",""output_format"":""JPEG"",""parameter"":70,""stochastic"":false}",sid_set,unknown,unknown,unknown
sid_set_12eddf8e00a3b77678f1__matched_clean__fixed_q96__benchmark__jpeg_q50,sid_set_12eddf8e00a3b77678f1,sid_set_12eddf8e00a3b77678f1__matched_clean__fixed_q96,selection_val,ai_generated,3.441249132156372,0.9689691066741943,epoch_014,42,fixed_q96,jpeg,"{""cell_id"":""jpeg_q50"",""name"":""jpeg"",""output_format"":""JPEG"",""parameter"":50,""stochastic"":false}",sid_set,unknown,unknown,unknown
sid_set_12eddf8e00a3b77678f1__matched_clean__fixed_q96__benchmark__jpeg_q30,sid_set_12eddf8e00a3b77678f1,sid_set_12eddf8e00a3b77678f1__matched_clean__fixed_q96,selection_val,ai_generated,3.4477009773254395,0.9691624641418457,epoch_014,42,fixed_q96,jpeg,"{""cell_id"":""jpeg_q30"",""name"":""jpeg"",""output_format"":""JPEG"",""parameter"":30,""stochastic"":false}",sid_set,unknown,unknown,unknown
sid_set_12eddf8e00a3b77678f1__matched_clean__fixed_q96__benchmark__blur_sigma_0.5,sid_set_12eddf8e00a3b77678f1,sid_set_12eddf8e00a3b77678f1__matched_clean__fixed_q96,selection_val,ai_generated,3.343843936920166,0.9659026861190796,epoch_014,42,fixed_q96,blur,"{""cell_id"":""blur_sigma_0.5"",""name"":""blur"",""output_format"":""PNG"",""parameter"":0.5,""stochastic"":false}",sid_set,unknown,unknown,unknown
sid_set_12eddf8e00a3b77678f1__matched_clean__fixed_q96__benchmark__blur_sigma_1.0,sid_set_12eddf8e00a3b77678f1,sid_set_12eddf8e00a3b77678f1__matched_clean__fixed_q96,selection_val,ai_generated,3.0498454570770264,0.9547758102416992,epoch_014,42,fixed_q96,blur,"{""cell_id"":""blur_sigma_1.0"",""name"":""blur"",""output_format"":""PNG"",""parameter"":1.0,""stochastic"":false}",sid_set,unknown,unknown,unknown
sid_set_12eddf8e00a3b77678f1__matched_clean__fixed_q96__benchmark__blur_sigma_2.0,sid_set_12eddf8e00a3b77678f1,sid_set_12eddf8e00a3b77678f1__matched_clean__fixed_q96,selection_val,ai_generated,2.410963535308838,0.9176594614982605,epoch_014,42,fixed_q96,blur,"{""cell_id"":""blur_sigma_2.0"",""name"":""blur"",""output_format"":""PNG"",""parameter"":2.0,""stochastic"":false}",sid_set,unknown,unknown,unknown
sid_set_12eddf8e00a3b77678f1__matched_clean__fixed_q96__benchmark__resize_scale_0.5,sid_set_12eddf8e00a3b77678f1,sid_set_12eddf8e00a3b77678f1__matched_clean__fixed_q96,selection_val,ai_generated,2.997312545776367,0.9524526000022888,epoch_014,42,fixed_q96,resize,"{""cell_id"":""resize_scale_0.5"",""name"":""resize"",""output_format"":""PNG"",""parameter"":0.5,""stochastic"":false}",sid_set,unknown,unknown,unknown
sid_set_12eddf8e00a3b77678f1__matched_clean__fixed_q96__benchmark__resize_scale_0.25,sid_set_12eddf8e00a3b77678f1,sid_set_12eddf8e00a3b77678f1__matched_clean__fixed_q96,selection_val,ai_generated,1.2396979331970215,0.7755114436149597,epoch_014,42,fixed_q96,resize,"{""cell_id"":""resize_scale_0.25"",""name"":""resize"",""output_format"":""PNG"",""parameter"":0.25,""stochastic"":false}",sid_set,unknown,unknown,unknown
sid_set_12eddf8e00a3b77678f1__matched_clean__fixed_q96__benchmark__noise_sigma_0.02,sid_set_12eddf8e00a3b77678f1,sid_set_12eddf8e00a3b77678f1__matched_clean__fixed_q96,selection_val,ai_generated,3.430300712585449,0.9686381816864014,epoch_014,42,fixed_q96,noise,"{""cell_id"":""noise_sigma_0.02"",""name"":""noise"",""output_format"":""PNG"",""parameter"":0.02,""stochastic"":true}",sid_set,unknown,unknown,unknown
sid_set_12eddf8e00a3b77678f1__matched_clean__fixed_q96__benchmark__noise_sigma_0.05,sid_set_12eddf8e00a3b77678f1,sid_set_12eddf8e00a3b77678f1__matched_clean__fixed_q96,selection_val,ai_generated,2.8230371475219727,0.9439080357551575,epoch_014,42,fixed_q96,noise,"{""cell_id"":""noise_sigma_0.05"",""name"":""noise"",""output_format"":""PNG"",""parameter"":0.05,""stochastic"":true}",sid_set,unknown,unknown,unknown
sid_set_12eddf8e00a3b77678f1__matched_clean__fixed_q96__benchmark__noise_sigma_0.1,sid_set_12eddf8e00a3b77678f1,sid_set_12eddf8e00a3b77678f1__matched_clean__fixed_q96,selection_val,ai_generated,2.324676036834717,0.9109001755714417,epoch_014,42,fixed_q96,noise,"{""cell_id"":""noise_sigma_0.1"",""name"":""noise"",""output_format"":""PNG"",""parameter"":0.1,""stochastic"":true}",sid_set,unknown,unknown,unknown
sid_set_12eddf8e00a3b77678f1__matched_clean__fixed_q96__benchmark__color_jitter_0.2,sid_set_12eddf8e00a3b77678f1,sid_set_12eddf8e00a3b77678f1__matched_clean__fixed_q96,selection_val,ai_generated,3.876802444458008,0.9797035455703735,epoch_014,42,fixed_q96,color_jitter,"{""cell_id"":""color_jitter_0.2"",""name"":""color_jitter"",""output_format"":""PNG"",""parameter"":0.2,""stochastic"":true}",sid_set,unknown,unknown,unknown
sid_set_12eddf8e00a3b77678f1__matched_clean__fixed_q96__benchmark__center_crop_0.8,sid_set_12eddf8e00a3b77678f1,sid_set_12eddf8e00a3b77678f1__matched_clean__fixed_q96,selection_val,ai_generated,4.343103885650635,0.9871706366539001,epoch_014,42,fixed_q96,center_crop,"{""cell_id"":""center_crop_0.8"",""name"":""center_crop"",""output_format"":""PNG"",""parameter"":0.8,""stochastic"":false}",sid_set,unknown,unknown,unknown
sid_set_12ee0e3f4c8486a1ba00__matched_clean__fixed_q96__benchmark__jpeg_q90,sid_set_12ee0e3f4c8486a1ba00,sid_set_12ee0e3f4c8486a1ba00__matched_clean__fixed_q96,selection_val,ai_generated,7.745135307312012,0.9995673298835754,epoch_014,42,fixed_q96,jpeg,"{""cell_id"":""jpeg_q90"",""name"":""jpeg"",""output_format"":""JPEG"",""parameter"":90,""stochastic"":false}",sid_set,unknown,unknown,unknown
sid_set_12ee0e3f4c8486a1ba00__matched_clean__fixed_q96__benchmark__jpeg_q70,sid_set_12ee0e3f4c8486a1ba00,sid_set_12ee0e3f4c8486a1ba00__matched_clean__fixed_q96,selection_val,ai_generated,7.431310176849365,0.9994078874588013,epoch_014,42,fixed_q96,jpeg,"{""cell_id"":""jpeg_q70"",""name"":""jpeg"",""output_format"":""JPEG"",""parameter"":70,""stochastic"":false}",sid_set,unknown,unknown,unknown
sid_set_12ee0e3f4c8486a1ba00__matched_clean__fixed_q96__benchmark__jpeg_q50,sid_set_12ee0e3f4c8486a1ba00,sid_set_12ee0e3f4c8486a1ba00__matched_clean__fixed_q96,selection_val,ai_generated,6.8422112464904785,0.9989333748817444,epoch_014,42,fixed_q96,jpeg,"{""cell_id"":""jpeg_q50"",""name"":""jpeg"",""output_format"":""JPEG"",""parameter"":50,""stochastic"":false}",sid_set,unknown,unknown,unknown
sid_set_12ee0e3f4c8486a1ba00__matched_clean__fixed_q96__benchmark__jpeg_q30,sid_set_12ee0e3f4c8486a1ba00,sid_set_12ee0e3f4c8486a1ba00__matched_clean__fixed_q96,selection_val,ai_generated,6.780701637268066,0.9988658428192139,epoch_014,42,fixed_q96,jpeg,"{""cell_id"":""jpeg_q30"",""name"":""jpeg"",""output_format"":""JPEG"",""parameter"":30,""stochastic"":false}",sid_set,unknown,unknown,unknown
sid_set_12ee0e3f4c8486a1ba00__matched_clean__fixed_q96__benchmark__blur_sigma_0.5,sid_set_12ee0e3f4c8486a1ba00,sid_set_12ee0e3f4c8486a1ba00__matched_clean__fixed_q96,selection_val,ai_generated,6.46051549911499,0.9984384179115295,epoch_014,42,fixed_q96,blur,"{""cell_id"":""blur_sigma_0.5"",""name"":""blur"",""output_format"":""PNG"",""parameter"":0.5,""stochastic"":false}",sid_set,unknown,unknown,unknown
sid_set_12ee0e3f4c8486a1ba00__matched_clean__fixed_q96__benchmark__blur_sigma_1.0,sid_set_12ee0e3f4c8486a1ba00,sid_set_12ee0e3f4c8486a1ba00__matched_clean__fixed_q96,selection_val,ai_generated,5.583162784576416,0.9962533712387085,epoch_014,42,fixed_q96,blur,"{""cell_id"":""blur_sigma_1.0"",""name"":""blur"",""output_format"":""PNG"",""parameter"":1.0,""stochastic"":false}",sid_set,unknown,unknown,unknown
sid_set_12ee0e3f4c8486a1ba00__matched_clean__fixed_q96__benchmark__blur_sigma_2.0,sid_set_12ee0e3f4c8486a1ba00,sid_set_12ee0e3f4c8486a1ba00__matched_clean__fixed_q96,selection_val,ai_generated,5.269625186920166,0.9948807954788208,epoch_014,42,fixed_q96,blur,"{""cell_id"":""blur_sigma_2.0"",""name"":""blur"",""output_format"":""PNG"",""parameter"":2.0,""stochastic"":false}",sid_set,unknown,unknown,unknown
sid_set_12ee0e3f4c8486a1ba00__matched_clean__fixed_q96__benchmark__resize_scale_0.5,sid_set_12ee0e3f4c8486a1ba00,sid_set_12ee0e3f4c8486a1ba00__matched_clean__fixed_q96,selection_val,ai_generated,5.165914058685303,0.9943245053291321,epoch_014,42,fixed_q96,resize,"{""cell_id"":""resize_scale_0.5"",""name"":""resize"",""output_format"":""PNG"",""parameter"":0.5,""stochastic"":false}",sid_set,unknown,unknown,unknown
sid_set_12ee0e3f4c8486a1ba00__matched_clean__fixed_q96__benchmark__resize_scale_0.25,sid_set_12ee0e3f4c8486a1ba00,sid_set_12ee0e3f4c8486a1ba00__matched_clean__fixed_q96,selection_val,ai_generated,4.6699538230896,0.9907143115997314,epoch_014,42,fixed_q96,resize,"{""cell_id"":""resize_scale_0.25"",""name"":""resize"",""output_format"":""PNG"",""parameter"":0.25,""stochastic"":false}",sid_set,unknown,unknown,unknown
sid_set_12ee0e3f4c8486a1ba00__matched_clean__fixed_q96__benchmark__noise_sigma_0.02,sid_set_12ee0e3f4c8486a1ba00,sid_set_12ee0e3f4c8486a1ba00__matched_clean__fixed_q96,selection_val,ai_generated,6.515406131744385,0.9985217452049255,epoch_014,42,fixed_q96,noise,"{""cell_id"":""noise_sigma_0.02"",""name"":""noise"",""output_format"":""PNG"",""parameter"":0.02,""stochastic"":true}",sid_set,unknown,unknown,unknown
sid_set_12ee0e3f4c8486a1ba00__matched_clean__fixed_q96__benchmark__noise_sigma_0.05,sid_set_12ee0e3f4c8486a1ba00,sid_set_12ee0e3f4c8486a1ba00__matched_clean__fixed_q96,selection_val,ai_generated,5.698366641998291,0.9966597557067871,epoch_014,42,fixed_q96,noise,"{""cell_id"":""noise_sigma_0.05"",""name"":""noise"",""output_format"":""PNG"",""parameter"":0.05,""stochastic"":true}",sid_set,unknown,unknown,unknown
sid_set_12ee0e3f4c8486a1ba00__matched_clean__fixed_q96__benchmark__noise_sigma_0.1,sid_set_12ee0e3f4c8486a1ba00,sid_set_12ee0e3f4c8486a1ba00__matched_clean__fixed_q96,selection_val,ai_generated,4.376828193664551,0.9875907897949219,epoch_014,42,fixed_q96,noise,"{""cell_id"":""noise_sigma_0.1"",""name"":""noise"",""output_format"":""PNG"",""parameter"":0.1,""stochastic"":true}",sid_set,unknown,unknown,unknown
sid_set_12ee0e3f4c8486a1ba00__matched_clean__fixed_q96__benchmark__color_jitter_0.2,sid_set_12ee0e3f4c8486a1ba00,sid_set_12ee0e3f4c8486a1ba00__matched_clean__fixed_q96,selection_val,ai_generated,6.836312294006348,0.9989270567893982,epoch_014,42,fixed_q96,color_jitter,"{""cell_id"":""color_jitter_0.2"",""name"":""color_jitter"",""output_format"":""PNG"",""parameter"":0.2,""stochastic"":true}",sid_set,unknown,unknown,unknown
sid_set_12ee0e3f4c8486a1ba00__matched_clean__fixed_q96__benchmark__center_crop_0.8,sid_set_12ee0e3f4c8486a1ba00,sid_set_12ee0e3f4c8486a1ba00__matched_clean__fixed_q96,selection_val,ai_generated,7.690331935882568,0.9995430707931519,epoch_014,42,fixed_q96,center_crop,"{""cell_id"":""center_crop_0.8"",""name"":""center_crop"",""output_format"":""PNG"",""parameter"":0.8,""stochastic"":false}",sid_set,unknown,unknown,unknown
sid_set_12f07d71989020b65453__matched_clean__fixed_q96__benchmark__jpeg_q90,sid_set_12f07d71989020b65453,sid_set_12f07d71989020b65453__matched_clean__fixed_q96,selection_val,ai_generated,6.3556437492370605,0.9982661604881287,epoch_014,42,fixed_q96,jpeg,"{""cell_id"":""jpeg_q90"",""name"":""jpeg"",""output_format"":""JPEG"",""parameter"":90,""stochastic"":false}",sid_set,unknown,unknown,unknown
sid_set_12f07d71989020b65453__matched_clean__fixed_q96__benchmark__jpeg_q70,sid_set_12f07d71989020b65453,sid_set_12f07d71989020b65453__matched_clean__fixed_q96,selection_val,ai_generated,6.144843578338623,0.9978601336479187,epoch_014,42,fixed_q96,jpeg,"{""cell_id"":""jpeg_q70"",""name"":""jpeg"",""output_format"":""JPEG"",""parameter"":70,""stochastic"":false}",sid_set,unknown,unknown,unknown
sid_set_12f07d71989020b65453__matched_clean__fixed_q96__benchmark__jpeg_q50,sid_set_12f07d71989020b65453,sid_set_12f07d71989020b65453__matched_clean__fixed_q96,selection_val,ai_generated,6.153820514678955,0.997879147529602,epoch_014,42,fixed_q96,jpeg,"{""cell_id"":""jpeg_q50"",""name"":""jpeg"",""output_format"":""JPEG"",""parameter"":50,""stochastic"":false}",sid_set,unknown,unknown,unknown
sid_set_12f07d71989020b65453__matched_clean__fixed_q96__benchmark__jpeg_q30,sid_set_12f07d71989020b65453,sid_set_12f07d71989020b65453__matched_clean__fixed_q96,selection_val,ai_generated,5.669361591339111,0.9965618252754211,epoch_014,42,fixed_q96,jpeg,"{""cell_id"":""jpeg_q30"",""name"":""jpeg"",""output_format"":""JPEG"",""parameter"":30,""stochastic"":false}",sid_set,unknown,unknown,unknown
sid_set_12f07d71989020b65453__matched_clean__fixed_q96__benchmark__blur_sigma_0.5,sid_set_12f07d71989020b65453,sid_set_12f07d71989020b65453__matched_clean__fixed_q96,selection_val,ai_generated,5.069122314453125,0.9937513470649719,epoch_014,42,fixed_q96,blur,"{""cell_id"":""blur_sigma_0.5"",""name"":""blur"",""output_format"":""PNG"",""parameter"":0.5,""stochastic"":false}",sid_set,unknown,unknown,unknown
sid_set_12f07d71989020b65453__matched_clean__fixed_q96__benchmark__blur_sigma_1.0,sid_set_12f07d71989020b65453,sid_set_12f07d71989020b65453__matched_clean__fixed_q96,selection_val,ai_generated,5.034823894500732,0.9935346841812134,epoch_014,42,fixed_q96,blur,"{""cell_id"":""blur_sigma_1.0"",""name"":""blur"",""output_format"":""PNG"",""parameter"":1.0,""stochastic"":false}",sid_set,unknown,unknown,unknown
sid_set_12f07d71989020b65453__matched_clean__fixed_q96__benchmark__blur_sigma_2.0,sid_set_12f07d71989020b65453,sid_set_12f07d71989020b65453__matched_clean__fixed_q96,selection_val,ai_generated,3.988746166229248,0.981813907623291,epoch_014,42,fixed_q96,blur,"{""cell_id"":""blur_sigma_2.0"",""name"":""blur"",""output_format"":""PNG"",""parameter"":2.0,""stochastic"":false}",sid_set,unknown,unknown,unknown
sid_set_12f07d71989020b65453__matched_clean__fixed_q96__benchmark__resize_scale_0.5,sid_set_12f07d71989020b65453,sid_set_12f07d71989020b65453__matched_clean__fixed_q96,selection_val,ai_generated,5.625153064727783,0.9964069724082947,epoch_014,42,fixed_q96,resize,"{""cell_id"":""resize_scale_0.5"",""name"":""resize"",""output_format"":""PNG"",""parameter"":0.5,""stochastic"":false}",sid_set,unknown,unknown,unknown
sid_set_12f07d71989020b65453__matched_clean__fixed_q96__benchmark__resize_scale_0.25,sid_set_12f07d71989020b65453,sid_set_12f07d71989020b65453__matched_clean__fixed_q96,selection_val,ai_generated,3.7486648559570312,0.9769926071166992,epoch_014,42,fixed_q96,resize,"{""cell_id"":""resize_scale_0.25"",""name"":""resize"",""output_format"":""PNG"",""parameter"":0.25,""stochastic"":false}",sid_set,unknown,unknown,unknown
sid_set_12f07d71989020b65453__matched_clean__fixed_q96__benchmark__noise_sigma_0.02,sid_set_12f07d71989020b65453,sid_set_12f07d71989020b65453__matched_clean__fixed_q96,selection_val,ai_generated,5.210881233215332,0.9945728182792664,epoch_014,42,fixed_q96,noise,"{""cell_id"":""noise_sigma_0.02"",""name"":""noise"",""output_format"":""PNG"",""parameter"":0.02,""stochastic"":true}",sid_set,unknown,unknown,unknown
sid_set_12f07d71989020b65453__matched_clean__fixed_q96__benchmark__noise_sigma_0.05,sid_set_12f07d71989020b65453,sid_set_12f07d71989020b65453__matched_clean__fixed_q96,selection_val,ai_generated,4.819953441619873,0.9919974207878113,epoch_014,42,fixed_q96,noise,"{""cell_id"":""noise_sigma_0.05"",""name"":""noise"",""output_format"":""PNG"",""parameter"":0.05,""stochastic"":true}",sid_set,unknown,unknown,unknown
sid_set_12f07d71989020b65453__matched_clean__fixed_q96__benchmark__noise_sigma_0.1,sid_set_12f07d71989020b65453,sid_set_12f07d71989020b65453__matched_clean__fixed_q96,selection_val,ai_generated,3.7786316871643066,0.9776566624641418,epoch_014,42,fixed_q96,noise,"{""cell_id"":""noise_sigma_0.1"",""name"":""noise"",""output_format"":""PNG"",""parameter"":0.1,""stochastic"":true}",sid_set,unknown,unknown,unknown
sid_set_12f07d71989020b65453__matched_clean__fixed_q96__benchmark__color_jitter_0.2,sid_set_12f07d71989020b65453,sid_set_12f07d71989020b65453__matched_clean__fixed_q96,selection_val,ai_generated,6.269176006317139,0.9981098175048828,epoch_014,42,fixed_q96,color_jitter,"{""cell_id"":""color_jitter_0.2"",""name"":""color_jitter"",""output_format"":""PNG"",""parameter"":0.2,""stochastic"":true}",sid_set,unknown,unknown,unknown
sid_set_12f07d71989020b65453__matched_clean__fixed_q96__benchmark__center_crop_0.8,sid_set_12f07d71989020b65453,sid_set_12f07d71989020b65453__matched_clean__fixed_q96,selection_val,ai_generated,4.986663818359375,0.9932178854942322,epoch_014,42,fixed_q96,center_crop,"{""cell_id"":""center_crop_0.8"",""name"":""center_crop"",""output_format"":""PNG"",""parameter"":0.8,""stochastic"":false}",sid_set,unknown,unknown,unknown
sid_set_133eadf203627ac82088__matched_clean__fixed_q96__benchmark__jpeg_q90,sid_set_133eadf203627ac82088,sid_set_133eadf203627ac82088__matched_clean__fixed_q96,selection_val,authentic,-5.593836784362793,0.003706932533532381,epoch_014,42,fixed_q96,jpeg,"{""cell_id"":""jpeg_q90"",""name"":""jpeg"",""output_format"":""JPEG"",""parameter"":90,""stochastic"":false}",sid_set,unknown,unknown,unknown
sid_set_133eadf203627ac82088__matched_clean__fixed_q96__benchmark__jpeg_q70,sid_set_133eadf203627ac82088,sid_set_133eadf203627ac82088__matched_clean__fixed_q96,selection_val,authentic,-4.487499713897705,0.01112360693514347,epoch_014,42,fixed_q96,jpeg,"{""cell_id"":""jpeg_q70"",""name"":""jpeg"",""output_format"":""JPEG"",""parameter"":70,""stochastic"":false}",sid_set,unknown,unknown,unknown
sid_set_133eadf203627ac82088__matched_clean__fixed_q96__benchmark__jpeg_q50,sid_set_133eadf203627ac82088,sid_set_133eadf203627ac82088__matched_clean__fixed_q96,selection_val,authentic,-4.30568265914917,0.013312069699168205,epoch_014,42,fixed_q96,jpeg,"{""cell_id"":""jpeg_q50"",""name"":""jpeg"",""output_format"":""JPEG"",""parameter"":50,""stochastic"":false}",sid_set,unknown,unknown,unknown
sid_set_133eadf203627ac82088__matched_clean__fixed_q96__benchmark__jpeg_q30,sid_set_133eadf203627ac82088,sid_set_133eadf203627ac82088__matched_clean__fixed_q96,selection_val,authentic,-4.588887691497803,0.010061887092888355,epoch_014,42,fixed_q96,jpeg,"{""cell_id"":""jpeg_q30"",""name"":""jpeg"",""output_format"":""JPEG"",""parameter"":30,""stochastic"":false}",sid_set,unknown,unknown,unknown
sid_set_133eadf203627ac82088__matched_clean__fixed_q96__benchmark__blur_sigma_0.5,sid_set_133eadf203627ac82088,sid_set_133eadf203627ac82088__matched_clean__fixed_q96,selection_val,authentic,-6.007690906524658,0.0024537257850170135,epoch_014,42,fixed_q96,blur,"{""cell_id"":""blur_sigma_0.5"",""name"":""blur"",""output_format"":""PNG"",""parameter"":0.5,""stochastic"":false}",sid_set,unknown,unknown,unknown
sid_set_133eadf203627ac82088__matched_clean__fixed_q96__benchmark__blur_sigma_1.0,sid_set_133eadf203627ac82088,sid_set_133eadf203627ac82088__matched_clean__fixed_q96,selection_val,authentic,-5.646701335906982,0.0035167280584573746,epoch_014,42,fixed_q96,blur,"{""cell_id"":""blur_sigma_1.0"",""name"":""blur"",""output_format"":""PNG"",""parameter"":1.0,""stochastic"":false}",sid_set,unknown,unknown,unknown
sid_set_133eadf203627ac82088__matched_clean__fixed_q96__benchmark__blur_sigma_2.0,sid_set_133eadf203627ac82088,sid_set_133eadf203627ac82088__matched_clean__fixed_q96,selection_val,authentic,-4.197714328765869,0.014807338826358318,epoch_014,42,fixed_q96,blur,"{""cell_id"":""blur_sigma_2.0"",""name"":""blur"",""output_format"":""PNG"",""parameter"":2.0,""stochastic"":false}",sid_set,unknown,unknown,unknown
sid_set_133eadf203627ac82088__matched_clean__fixed_q96__benchmark__resize_scale_0.5,sid_set_133eadf203627ac82088,sid_set_133eadf203627ac82088__matched_clean__fixed_q96,selection_val,authentic,-4.504209041595459,0.01094130054116249,epoch_014,42,fixed_q96,resize,"{""cell_id"":""resize_scale_0.5"",""name"":""resize"",""output_format"":""PNG"",""parameter"":0.5,""stochastic"":false}",sid_set,unknown,unknown,unknown
sid_set_133eadf203627ac82088__matched_clean__fixed_q96__benchmark__resize_scale_0.25,sid_set_133eadf203627ac82088,sid_set_133eadf203627ac82088__matched_clean__fixed_q96,selection_val,authentic,-4.8712239265441895,0.007605689577758312,epoch_014,42,fixed_q96,resize,"{""cell_id"":""resize_scale_0.25"",""name"":""resize"",""output_format"":""PNG"",""parameter"":0.25,""stochastic"":false}",sid_set,unknown,unknown,unknown
sid_set_133eadf203627ac82088__matched_clean__fixed_q96__benchmark__noise_sigma_0.02,sid_set_133eadf203627ac82088,sid_set_133eadf203627ac82088__matched_clean__fixed_q96,selection_val,authentic,-3.2432589530944824,0.03756987303495407,epoch_014,42,fixed_q96,noise,"{""cell_id"":""noise_sigma_0.02"",""name"":""noise"",""output_format"":""PNG"",""parameter"":0.02,""stochastic"":true}",sid_set,unknown,unknown,unknown
sid_set_133eadf203627ac82088__matched_clean__fixed_q96__benchmark__noise_sigma_0.05,sid_set_133eadf203627ac82088,sid_set_133eadf203627ac82088__matched_clean__fixed_q96,selection_val,authentic,-3.7420949935913086,0.02315550297498703,epoch_014,42,fixed_q96,noise,"{""cell_id"":""noise_sigma_0.05"",""name"":""noise"",""output_format"":""PNG"",""parameter"":0.05,""stochastic"":true}",sid_set,unknown,unknown,unknown
sid_set_133eadf203627ac82088__matched_clean__fixed_q96__benchmark__noise_sigma_0.1,sid_set_133eadf203627ac82088,sid_set_133eadf203627ac82088__matched_clean__fixed_q96,selection_val,authentic,-3.3403215408325195,0.034213531762361526,epoch_014,42,fixed_q96,noise,"{""cell_id"":""noise_sigma_0.1"",""name"":""noise"",""output_format"":""PNG"",""parameter"":0.1,""stochastic"":true}",sid_set,unknown,unknown,unknown
sid_set_133eadf203627ac82088__matched_clean__fixed_q96__benchmark__color_jitter_0.2,sid_set_133eadf203627ac82088,sid_set_133eadf203627ac82088__matched_clean__fixed_q96,selection_val,authentic,-4.695950508117676,0.00904954131692648,epoch_014,42,fixed_q96,color_jitter,"{""cell_id"":""color_jitter_0.2"",""name"":""color_jitter"",""output_format"":""PNG"",""parameter"":0.2,""stochastic"":true}",sid_set,unknown,unknown,unknown
sid_set_133eadf203627ac82088__matched_clean__fixed_q96__benchmark__center_crop_0.8,sid_set_133eadf203627ac82088,sid_set_133eadf203627ac82088__matched_clean__fixed_q96,selection_val,authentic,-4.119441032409668,0.015993643552064896,epoch_014,42,fixed_q96,center_crop,"{""cell_id"":""center_crop_0.8"",""name"":""center_crop"",""output_format"":""PNG"",""parameter"":0.8,""stochastic"":false}",sid_set,unknown,unknown,unknown
sid_set_13cdae4ba38f34e45fba__matched_clean__fixed_q96__benchmark__jpeg_q90,sid_set_13cdae4ba38f34e45fba,sid_set_13cdae4ba38f34e45fba__matched_clean__fixed_q96,selection_val,authentic,-6.825801849365234,0.0010842283954843879,epoch_014,42,fixed_q96,jpeg,"{""cell_id"":""jpeg_q90"",""name"":""jpeg"",""output_format"":""JPEG"",""parameter"":90,""stochastic"":false}",sid_set,unknown,unknown,unknown
sid_set_13cdae4ba38f34e45fba__matched_clean__fixed_q96__benchmark__jpeg_q70,sid_set_13cdae4ba38f34e45fba,sid_set_13cdae4ba38f34e45fba__matched_clean__fixed_q96,selection_val,authentic,-6.372316837310791,0.0017052841139957309,epoch_014,42,fixed_q96,jpeg,"{""cell_id"":""jpeg_q70"",""name"":""jpeg"",""output_format"":""JPEG"",""parameter"":70,""stochastic"":false}",sid_set,unknown,unknown,unknown
sid_set_13cdae4ba38f34e45fba__matched_clean__fixed_q96__benchmark__jpeg_q50,sid_set_13cdae4ba38f34e45fba,sid_set_13cdae4ba38f34e45fba__matched_clean__fixed_q96,selection_val,authentic,-5.668501377105713,0.003441153559833765,epoch_014,42,fixed_q96,jpeg,"{""cell_id"":""jpeg_q50"",""name"":""jpeg"",""output_format"":""JPEG"",""parameter"":50,""stochastic"":false}",sid_set,unknown,unknown,unknown
sid_set_13cdae4ba38f34e45fba__matched_clean__fixed_q96__benchmark__jpeg_q30,sid_set_13cdae4ba38f34e45fba,sid_set_13cdae4ba38f34e45fba__matched_clean__fixed_q96,selection_val,authentic,-6.416543960571289,0.0016316281398758292,epoch_014,42,fixed_q96,jpeg,"{""cell_id"":""jpeg_q30"",""name"":""jpeg"",""output_format"":""JPEG"",""parameter"":30,""stochastic"":false}",sid_set,unknown,unknown,unknown
sid_set_13cdae4ba38f34e45fba__matched_clean__fixed_q96__benchmark__blur_sigma_0.5,sid_set_13cdae4ba38f34e45fba,sid_set_13cdae4ba38f34e45fba__matched_clean__fixed_q96,selection_val,authentic,-7.474663734436035,0.0005669548409059644,epoch_014,42,fixed_q96,blur,"{""cell_id"":""blur_sigma_0.5"",""name"":""blur"",""output_format"":""PNG"",""parameter"":0.5,""stochastic"":false}",sid_set,unknown,unknown,unknown
sid_set_13cdae4ba38f34e45fba__matched_clean__fixed_q96__benchmark__blur_sigma_1.0,sid_set_13cdae4ba38f34e45fba,sid_set_13cdae4ba38f34e45fba__matched_clean__fixed_q96,selection_val,authentic,-6.5760650634765625,0.0013913825387135148,epoch_014,42,fixed_q96,blur,"{""cell_id"":""blur_sigma_1.0"",""name"":""blur"",""output_format"":""PNG"",""parameter"":1.0,""stochastic"":false}",sid_set,unknown,unknown,unknown
sid_set_13cdae4ba38f34e45fba__matched_clean__fixed_q96__benchmark__blur_sigma_2.0,sid_set_13cdae4ba38f34e45fba,sid_set_13cdae4ba38f34e45fba__matched_clean__fixed_q96,selection_val,authentic,-4.499804973602295,0.010989062488079071,epoch_014,42,fixed_q96,blur,"{""cell_id"":""blur_sigma_2.0"",""name"":""blur"",""output_format"":""PNG"",""parameter"":2.0,""stochastic"":false}",sid_set,unknown,unknown,unknown
sid_set_13cdae4ba38f34e45fba__matched_clean__fixed_q96__benchmark__resize_scale_0.5,sid_set_13cdae4ba38f34e45fba,sid_set_13cdae4ba38f34e45fba__matched_clean__fixed_q96,selection_val,authentic,-5.40628719329834,0.004468218889087439,epoch_014,42,fixed_q96,resize,"{""cell_id"":""resize_scale_0.5"",""name"":""resize"",""output_format"":""PNG"",""parameter"":0.5,""stochastic"":false}",sid_set,unknown,unknown,unknown
sid_set_13cdae4ba38f34e45fba__matched_clean__fixed_q96__benchmark__resize_scale_0.25,sid_set_13cdae4ba38f34e45fba,sid_set_13cdae4ba38f34e45fba__matched_clean__fixed_q96,selection_val,authentic,-5.476162910461426,0.004167914390563965,epoch_014,42,fixed_q96,resize,"{""cell_id"":""resize_scale_0.25"",""name"":""resize"",""output_format"":""PNG"",""parameter"":0.25,""stochastic"":false}",sid_set,unknown,unknown,unknown
sid_set_13cdae4ba38f34e45fba__matched_clean__fixed_q96__benchmark__noise_sigma_0.02,sid_set_13cdae4ba38f34e45fba,sid_set_13cdae4ba38f34e45fba__matched_clean__fixed_q96,selection_val,authentic,-5.479793071746826,0.004152873996645212,epoch_014,42,fixed_q96,noise,"{""cell_id"":""noise_sigma_0.02"",""name"":""noise"",""output_format"":""PNG"",""parameter"":0.02,""stochastic"":true}",sid_set,unknown,unknown,unknown
sid_set_13cdae4ba38f34e45fba__matched_clean__fixed_q96__benchmark__noise_sigma_0.05,sid_set_13cdae4ba38f34e45fba,sid_set_13cdae4ba38f34e45fba__matched_clean__fixed_q96,selection_val,authentic,-5.192376136779785,0.005528053268790245,epoch_014,42,fixed_q96,noise,"{""cell_id"":""noise_sigma_0.05"",""name"":""noise"",""output_format"":""PNG"",""parameter"":0.05,""stochastic"":true}",sid_set,unknown,unknown,unknown
sid_set_13cdae4ba38f34e45fba__matched_clean__fixed_q96__benchmark__noise_sigma_0.1,sid_set_13cdae4ba38f34e45fba,sid_set_13cdae4ba38f34e45fba__matched_clean__fixed_q96,selection_val,authentic,-4.7156500816345215,0.008874580264091492,epoch_014,42,fixed_q96,noise,"{""cell_id"":""noise_sigma_0.1"",""name"":""noise"",""output_format"":""PNG"",""parameter"":0.1,""stochastic"":true}",sid_set,unknown,unknown,unknown
sid_set_13cdae4ba38f34e45fba__matched_clean__fixed_q96__benchmark__color_jitter_0.2,sid_set_13cdae4ba38f34e45fba,sid_set_13cdae4ba38f34e45fba__matched_clean__fixed_q96,selection_val,authentic,-7.202037334442139,0.0007445116061717272,epoch_014,42,fixed_q96,color_jitter,"{""cell_id"":""color_jitter_0.2"",""name"":""color_jitter"",""output_format"":""PNG"",""parameter"":0.2,""stochastic"":true}",sid_set,unknown,unknown,unknown
sid_set_13cdae4ba38f34e45fba__matched_clean__fixed_q96__benchmark__center_crop_0.8,sid_set_13cdae4ba38f34e45fba,sid_set_13cdae4ba38f34e45fba__matched_clean__fixed_q96,selection_val,authentic,-5.7432146072387695,0.003194214776158333,epoch_014,42,fixed_q96,center_crop,"{""cell_id"":""center_crop_0.8"",""name"":""center_crop"",""output_format"":""PNG"",""parameter"":0.8,""stochastic"":false}",sid_set,unknown,unknown,unknown
sid_set_13dbd8d3b5b9463c21fc__matched_clean__fixed_q96__benchmark__jpeg_q90,sid_set_13dbd8d3b5b9463c21fc,sid_set_13dbd8d3b5b9463c21fc__matched_clean__fixed_q96,selection_val,ai_generated,5.11649751663208,0.9940388202667236,epoch_014,42,fixed_q96,jpeg,"{""cell_id"":""jpeg_q90"",""name"":""jpeg"",""output_format"":""JPEG"",""parameter"":90,""stochastic"":false}",sid_set,unknown,unknown,unknown
sid_set_13dbd8d3b5b9463c21fc__matched_clean__fixed_q96__benchmark__jpeg_q70,sid_set_13dbd8d3b5b9463c21fc,sid_set_13dbd8d3b5b9463c21fc__matched_clean__fixed_q96,selection_val,ai_generated,3.98433256149292,0.9817349314689636,epoch_014,42,fixed_q96,jpeg,"{""cell_id"":""jpeg_q70"",""name"":""jpeg"",""output_format"":""JPEG"",""parameter"":70,""stochastic"":false}",sid_set,unknown,unknown,unknown
sid_set_13dbd8d3b5b9463c21fc__matched_clean__fixed_q96__benchmark__jpeg_q50,sid_set_13dbd8d3b5b9463c21fc,sid_set_13dbd8d3b5b9463c21fc__matched_clean__fixed_q96,selection_val,ai_generated,4.346373558044434,0.9872118830680847,epoch_014,42,fixed_q96,jpeg,"{""cell_id"":""jpeg_q50"",""name"":""jpeg"",""output_format"":""JPEG"",""parameter"":50,""stochastic"":false}",sid_set,unknown,unknown,unknown
sid_set_13dbd8d3b5b9463c21fc__matched_clean__fixed_q96__benchmark__jpeg_q30,sid_set_13dbd8d3b5b9463c21fc,sid_set_13dbd8d3b5b9463c21fc__matched_clean__fixed_q96,selection_val,ai_generated,4.274421215057373,0.9862710237503052,epoch_014,42,fixed_q96,jpeg,"{""cell_id"":""jpeg_q30"",""name"":""jpeg"",""output_format"":""JPEG"",""parameter"":30,""stochastic"":false}",sid_set,unknown,unknown,unknown
sid_set_13dbd8d3b5b9463c21fc__matched_clean__fixed_q96__benchmark__blur_sigma_0.5,sid_set_13dbd8d3b5b9463c21fc,sid_set_13dbd8d3b5b9463c21fc__matched_clean__fixed_q96,selection_val,ai_generated,4.651236057281494,0.990540623664856,epoch_014,42,fixed_q96,blur,"{""cell_id"":""blur_sigma_0.5"",""name"":""blur"",""output_format"":""PNG"",""parameter"":0.5,""stochastic"":false}",sid_set,unknown,unknown,unknown
sid_set_13dbd8d3b5b9463c21fc__matched_clean__fixed_q96__benchmark__blur_sigma_1.0,sid_set_13dbd8d3b5b9463c21fc,sid_set_13dbd8d3b5b9463c21fc__matched_clean__fixed_q96,selection_val,ai_generated,4.692165374755859,0.9909164309501648,epoch_014,42,fixed_q96,blur,"{""cell_id"":""blur_sigma_1.0"",""name"":""blur"",""output_format"":""PNG"",""parameter"":1.0,""stochastic"":false}",sid_set,unknown,unknown,unknown
sid_set_13dbd8d3b5b9463c21fc__matched_clean__fixed_q96__benchmark__blur_sigma_2.0,sid_set_13dbd8d3b5b9463c21fc,sid_set_13dbd8d3b5b9463c21fc__matched_clean__fixed_q96,selection_val,ai_generated,4.342720031738281,0.9871657490730286,epoch_014,42,fixed_q96,blur,"{""cell_id"":""blur_sigma_2.0"",""name"":""blur"",""output_format"":""PNG"",""parameter"":2.0,""stochastic"":false}",sid_set,unknown,unknown,unknown
sid_set_13dbd8d3b5b9463c21fc__matched_clean__fixed_q96__benchmark__resize_scale_0.5,sid_set_13dbd8d3b5b9463c21fc,sid_set_13dbd8d3b5b9463c21fc__matched_clean__fixed_q96,selection_val,ai_generated,4.647008419036865,0.990500807762146,epoch_014,42,fixed_q96,resize,"{""cell_id"":""resize_scale_0.5"",""name"":""resize"",""output_format"":""PNG"",""parameter"":0.5,""stochastic"":false}",sid_set,unknown,unknown,unknown
sid_set_13dbd8d3b5b9463c21fc__matched_clean__fixed_q96__benchmark__resize_scale_0.25,sid_set_13dbd8d3b5b9463c21fc,sid_set_13dbd8d3b5b9463c21fc__matched_clean__fixed_q96,selection_val,ai_generated,3.5521819591522217,0.9721365571022034,epoch_014,42,fixed_q96,resize,"{""cell_id"":""resize_scale_0.25"",""name"":""resize"",""output_format"":""PNG"",""parameter"":0.25,""stochastic"":false}",sid_set,unknown,unknown,unknown
sid_set_13dbd8d3b5b9463c21fc__matched_clean__fixed_q96__benchmark__noise_sigma_0.02,sid_set_13dbd8d3b5b9463c21fc,sid_set_13dbd8d3b5b9463c21fc__matched_clean__fixed_q96,selection_val,ai_generated,4.360565662384033,0.9873899221420288,epoch_014,42,fixed_q96,noise,"{""cell_id"":""noise_sigma_0.02"",""name"":""noise"",""output_format"":""PNG"",""parameter"":0.02,""stochastic"":true}",sid_set,unknown,unknown,unknown
sid_set_13dbd8d3b5b9463c21fc__matched_clean__fixed_q96__benchmark__noise_sigma_0.05,sid_set_13dbd8d3b5b9463c21fc,sid_set_13dbd8d3b5b9463c21fc__matched_clean__fixed_q96,selection_val,ai_generated,4.176204204559326,0.9848756194114685,epoch_014,42,fixed_q96,noise,"{""cell_id"":""noise_sigma_0.05"",""name"":""noise"",""output_format"":""PNG"",""parameter"":0.05,""stochastic"":true}",sid_set,unknown,unknown,unknown
sid_set_13dbd8d3b5b9463c21fc__matched_clean__fixed_q96__benchmark__noise_sigma_0.1,sid_set_13dbd8d3b5b9463c21fc,sid_set_13dbd8d3b5b9463c21fc__matched_clean__fixed_q96,selection_val,ai_generated,3.96895694732666,0.9814572334289551,epoch_014,42,fixed_q96,noise,"{""cell_id"":""noise_sigma_0.1"",""name"":""noise"",""output_format"":""PNG"",""parameter"":0.1,""stochastic"":true}",sid_set,unknown,unknown,unknown
sid_set_13dbd8d3b5b9463c21fc__matched_clean__fixed_q96__benchmark__color_jitter_0.2,sid_set_13dbd8d3b5b9463c21fc,sid_set_13dbd8d3b5b9463c21fc__matched_clean__fixed_q96,selection_val,ai_generated,5.3342061042785645,0.99519944190979,epoch_014,42,fixed_q96,color_jitter,"{""cell_id"":""color_jitter_0.2"",""name"":""color_jitter"",""output_format"":""PNG"",""parameter"":0.2,""stochastic"":true}",sid_set,unknown,unknown,unknown
sid_set_13dbd8d3b5b9463c21fc__matched_clean__fixed_q96__benchmark__center_crop_0.8,sid_set_13dbd8d3b5b9463c21fc,sid_set_13dbd8d3b5b9463c21fc__matched_clean__fixed_q96,selection_val,ai_generated,5.262693881988525,0.9948453903198242,epoch_014,42,fixed_q96,center_crop,"{""cell_id"":""center_crop_0.8"",""name"":""center_crop"",""output_format"":""PNG"",""parameter"":0.8,""stochastic"":false}",sid_set,unknown,unknown,unknown
sid_set_13ee43f94bb753f42488__matched_clean__fixed_q96__benchmark__jpeg_q90,sid_set_13ee43f94bb753f42488,sid_set_13ee43f94bb753f42488__matched_clean__fixed_q96,selection_val,authentic,-6.506399154663086,0.0014916209038347006,epoch_014,42,fixed_q96,jpeg,"{""cell_id"":""jpeg_q90"",""name"":""jpeg"",""output_format"":""JPEG"",""parameter"":90,""stochastic"":false}",sid_set,unknown,unknown,unknown
sid_set_13ee43f94bb753f42488__matched_clean__fixed_q96__benchmark__jpeg_q70,sid_set_13ee43f94bb753f42488,sid_set_13ee43f94bb753f42488__matched_clean__fixed_q96,selection_val,authentic,-5.965560436248779,0.0025590406730771065,epoch_014,42,fixed_q96,jpeg,"{""cell_id"":""jpeg_q70"",""name"":""jpeg"",""output_format"":""JPEG"",""parameter"":70,""stochastic"":false}",sid_set,unknown,unknown,unknown
sid_set_13ee43f94bb753f42488__matched_clean__fixed_q96__benchmark__jpeg_q50,sid_set_13ee43f94bb753f42488,sid_set_13ee43f94bb753f42488__matched_clean__fixed_q96,selection_val,authentic,-5.361729621887207,0.004670863039791584,epoch_014,42,fixed_q96,jpeg,"{""cell_id"":""jpeg_q50"",""name"":""jpeg"",""output_format"":""JPEG"",""parameter"":50,""stochastic"":false}",sid_set,unknown,unknown,unknown
sid_set_13ee43f94bb753f42488__matched_clean__fixed_q96__benchmark__jpeg_q30,sid_set_13ee43f94bb753f42488,sid_set_13ee43f94bb753f42488__matched_clean__fixed_q96,selection_val,authentic,-4.633359432220459,0.009628435596823692,epoch_014,42,fixed_q96,jpeg,"{""cell_id"":""jpeg_q30"",""name"":""jpeg"",""output_format"":""JPEG"",""parameter"":30,""stochastic"":false}",sid_set,unknown,unknown,unknown
sid_set_13ee43f94bb753f42488__matched_clean__fixed_q96__benchmark__blur_sigma_0.5,sid_set_13ee43f94bb753f42488,sid_set_13ee43f94bb753f42488__matched_clean__fixed_q96,selection_val,authentic,-6.905104160308838,0.00100165035109967,epoch_014,42,fixed_q96,blur,"{""cell_id"":""blur_sigma_0.5"",""name"":""blur"",""output_format"":""PNG"",""parameter"":0.5,""stochastic"":false}",sid_set,unknown,unknown,unknown
sid_set_13ee43f94bb753f42488__matched_clean__fixed_q96__benchmark__blur_sigma_1.0,sid_set_13ee43f94bb753f42488,sid_set_13ee43f94bb753f42488__matched_clean__fixed_q96,selection_val,authentic,-5.755703449249268,0.0031546959653496742,epoch_014,42,fixed_q96,blur,"{""cell_id"":""blur_sigma_1.0"",""name"":""blur"",""output_format"":""PNG"",""parameter"":1.0,""stochastic"":false}",sid_set,unknown,unknown,unknown
sid_set_13ee43f94bb753f42488__matched_clean__fixed_q96__benchmark__blur_sigma_2.0,sid_set_13ee43f94bb753f42488,sid_set_13ee43f94bb753f42488__matched_clean__fixed_q96,selection_val,authentic,-3.9187562465667725,0.019478825852274895,epoch_014,42,fixed_q96,blur,"{""cell_id"":""blur_sigma_2.0"",""name"":""blur"",""output_format"":""PNG"",""parameter"":2.0,""stochastic"":false}",sid_set,unknown,unknown,unknown
sid_set_13ee43f94bb753f42488__matched_clean__fixed_q96__benchmark__resize_scale_0.5,sid_set_13ee43f94bb753f42488,sid_set_13ee43f94bb753f42488__matched_clean__fixed_q96,selection_val,authentic,-4.919187545776367,0.007252085953950882,epoch_014,42,fixed_q96,resize,"{""cell_id"":""resize_scale_0.5"",""name"":""resize"",""output_format"":""PNG"",""parameter"":0.5,""stochastic"":false}",sid_set,unknown,unknown,unknown
sid_set_13ee43f94bb753f42488__matched_clean__fixed_q96__benchmark__resize_scale_0.25,sid_set_13ee43f94bb753f42488,sid_set_13ee43f94bb753f42488__matched_clean__fixed_q96,selection_val,authentic,-3.5281548500061035,0.028521668165922165,epoch_014,42,fixed_q96,resize,"{""cell_id"":""resize_scale_0.25"",""name"":""resize"",""output_format"":""PNG"",""parameter"":0.25,""stochastic"":false}",sid_set,unknown,unknown,unknown
sid_set_13ee43f94bb753f42488__matched_clean__fixed_q96__benchmark__noise_sigma_0.02,sid_set_13ee43f94bb753f42488,sid_set_13ee43f94bb753f42488__matched_clean__fixed_q96,selection_val,authentic,-3.8850996494293213,0.020132150501012802,epoch_014,42,fixed_q96,noise,"{""cell_id"":""noise_sigma_0.02"",""name"":""noise"",""output_format"":""PNG"",""parameter"":0.02,""stochastic"":true}",sid_set,unknown,unknown,unknown
sid_set_13ee43f94bb753f42488__matched_clean__fixed_q96__benchmark__noise_sigma_0.05,sid_set_13ee43f94bb753f42488,sid_set_13ee43f94bb753f42488__matched_clean__fixed_q96,selection_val,authentic,-3.8380188941955566,0.021082192659378052,epoch_014,42,fixed_q96,noise,"{""cell_id"":""noise_sigma_0.05"",""name"":""noise"",""output_format"":""PNG"",""parameter"":0.05,""stochastic"":true}",sid_set,unknown,unknown,unknown
sid_set_13ee43f94bb753f42488__matched_clean__fixed_q96__benchmark__noise_sigma_0.1,sid_set_13ee43f94bb753f42488,sid_set_13ee43f94bb753f42488__matched_clean__fixed_q96,selection_val,authentic,-2.0966436862945557,0.10942346602678299,epoch_014,42,fixed_q96,noise,"{""cell_id"":""noise_sigma_0.1"",""name"":""noise"",""output_format"":""PNG"",""parameter"":0.1,""stochastic"":true}",sid_set,unknown,unknown,unknown
sid_set_13ee43f94bb753f42488__matched_clean__fixed_q96__benchmark__color_jitter_0.2,sid_set_13ee43f94bb753f42488,sid_set_13ee43f94bb753f42488__matched_clean__fixed_q96,selection_val,authentic,-6.455437183380127,0.0015694847097620368,epoch_014,42,fixed_q96,color_jitter,"{""cell_id"":""color_jitter_0.2"",""name"":""color_jitter"",""output_format"":""PNG"",""parameter"":0.2,""stochastic"":true}",sid_set,unknown,unknown,unknown
sid_set_13ee43f94bb753f42488__matched_clean__fixed_q96__benchmark__center_crop_0.8,sid_set_13ee43f94bb753f42488,sid_set_13ee43f94bb753f42488__matched_clean__fixed_q96,selection_val,authentic,-6.632233142852783,0.0013154854532331228,epoch_014,42,fixed_q96,center_crop,"{""cell_id"":""center_crop_0.8"",""name"":""center_crop"",""output_format"":""PNG"",""parameter"":0.8,""stochastic"":false}",sid_set,unknown,unknown,unknown
sid_set_13fac7778160679f74c2__matched_clean__fixed_q96__benchmark__jpeg_q90,sid_set_13fac7778160679f74c2,sid_set_13fac7778160679f74c2__matched_clean__fixed_q96,selection_val,authentic,-5.408576965332031,0.004458044655621052,epoch_014,42,fixed_q96,jpeg,"{""cell_id"":""jpeg_q90"",""name"":""jpeg"",""output_format"":""JPEG"",""parameter"":90,""stochastic"":false}",sid_set,unknown,unknown,unknown
sid_set_13fac7778160679f74c2__matched_clean__fixed_q96__benchmark__jpeg_q70,sid_set_13fac7778160679f74c2,sid_set_13fac7778160679f74c2__matched_clean__fixed_q96,selection_val,authentic,-5.292508125305176,0.0050039649941027164,epoch_014,42,fixed_q96,jpeg,"{""cell_id"":""jpeg_q70"",""name"":""jpeg"",""output_format"":""JPEG"",""parameter"":70,""stochastic"":false}",sid_set,unknown,unknown,unknown
sid_set_13fac7778160679f74c2__matched_clean__fixed_q96__benchmark__jpeg_q50,sid_set_13fac7778160679f74c2,sid_set_13fac7778160679f74c2__matched_clean__fixed_q96,selection_val,authentic,-5.284906387329102,0.005041956435889006,epoch_014,42,fixed_q96,jpeg,"{""cell_id"":""jpeg_q50"",""name"":""jpeg"",""output_format"":""JPEG"",""parameter"":50,""stochastic"":false}",sid_set,unknown,unknown,unknown
sid_set_13fac7778160679f74c2__matched_clean__fixed_q96__benchmark__jpeg_q30,sid_set_13fac7778160679f74c2,sid_set_13fac7778160679f74c2__matched_clean__fixed_q96,selection_val,authentic,-4.675930976867676,0.009230844676494598,epoch_014,42,fixed_q96,jpeg,"{""cell_id"":""jpeg_q30"",""name"":""jpeg"",""output_format"":""JPEG"",""parameter"":30,""stochastic"":false}",sid_set,unknown,unknown,unknown
sid_set_13fac7778160679f74c2__matched_clean__fixed_q96__benchmark__blur_sigma_0.5,sid_set_13fac7778160679f74c2,sid_set_13fac7778160679f74c2__matched_clean__fixed_q96,selection_val,authentic,-5.990819454193115,0.0024953708052635193,epoch_014,42,fixed_q96,blur,"{""cell_id"":""blur_sigma_0.5"",""name"":""blur"",""output_format"":""PNG"",""parameter"":0.5,""stochastic"":false}",sid_set,unknown,unknown,unknown
sid_set_13fac7778160679f74c2__matched_clean__fixed_q96__benchmark__blur_sigma_1.0,sid_set_13fac7778160679f74c2,sid_set_13fac7778160679f74c2__matched_clean__fixed_q96,selection_val,authentic,-4.766723155975342,0.008436435833573341,epoch_014,42,fixed_q96,blur,"{""cell_id"":""blur_sigma_1.0"",""name"":""blur"",""output_format"":""PNG"",""parameter"":1.0,""stochastic"":false}",sid_set,unknown,unknown,unknown
sid_set_13fac7778160679f74c2__matched_clean__fixed_q96__benchmark__blur_sigma_2.0,sid_set_13fac7778160679f74c2,sid_set_13fac7778160679f74c2__matched_clean__fixed_q96,selection_val,authentic,-2.0642173290252686,0.1126236543059349,epoch_014,42,fixed_q96,blur,"{""cell_id"":""blur_sigma_2.0"",""name"":""blur"",""output_format"":""PNG"",""parameter"":2.0,""stochastic"":false}",sid_set,unknown,unknown,unknown
sid_set_13fac7778160679f74c2__matched_clean__fixed_q96__benchmark__resize_scale_0.5,sid_set_13fac7778160679f74c2,sid_set_13fac7778160679f74c2__matched_clean__fixed_q96,selection_val,authentic,-3.1418607234954834,0.041413187980651855,epoch_014,42,fixed_q96,resize,"{""cell_id"":""resize_scale_0.5"",""name"":""resize"",""output_format"":""PNG"",""parameter"":0.5,""stochastic"":false}",sid_set,unknown,unknown,unknown
sid_set_13fac7778160679f74c2__matched_clean__fixed_q96__benchmark__resize_scale_0.25,sid_set_13fac7778160679f74c2,sid_set_13fac7778160679f74c2__matched_clean__fixed_q96,selection_val,authentic,-2.858999729156494,0.05421797186136246,epoch_014,42,fixed_q96,resize,"{""cell_id"":""resize_scale_0.25"",""name"":""resize"",""output_format"":""PNG"",""parameter"":0.25,""stochastic"":false}",sid_set,unknown,unknown,unknown
sid_set_13fac7778160679f74c2__matched_clean__fixed_q96__benchmark__noise_sigma_0.02,sid_set_13fac7778160679f74c2,sid_set_13fac7778160679f74c2__matched_clean__fixed_q96,selection_val,authentic,-4.089263439178467,0.016475575044751167,epoch_014,42,fixed_q96,noise,"{""cell_id"":""noise_sigma_0.02"",""name"":""noise"",""output_format"":""PNG"",""parameter"":0.02,""stochastic"":true}",sid_set,unknown,unknown,unknown
sid_set_13fac7778160679f74c2__matched_clean__fixed_q96__benchmark__noise_sigma_0.05,sid_set_13fac7778160679f74c2,sid_set_13fac7778160679f74c2__matched_clean__fixed_q96,selection_val,authentic,-3.4254519939422607,0.03150942549109459,epoch_014,42,fixed_q96,noise,"{""cell_id"":""noise_sigma_0.05"",""name"":""noise"",""output_format"":""PNG"",""parameter"":0.05,""stochastic"":true}",sid_set,unknown,unknown,unknown
sid_set_13fac7778160679f74c2__matched_clean__fixed_q96__benchmark__noise_sigma_0.1,sid_set_13fac7778160679f74c2,sid_set_13fac7778160679f74c2__matched_clean__fixed_q96,selection_val,authentic,-4.030569076538086,0.017454158514738083,epoch_014,42,fixed_q96,noise,"{""cell_id"":""noise_sigma_0.1"",""name"":""noise"",""output_format"":""PNG"",""parameter"":0.1,""stochastic"":true}",sid_set,unknown,unknown,unknown
sid_set_13fac7778160679f74c2__matched_clean__fixed_q96__benchmark__color_jitter_0.2,sid_set_13fac7778160679f74c2,sid_set_13fac7778160679f74c2__matched_clean__fixed_q96,selection_val,authentic,-4.8401312828063965,0.007844001054763794,epoch_014,42,fixed_q96,color_jitter,"{""cell_id"":""color_jitter_0.2"",""name"":""color_jitter"",""output_format"":""PNG"",""parameter"":0.2,""stochastic"":true}",sid_set,unknown,unknown,unknown
sid_set_13fac7778160679f74c2__matched_clean__fixed_q96__benchmark__center_crop_0.8,sid_set_13fac7778160679f74c2,sid_set_13fac7778160679f74c2__matched_clean__fixed_q96,selection_val,authentic,-4.428544044494629,0.011791159398853779,epoch_014,42,fixed_q96,center_crop,"{""cell_id"":""center_crop_0.8"",""name"":""center_crop"",""output_format"":""PNG"",""parameter"":0.8,""stochastic"":false}",sid_set,unknown,unknown,unknown
sid_set_1409a09d7d0349f0604a__matched_clean__fixed_q96__benchmark__jpeg_q90,sid_set_1409a09d7d0349f0604a,sid_set_1409a09d7d0349f0604a__matched_clean__fixed_q96,selection_val,authentic,-6.5526933670043945,0.0014242376200854778,epoch_014,42,fixed_q96,jpeg,"{""cell_id"":""jpeg_q90"",""name"":""jpeg"",""output_format"":""JPEG"",""parameter"":90,""stochastic"":false}",sid_set,unknown,unknown,unknown
sid_set_1409a09d7d0349f0604a__matched_clean__fixed_q96__benchmark__jpeg_q70,sid_set_1409a09d7d0349f0604a,sid_set_1409a09d7d0349f0604a__matched_clean__fixed_q96,selection_val,authentic,-5.54843282699585,0.003878453280776739,epoch_014,42,fixed_q96,jpeg,"{""cell_id"":""jpeg_q70"",""name"":""jpeg"",""output_format"":""JPEG"",""parameter"":70,""stochastic"":false}",sid_set,unknown,unknown,unknown
sid_set_1409a09d7d0349f0604a__matched_clean__fixed_q96__benchmark__jpeg_q50,sid_set_1409a09d7d0349f0604a,sid_set_1409a09d7d0349f0604a__matched_clean__fixed_q96,selection_val,authentic,-5.917685508728027,0.0026841978542506695,epoch_014,42,fixed_q96,jpeg,"{""cell_id"":""jpeg_q50"",""name"":""jpeg"",""output_format"":""JPEG"",""parameter"":50,""stochastic"":false}",sid_set,unknown,unknown,unknown
sid_set_1409a09d7d0349f0604a__matched_clean__fixed_q96__benchmark__jpeg_q30,sid_set_1409a09d7d0349f0604a,sid_set_1409a09d7d0349f0604a__matched_clean__fixed_q96,selection_val,authentic,-5.840322494506836,0.002899473300203681,epoch_014,42,fixed_q96,jpeg,"{""cell_id"":""jpeg_q30"",""name"":""jpeg"",""output_format"":""JPEG"",""parameter"":30,""stochastic"":false}",sid_set,unknown,unknown,unknown
sid_set_1409a09d7d0349f0604a__matched_clean__fixed_q96__benchmark__blur_sigma_0.5,sid_set_1409a09d7d0349f0604a,sid_set_1409a09d7d0349f0604a__matched_clean__fixed_q96,selection_val,authentic,-6.881531715393066,0.0010255175875499845,epoch_014,42,fixed_q96,blur,"{""cell_id"":""blur_sigma_0.5"",""name"":""blur"",""output_format"":""PNG"",""parameter"":0.5,""stochastic"":false}",sid_set,unknown,unknown,unknown
sid_set_1409a09d7d0349f0604a__matched_clean__fixed_q96__benchmark__blur_sigma_1.0,sid_set_1409a09d7d0349f0604a,sid_set_1409a09d7d0349f0604a__matched_clean__fixed_q96,selection_val,authentic,-5.497949123382568,0.004078459460288286,epoch_014,42,fixed_q96,blur,"{""cell_id"":""blur_sigma_1.0"",""name"":""blur"",""output_format"":""PNG"",""parameter"":1.0,""stochastic"":false}",sid_set,unknown,unknown,unknown
sid_set_1409a09d7d0349f0604a__matched_clean__fixed_q96__benchmark__blur_sigma_2.0,sid_set_1409a09d7d0349f0604a,sid_set_1409a09d7d0349f0604a__matched_clean__fixed_q96,selection_val,authentic,-3.691241502761841,0.024334101006388664,epoch_014,42,fixed_q96,blur,"{""cell_id"":""blur_sigma_2.0"",""name"":""blur"",""output_format"":""PNG"",""parameter"":2.0,""stochastic"":false}",sid_set,unknown,unknown,unknown
sid_set_1409a09d7d0349f0604a__matched_clean__fixed_q96__benchmark__resize_scale_0.5,sid_set_1409a09d7d0349f0604a,sid_set_1409a09d7d0349f0604a__matched_clean__fixed_q96,selection_val,authentic,-4.317196846008301,0.013161677867174149,epoch_014,42,fixed_q96,resize,"{""cell_id"":""resize_scale_0.5"",""name"":""resize"",""output_format"":""PNG"",""parameter"":0.5,""stochastic"":false}",sid_set,unknown,unknown,unknown
sid_set_1409a09d7d0349f0604a__matched_clean__fixed_q96__benchmark__resize_scale_0.25,sid_set_1409a09d7d0349f0604a,sid_set_1409a09d7d0349f0604a__matched_clean__fixed_q96,selection_val,authentic,-3.728578567504883,0.023463215678930283,epoch_014,42,fixed_q96,resize,"{""cell_id"":""resize_scale_0.25"",""name"":""resize"",""output_format"":""PNG"",""parameter"":0.25,""stochastic"":false}",sid_set,unknown,unknown,unknown
sid_set_1409a09d7d0349f0604a__matched_clean__fixed_q96__benchmark__noise_sigma_0.02,sid_set_1409a09d7d0349f0604a,sid_set_1409a09d7d0349f0604a__matched_clean__fixed_q96,selection_val,authentic,-5.787857532501221,0.0030551780946552753,epoch_014,42,fixed_q96,noise,"{""cell_id"":""noise_sigma_0.02"",""name"":""noise"",""output_format"":""PNG"",""parameter"":0.02,""stochastic"":true}",sid_set,unknown,unknown,unknown
sid_set_1409a09d7d0349f0604a__matched_clean__fixed_q96__benchmark__noise_sigma_0.05,sid_set_1409a09d7d0349f0604a,sid_set_1409a09d7d0349f0604a__matched_clean__fixed_q96,selection_val,authentic,-5.96623420715332,0.00255732168443501,epoch_014,42,fixed_q96,noise,"{""cell_id"":""noise_sigma_0.05"",""name"":""noise"",""output_format"":""PNG"",""parameter"":0.05,""stochastic"":true}",sid_set,unknown,unknown,unknown
sid_set_1409a09d7d0349f0604a__matched_clean__fixed_q96__benchmark__noise_sigma_0.1,sid_set_1409a09d7d0349f0604a,sid_set_1409a09d7d0349f0604a__matched_clean__fixed_q96,selection_val,authentic,-4.781216144561768,0.008316057734191418,epoch_014,42,fixed_q96,noise,"{""cell_id"":""noise_sigma_0.1"",""name"":""noise"",""output_format"":""PNG"",""parameter"":0.1,""stochastic"":true}",sid_set,unknown,unknown,unknown
sid_set_1409a09d7d0349f0604a__matched_clean__fixed_q96__benchmark__color_jitter_0.2,sid_set_1409a09d7d0349f0604a,sid_set_1409a09d7d0349f0604a__matched_clean__fixed_q96,selection_val,authentic,-6.52060079574585,0.0014706180663779378,epoch_014,42,fixed_q96,color_jitter,"{""cell_id"":""color_jitter_0.2"",""name"":""color_jitter"",""output_format"":""PNG"",""parameter"":0.2,""stochastic"":true}",sid_set,unknown,unknown,unknown
sid_set_1409a09d7d0349f0604a__matched_clean__fixed_q96__benchmark__center_crop_0.8,sid_set_1409a09d7d0349f0604a,sid_set_1409a09d7d0349f0604a__matched_clean__fixed_q96,selection_val,authentic,-6.428598403930664,0.0016121093649417162,epoch_014,42,fixed_q96,center_crop,"{""cell_id"":""center_crop_0.8"",""name"":""center_crop"",""output_format"":""PNG"",""parameter"":0.8,""stochastic"":false}",sid_set,unknown,unknown,unknown
sid_set_141d4626fed379a32892__matched_clean__fixed_q96__benchmark__jpeg_q90,sid_set_141d4626fed379a32892,sid_set_141d4626fed379a32892__matched_clean__fixed_q96,selection_val,ai_generated,9.369840621948242,0.9999147653579712,epoch_014,42,fixed_q96,jpeg,"{""cell_id"":""jpeg_q90"",""name"":""jpeg"",""output_format"":""JPEG"",""parameter"":90,""stochastic"":false}",sid_set,unknown,unknown,unknown
sid_set_141d4626fed379a32892__matched_clean__fixed_q96__benchmark__jpeg_q70,sid_set_141d4626fed379a32892,sid_set_141d4626fed379a32892__matched_clean__fixed_q96,selection_val,ai_generated,8.33184814453125,0.9997593760490417,epoch_014,42,fixed_q96,jpeg,"{""cell_id"":""jpeg_q70"",""name"":""jpeg"",""output_format"":""JPEG"",""parameter"":70,""stochastic"":false}",sid_set,unknown,unknown,unknown
sid_set_141d4626fed379a32892__matched_clean__fixed_q96__benchmark__jpeg_q50,sid_set_141d4626fed379a32892,sid_set_141d4626fed379a32892__matched_clean__fixed_q96,selection_val,ai_generated,8.082927703857422,0.999691367149353,epoch_014,42,fixed_q96,jpeg,"{""cell_id"":""jpeg_q50"",""name"":""jpeg"",""output_format"":""JPEG"",""parameter"":50,""stochastic"":false}",sid_set,unknown,unknown,unknown
sid_set_141d4626fed379a32892__matched_clean__fixed_q96__benchmark__jpeg_q30,sid_set_141d4626fed379a32892,sid_set_141d4626fed379a32892__matched_clean__fixed_q96,selection_val,ai_generated,7.841447830200195,0.9996070265769958,epoch_014,42,fixed_q96,jpeg,"{""cell_id"":""jpeg_q30"",""name"":""jpeg"",""output_format"":""JPEG"",""parameter"":30,""stochastic"":false}",sid_set,unknown,unknown,unknown
sid_set_141d4626fed379a32892__matched_clean__fixed_q96__benchmark__blur_sigma_0.5,sid_set_141d4626fed379a32892,sid_set_141d4626fed379a32892__matched_clean__fixed_q96,selection_val,ai_generated,7.959896564483643,0.9996509552001953,epoch_014,42,fixed_q96,blur,"{""cell_id"":""blur_sigma_0.5"",""name"":""blur"",""output_format"":""PNG"",""parameter"":0.5,""stochastic"":false}",sid_set,unknown,unknown,unknown
sid_set_141d4626fed379a32892__matched_clean__fixed_q96__benchmark__blur_sigma_1.0,sid_set_141d4626fed379a32892,sid_set_141d4626fed379a32892__matched_clean__fixed_q96,selection_val,ai_generated,8.102051734924316,0.999697208404541,epoch_014,42,fixed_q96,blur,"{""cell_id"":""blur_sigma_1.0"",""name"":""blur"",""output_format"":""PNG"",""parameter"":1.0,""stochastic"":false}",sid_set,unknown,unknown,unknown
sid_set_141d4626fed379a32892__matched_clean__fixed_q96__benchmark__blur_sigma_2.0,sid_set_141d4626fed379a32892,sid_set_141d4626fed379a32892__matched_clean__fixed_q96,selection_val,ai_generated,6.552522659301758,0.9985755681991577,epoch_014,42,fixed_q96,blur,"{""cell_id"":""blur_sigma_2.0"",""name"":""blur"",""output_format"":""PNG"",""parameter"":2.0,""stochastic"":false}",sid_set,unknown,unknown,unknown
sid_set_141d4626fed379a32892__matched_clean__fixed_q96__benchmark__resize_scale_0.5,sid_set_141d4626fed379a32892,sid_set_141d4626fed379a32892__matched_clean__fixed_q96,selection_val,ai_generated,8.185606956481934,0.9997214674949646,epoch_014,42,fixed_q96,resize,"{""cell_id"":""resize_scale_0.5"",""name"":""resize"",""output_format"":""PNG"",""parameter"":0.5,""stochastic"":false}",sid_set,unknown,unknown,unknown
sid_set_141d4626fed379a32892__matched_clean__fixed_q96__benchmark__resize_scale_0.25,sid_set_141d4626fed379a32892,sid_set_141d4626fed379a32892__matched_clean__fixed_q96,selection_val,ai_generated,6.644389629364014,0.9987003803253174,epoch_014,42,fixed_q96,resize,"{""cell_id"":""resize_scale_0.25"",""name"":""resize"",""output_format"":""PNG"",""parameter"":0.25,""stochastic"":false}",sid_set,unknown,unknown,unknown
sid_set_141d4626fed379a32892__matched_clean__fixed_q96__benchmark__noise_sigma_0.02,sid_set_141d4626fed379a32892,sid_set_141d4626fed379a32892__matched_clean__fixed_q96,selection_val,ai_generated,7.766364097595215,0.9995763897895813,epoch_014,42,fixed_q96,noise,"{""cell_id"":""noise_sigma_0.02"",""name"":""noise"",""output_format"":""PNG"",""parameter"":0.02,""stochastic"":true}",sid_set,unknown,unknown,unknown
sid_set_141d4626fed379a32892__matched_clean__fixed_q96__benchmark__noise_sigma_0.05,sid_set_141d4626fed379a32892,sid_set_141d4626fed379a32892__matched_clean__fixed_q96,selection_val,ai_generated,7.366363525390625,0.9993682503700256,epoch_014,42,fixed_q96,noise,"{""cell_id"":""noise_sigma_0.05"",""name"":""noise"",""output_format"":""PNG"",""parameter"":0.05,""stochastic"":true}",sid_set,unknown,unknown,unknown
sid_set_141d4626fed379a32892__matched_clean__fixed_q96__benchmark__noise_sigma_0.1,sid_set_141d4626fed379a32892,sid_set_141d4626fed379a32892__matched_clean__fixed_q96,selection_val,ai_generated,5.844332695007324,0.9971120357513428,epoch_014,42,fixed_q96,noise,"{""cell_id"":""noise_sigma_0.1"",""name"":""noise"",""output_format"":""PNG"",""parameter"":0.1,""stochastic"":true}",sid_set,unknown,unknown,unknown
sid_set_141d4626fed379a32892__matched_clean__fixed_q96__benchmark__color_jitter_0.2,sid_set_141d4626fed379a32892,sid_set_141d4626fed379a32892__matched_clean__fixed_q96,selection_val,ai_generated,9.01346492767334,0.9998782873153687,epoch_014,42,fixed_q96,color_jitter,"{""cell_id"":""color_jitter_0.2"",""name"":""color_jitter"",""output_format"":""PNG"",""parameter"":0.2,""stochastic"":true}",sid_set,unknown,unknown,unknown
sid_set_141d4626fed379a32892__matched_clean__fixed_q96__benchmark__center_crop_0.8,sid_set_141d4626fed379a32892,sid_set_141d4626fed379a32892__matched_clean__fixed_q96,selection_val,ai_generated,8.511488914489746,0.9997989535331726,epoch_014,42,fixed_q96,center_crop,"{""cell_id"":""center_crop_0.8"",""name"":""center_crop"",""output_format"":""PNG"",""parameter"":0.8,""stochastic"":false}",sid_set,unknown,unknown,unknown
sid_set_141f4c95b6a9c58740fe__matched_clean__fixed_q96__benchmark__jpeg_q90,sid_set_141f4c95b6a9c58740fe,sid_set_141f4c95b6a9c58740fe__matched_clean__fixed_q96,selection_val,authentic,-6.309839725494385,0.001815024414099753,epoch_014,42,fixed_q96,jpeg,"{""cell_id"":""jpeg_q90"",""name"":""jpeg"",""output_format"":""JPEG"",""parameter"":90,""stochastic"":false}",sid_set,unknown,unknown,unknown
sid_set_141f4c95b6a9c58740fe__matched_clean__fixed_q96__benchmark__jpeg_q70,sid_set_141f4c95b6a9c58740fe,sid_set_141f4c95b6a9c58740fe__matched_clean__fixed_q96,selection_val,authentic,-5.283836841583252,0.005047324579209089,epoch_014,42,fixed_q96,jpeg,"{""cell_id"":""jpeg_q70"",""name"":""jpeg"",""output_format"":""JPEG"",""parameter"":70,""stochastic"":false}",sid_set,unknown,unknown,unknown
sid_set_141f4c95b6a9c58740fe__matched_clean__fixed_q96__benchmark__jpeg_q50,sid_set_141f4c95b6a9c58740fe,sid_set_141f4c95b6a9c58740fe__matched_clean__fixed_q96,selection_val,authentic,-5.061919212341309,0.006293533369898796,epoch_014,42,fixed_q96,jpeg,"{""cell_id"":""jpeg_q50"",""name"":""jpeg"",""output_format"":""JPEG"",""parameter"":50,""stochastic"":false}",sid_set,unknown,unknown,unknown
sid_set_141f4c95b6a9c58740fe__matched_clean__fixed_q96__benchmark__jpeg_q30,sid_set_141f4c95b6a9c58740fe,sid_set_141f4c95b6a9c58740fe__matched_clean__fixed_q96,selection_val,authentic,-4.726174831390381,0.008782482706010342,epoch_014,42,fixed_q96,jpeg,"{""cell_id"":""jpeg_q30"",""name"":""jpeg"",""output_format"":""JPEG"",""parameter"":30,""stochastic"":false}",sid_set,unknown,unknown,unknown
sid_set_141f4c95b6a9c58740fe__matched_clean__fixed_q96__benchmark__blur_sigma_0.5,sid_set_141f4c95b6a9c58740fe,sid_set_141f4c95b6a9c58740fe__matched_clean__fixed_q96,selection_val,authentic,-6.328793048858643,0.001781008206307888,epoch_014,42,fixed_q96,blur,"{""cell_id"":""blur_sigma_0.5"",""name"":""blur"",""output_format"":""PNG"",""parameter"":0.5,""stochastic"":false}",sid_set,unknown,unknown,unknown
sid_set_141f4c95b6a9c58740fe__matched_clean__fixed_q96__benchmark__blur_sigma_1.0,sid_set_141f4c95b6a9c58740fe,sid_set_141f4c95b6a9c58740fe__matched_clean__fixed_q96,selection_val,authentic,-4.483475208282471,0.011167963966727257,epoch_014,42,fixed_q96,blur,"{""cell_id"":""blur_sigma_1.0"",""name"":""blur"",""output_format"":""PNG"",""parameter"":1.0,""stochastic"":false}",sid_set,unknown,unknown,unknown
sid_set_141f4c95b6a9c58740fe__matched_clean__fixed_q96__benchmark__blur_sigma_2.0,sid_set_141f4c95b6a9c58740fe,sid_set_141f4c95b6a9c58740fe__matched_clean__fixed_q96,selection_val,authentic,-2.7197344303131104,0.061818864196538925,epoch_014,42,fixed_q96,blur,"{""cell_id"":""blur_sigma_2.0"",""name"":""blur"",""output_format"":""PNG"",""parameter"":2.0,""stochastic"":false}",sid_set,unknown,unknown,unknown
sid_set_141f4c95b6a9c58740fe__matched_clean__fixed_q96__benchmark__resize_scale_0.5,sid_set_141f4c95b6a9c58740fe,sid_set_141f4c95b6a9c58740fe__matched_clean__fixed_q96,selection_val,authentic,-3.98698091506958,0.01821761205792427,epoch_014,42,fixed_q96,resize,"{""cell_id"":""resize_scale_0.5"",""name"":""resize"",""output_format"":""PNG"",""parameter"":0.5,""stochastic"":false}",sid_set,unknown,unknown,unknown
sid_set_141f4c95b6a9c58740fe__matched_clean__fixed_q96__benchmark__resize_scale_0.25,sid_set_141f4c95b6a9c58740fe,sid_set_141f4c95b6a9c58740fe__matched_clean__fixed_q96,selection_val,authentic,-2.6799676418304443,0.06416581571102142,epoch_014,42,fixed_q96,resize,"{""cell_id"":""resize_scale_0.25"",""name"":""resize"",""output_format"":""PNG"",""parameter"":0.25,""stochastic"":false}",sid_set,unknown,unknown,unknown
sid_set_141f4c95b6a9c58740fe__matched_clean__fixed_q96__benchmark__noise_sigma_0.02,sid_set_141f4c95b6a9c58740fe,sid_set_141f4c95b6a9c58740fe__matched_clean__fixed_q96,selection_val,authentic,-3.970427989959717,0.018516045063734055,epoch_014,42,fixed_q96,noise,"{""cell_id"":""noise_sigma_0.02"",""name"":""noise"",""output_format"":""PNG"",""parameter"":0.02,""stochastic"":true}",sid_set,unknown,unknown,unknown
sid_set_141f4c95b6a9c58740fe__matched_clean__fixed_q96__benchmark__noise_sigma_0.05,sid_set_141f4c95b6a9c58740fe,sid_set_141f4c95b6a9c58740fe__matched_clean__fixed_q96,selection_val,authentic,-4.019762992858887,0.01764044724404812,epoch_014,42,fixed_q96,noise,"{""cell_id"":""noise_sigma_0.05"",""name"":""noise"",""output_format"":""PNG"",""parameter"":0.05,""stochastic"":true}",sid_set,unknown,unknown,unknown
sid_set_141f4c95b6a9c58740fe__matched_clean__fixed_q96__benchmark__noise_sigma_0.1,sid_set_141f4c95b6a9c58740fe,sid_set_141f4c95b6a9c58740fe__matched_clean__fixed_q96,selection_val,authentic,-2.942457914352417,0.05009418725967407,epoch_014,42,fixed_q96,noise,"{""cell_id"":""noise_sigma_0.1"",""name"":""noise"",""output_format"":""PNG"",""parameter"":0.1,""stochastic"":true}",sid_set,unknown,unknown,unknown
sid_set_141f4c95b6a9c58740fe__matched_clean__fixed_q96__benchmark__color_jitter_0.2,sid_set_141f4c95b6a9c58740fe,sid_set_141f4c95b6a9c58740fe__matched_clean__fixed_q96,selection_val,authentic,-6.170362949371338,0.0020861162338405848,epoch_014,42,fixed_q96,color_jitter,"{""cell_id"":""color_jitter_0.2"",""name"":""color_jitter"",""output_format"":""PNG"",""parameter"":0.2,""stochastic"":true}",sid_set,unknown,unknown,unknown
sid_set_141f4c95b6a9c58740fe__matched_clean__fixed_q96__benchmark__center_crop_0.8,sid_set_141f4c95b6a9c58740fe,sid_set_141f4c95b6a9c58740fe__matched_clean__fixed_q96,selection_val,authentic,-5.781701564788818,0.0030739856883883476,epoch_014,42,fixed_q96,center_crop,"{""cell_id"":""center_crop_0.8"",""name"":""center_crop"",""output_format"":""PNG"",""parameter"":0.8,""stochastic"":false}",sid_set,unknown,unknown,unknown
sid_set_142e2706718bc3fe5372__matched_clean__fixed_q96__benchmark__jpeg_q90,sid_set_142e2706718bc3fe5372,sid_set_142e2706718bc3fe5372__matched_clean__fixed_q96,selection_val,authentic,-5.561598777770996,0.0038279187865555286,epoch_014,42,fixed_q96,jpeg,"{""cell_id"":""jpeg_q90"",""name"":""jpeg"",""output_format"":""JPEG"",""parameter"":90,""stochastic"":false}",sid_set,unknown,unknown,unknown
sid_set_142e2706718bc3fe5372__matched_clean__fixed_q96__benchmark__jpeg_q70,sid_set_142e2706718bc3fe5372,sid_set_142e2706718bc3fe5372__matched_clean__fixed_q96,selection_val,authentic,-5.849942207336426,0.0028717946261167526,epoch_014,42,fixed_q96,jpeg,"{""cell_id"":""jpeg_q70"",""name"":""jpeg"",""output_format"":""JPEG"",""parameter"":70,""stochastic"":false}",sid_set,unknown,unknown,unknown
sid_set_142e2706718bc3fe5372__matched_clean__fixed_q96__benchmark__jpeg_q50,sid_set_142e2706718bc3fe5372,sid_set_142e2706718bc3fe5372__matched_clean__fixed_q96,selection_val,authentic,-5.369781970977783,0.004633576143532991,epoch_014,42,fixed_q96,jpeg,"{""cell_id"":""jpeg_q50"",""name"":""jpeg"",""output_format"":""JPEG"",""parameter"":50,""stochastic"":false}",sid_set,unknown,unknown,unknown
sid_set_142e2706718bc3fe5372__matched_clean__fixed_q96__benchmark__jpeg_q30,sid_set_142e2706718bc3fe5372,sid_set_142e2706718bc3fe5372__matched_clean__fixed_q96,selection_val,authentic,-4.7163190841674805,0.008868697099387646,epoch_014,42,fixed_q96,jpeg,"{""cell_id"":""jpeg_q30"",""name"":""jpeg"",""output_format"":""JPEG"",""parameter"":30,""stochastic"":false}",sid_set,unknown,unknown,unknown
sid_set_142e2706718bc3fe5372__matched_clean__fixed_q96__benchmark__blur_sigma_0.5,sid_set_142e2706718bc3fe5372,sid_set_142e2706718bc3fe5372__matched_clean__fixed_q96,selection_val,authentic,-6.122657775878906,0.0021878236439079046,epoch_014,42,fixed_q96,blur,"{""cell_id"":""blur_sigma_0.5"",""name"":""blur"",""output_format"":""PNG"",""parameter"":0.5,""stochastic"":false}",sid_set,unknown,unknown,unknown
sid_set_142e2706718bc3fe5372__matched_clean__fixed_q96__benchmark__blur_sigma_1.0,sid_set_142e2706718bc3fe5372,sid_set_142e2706718bc3fe5372__matched_clean__fixed_q96,selection_val,authentic,-5.789511203765869,0.003050145460292697,epoch_014,42,fixed_q96,blur,"{""cell_id"":""blur_sigma_1.0"",""name"":""blur"",""output_format"":""PNG"",""parameter"":1.0,""stochastic"":false}",sid_set,unknown,unknown,unknown
sid_set_142e2706718bc3fe5372__matched_clean__fixed_q96__benchmark__blur_sigma_2.0,sid_set_142e2706718bc3fe5372,sid_set_142e2706718bc3fe5372__matched_clean__fixed_q96,selection_val,authentic,-5.3867597579956055,0.004555927589535713,epoch_014,42,fixed_q96,blur,"{""cell_id"":""blur_sigma_2.0"",""name"":""blur"",""output_format"":""PNG"",""parameter"":2.0,""stochastic"":false}",sid_set,unknown,unknown,unknown
sid_set_142e2706718bc3fe5372__matched_clean__fixed_q96__benchmark__resize_scale_0.5,sid_set_142e2706718bc3fe5372,sid_set_142e2706718bc3fe5372__matched_clean__fixed_q96,selection_val,authentic,-5.682354927062988,0.0033939711283892393,epoch_014,42,fixed_q96,resize,"{""cell_id"":""resize_scale_0.5"",""name"":""resize"",""output_format"":""PNG"",""parameter"":0.5,""stochastic"":false}",sid_set,unknown,unknown,unknown
sid_set_142e2706718bc3fe5372__matched_clean__fixed_q96__benchmark__resize_scale_0.25,sid_set_142e2706718bc3fe5372,sid_set_142e2706718bc3fe5372__matched_clean__fixed_q96,selection_val,authentic,-4.958670616149902,0.006973288953304291,epoch_014,42,fixed_q96,resize,"{""cell_id"":""resize_scale_0.25"",""name"":""resize"",""output_format"":""PNG"",""parameter"":0.25,""stochastic"":false}",sid_set,unknown,unknown,unknown
sid_set_142e2706718bc3fe5372__matched_clean__fixed_q96__benchmark__noise_sigma_0.02,sid_set_142e2706718bc3fe5372,sid_set_142e2706718bc3fe5372__matched_clean__fixed_q96,selection_val,authentic,-4.814480304718018,0.008046169765293598,epoch_014,42,fixed_q96,noise,"{""cell_id"":""noise_sigma_0.02"",""name"":""noise"",""output_format"":""PNG"",""parameter"":0.02,""stochastic"":true}",sid_set,unknown,unknown,unknown
sid_set_142e2706718bc3fe5372__matched_clean__fixed_q96__benchmark__noise_sigma_0.05,sid_set_142e2706718bc3fe5372,sid_set_142e2706718bc3fe5372__matched_clean__fixed_q96,selection_val,authentic,-4.253485679626465,0.014015376567840576,epoch_014,42,fixed_q96,noise,"{""cell_id"":""noise_sigma_0.05"",""name"":""noise"",""output_format"":""PNG"",""parameter"":0.05,""stochastic"":true}",sid_set,unknown,unknown,unknown
sid_set_142e2706718bc3fe5372__matched_clean__fixed_q96__benchmark__noise_sigma_0.1,sid_set_142e2706718bc3fe5372,sid_set_142e2706718bc3fe5372__matched_clean__fixed_q96,selection_val,authentic,-3.690540313720703,0.024350754916667938,epoch_014,42,fixed_q96,noise,"{""cell_id"":""noise_sigma_0.1"",""name"":""noise"",""output_format"":""PNG"",""parameter"":0.1,""stochastic"":true}",sid_set,unknown,unknown,unknown
sid_set_142e2706718bc3fe5372__matched_clean__fixed_q96__benchmark__color_jitter_0.2,sid_set_142e2706718bc3fe5372,sid_set_142e2706718bc3fe5372__matched_clean__fixed_q96,selection_val,authentic,-5.166484832763672,0.0056722285225987434,epoch_014,42,fixed_q96,color_jitter,"{""cell_id"":""color_jitter_0.2"",""name"":""color_jitter"",""output_format"":""PNG"",""parameter"":0.2,""stochastic"":true}",sid_set,unknown,unknown,unknown
sid_set_142e2706718bc3fe5372__matched_clean__fixed_q96__benchmark__center_crop_0.8,sid_set_142e2706718bc3fe5372,sid_set_142e2706718bc3fe5372__matched_clean__fixed_q96,selection_val,authentic,-6.30121374130249,0.001830719644203782,epoch_014,42,fixed_q96,center_crop,"{""cell_id"":""center_crop_0.8"",""name"":""center_crop"",""output_format"":""PNG"",""parameter"":0.8,""stochastic"":false}",sid_set,unknown,unknown,unknown
sid_set_1472a7c6ab03fa287b18__matched_clean__fixed_q96__benchmark__jpeg_q90,sid_set_1472a7c6ab03fa287b18,sid_set_1472a7c6ab03fa287b18__matched_clean__fixed_q96,selection_val,ai_generated,8.422633171081543,0.9997802376747131,epoch_014,42,fixed_q96,jpeg,"{""cell_id"":""jpeg_q90"",""name"":""jpeg"",""output_format"":""JPEG"",""parameter"":90,""stochastic"":false}",sid_set,unknown,unknown,unknown
sid_set_1472a7c6ab03fa287b18__matched_clean__fixed_q96__benchmark__jpeg_q70,sid_set_1472a7c6ab03fa287b18,sid_set_1472a7c6ab03fa287b18__matched_clean__fixed_q96,selection_val,ai_generated,7.989160060882568,0.9996609687805176,epoch_014,42,fixed_q96,jpeg,"{""cell_id"":""jpeg_q70"",""name"":""jpeg"",""output_format"":""JPEG"",""parameter"":70,""stochastic"":false}",sid_set,unknown,unknown,unknown
sid_set_1472a7c6ab03fa287b18__matched_clean__fixed_q96__benchmark__jpeg_q50,sid_set_1472a7c6ab03fa287b18,sid_set_1472a7c6ab03fa287b18__matched_clean__fixed_q96,selection_val,ai_generated,7.821523666381836,0.9995991587638855,epoch_014,42,fixed_q96,jpeg,"{""cell_id"":""jpeg_q50"",""name"":""jpeg"",""output_format"":""JPEG"",""parameter"":50,""stochastic"":false}",sid_set,unknown,unknown,unknown
sid_set_1472a7c6ab03fa287b18__matched_clean__fixed_q96__benchmark__jpeg_q30,sid_set_1472a7c6ab03fa287b18,sid_set_1472a7c6ab03fa287b18__matched_clean__fixed_q96,selection_val,ai_generated,6.780463695526123,0.9988656044006348,epoch_014,42,fixed_q96,jpeg,"{""cell_id"":""jpeg_q30"",""name"":""jpeg"",""output_format"":""JPEG"",""parameter"":30,""stochastic"":false}",sid_set,unknown,unknown,unknown
sid_set_1472a7c6ab03fa287b18__matched_clean__fixed_q96__benchmark__blur_sigma_0.5,sid_set_1472a7c6ab03fa287b18,sid_set_1472a7c6ab03fa287b18__matched_clean__fixed_q96,selection_val,ai_generated,7.314640522003174,0.9993347525596619,epoch_014,42,fixed_q96,blur,"{""cell_id"":""blur_sigma_0.5"",""name"":""blur"",""output_format"":""PNG"",""parameter"":0.5,""stochastic"":false}",sid_set,unknown,unknown,unknown
sid_set_1472a7c6ab03fa287b18__matched_clean__fixed_q96__benchmark__blur_sigma_1.0,sid_set_1472a7c6ab03fa287b18,sid_set_1472a7c6ab03fa287b18__matched_clean__fixed_q96,selection_val,ai_generated,7.628030300140381,0.9995136260986328,epoch_014,42,fixed_q96,blur,"{""cell_id"":""blur_sigma_1.0"",""name"":""blur"",""output_format"":""PNG"",""parameter"":1.0,""stochastic"":false}",sid_set,unknown,unknown,unknown
sid_set_1472a7c6ab03fa287b18__matched_clean__fixed_q96__benchmark__blur_sigma_2.0,sid_set_1472a7c6ab03fa287b18,sid_set_1472a7c6ab03fa287b18__matched_clean__fixed_q96,selection_val,ai_generated,6.171763896942139,0.9979167580604553,epoch_014,42,fixed_q96,blur,"{""cell_id"":""blur_sigma_2.0"",""name"":""blur"",""output_format"":""PNG"",""parameter"":2.0,""stochastic"":false}",sid_set,unknown,unknown,unknown
sid_set_1472a7c6ab03fa287b18__matched_clean__fixed_q96__benchmark__resize_scale_0.5,sid_set_1472a7c6ab03fa287b18,sid_set_1472a7c6ab03fa287b18__matched_clean__fixed_q96,selection_val,ai_generated,7.592514514923096,0.9994959831237793,epoch_014,42,fixed_q96,resize,"{""cell_id"":""resize_scale_0.5"",""name"":""resize"",""output_format"":""PNG"",""parameter"":0.5,""stochastic"":false}",sid_set,unknown,unknown,unknown
sid_set_1472a7c6ab03fa287b18__matched_clean__fixed_q96__benchmark__resize_scale_0.25,sid_set_1472a7c6ab03fa287b18,sid_set_1472a7c6ab03fa287b18__matched_clean__fixed_q96,selection_val,ai_generated,5.732672691345215,0.9967719912528992,epoch_014,42,fixed_q96,resize,"{""cell_id"":""resize_scale_0.25"",""name"":""resize"",""output_format"":""PNG"",""parameter"":0.25,""stochastic"":false}",sid_set,unknown,unknown,unknown
sid_set_1472a7c6ab03fa287b18__matched_clean__fixed_q96__benchmark__noise_sigma_0.02,sid_set_1472a7c6ab03fa287b18,sid_set_1472a7c6ab03fa287b18__matched_clean__fixed_q96,selection_val,ai_generated,7.291494846343994,0.9993191957473755,epoch_014,42,fixed_q96,noise,"{""cell_id"":""noise_sigma_0.02"",""name"":""noise"",""output_format"":""PNG"",""parameter"":0.02,""stochastic"":true}",sid_set,unknown,unknown,unknown
sid_set_1472a7c6ab03fa287b18__matched_clean__fixed_q96__benchmark__noise_sigma_0.05,sid_set_1472a7c6ab03fa287b18,sid_set_1472a7c6ab03fa287b18__matched_clean__fixed_q96,selection_val,ai_generated,6.647558212280273,0.9987044334411621,epoch_014,42,fixed_q96,noise,"{""cell_id"":""noise_sigma_0.05"",""name"":""noise"",""output_format"":""PNG"",""parameter"":0.05,""stochastic"":true}",sid_set,unknown,unknown,unknown
sid_set_1472a7c6ab03fa287b18__matched_clean__fixed_q96__benchmark__noise_sigma_0.1,sid_set_1472a7c6ab03fa287b18,sid_set_1472a7c6ab03fa287b18__matched_clean__fixed_q96,selection_val,ai_generated,5.602409839630127,0.9963245987892151,epoch_014,42,fixed_q96,noise,"{""cell_id"":""noise_sigma_0.1"",""name"":""noise"",""output_format"":""PNG"",""parameter"":0.1,""stochastic"":true}",sid_set,unknown,unknown,unknown
sid_set_1472a7c6ab03fa287b18__matched_clean__fixed_q96__benchmark__color_jitter_0.2,sid_set_1472a7c6ab03fa287b18,sid_set_1472a7c6ab03fa287b18__matched_clean__fixed_q96,selection_val,ai_generated,8.363340377807617,0.9997667670249939,epoch_014,42,fixed_q96,color_jitter,"{""cell_id"":""color_jitter_0.2"",""name"":""color_jitter"",""output_format"":""PNG"",""parameter"":0.2,""stochastic"":true}",sid_set,unknown,unknown,unknown
sid_set_1472a7c6ab03fa287b18__matched_clean__fixed_q96__benchmark__center_crop_0.8,sid_set_1472a7c6ab03fa287b18,sid_set_1472a7c6ab03fa287b18__matched_clean__fixed_q96,selection_val,ai_generated,7.494851589202881,0.999444305896759,epoch_014,42,fixed_q96,center_crop,"{""cell_id"":""center_crop_0.8"",""name"":""center_crop"",""output_format"":""PNG"",""parameter"":0.8,""stochastic"":false}",sid_set,unknown,unknown,unknown
sid_set_14ee7a864601b9fb44e9__matched_clean__fixed_q96__benchmark__jpeg_q90,sid_set_14ee7a864601b9fb44e9,sid_set_14ee7a864601b9fb44e9__matched_clean__fixed_q96,selection_val,authentic,-7.399531364440918,0.0006111655384302139,epoch_014,42,fixed_q96,jpeg,"{""cell_id"":""jpeg_q90"",""name"":""jpeg"",""output_format"":""JPEG"",""parameter"":90,""stochastic"":false}",sid_set,unknown,unknown,unknown
sid_set_14ee7a864601b9fb44e9__matched_clean__fixed_q96__benchmark__jpeg_q70,sid_set_14ee7a864601b9fb44e9,sid_set_14ee7a864601b9fb44e9__matched_clean__fixed_q96,selection_val,authentic,-6.585082530975342,0.0013789093354716897,epoch_014,42,fixed_q96,jpeg,"{""cell_id"":""jpeg_q70"",""name"":""jpeg"",""output_format"":""JPEG"",""parameter"":70,""stochastic"":false}",sid_set,unknown,unknown,unknown
sid_set_14ee7a864601b9fb44e9__matched_clean__fixed_q96__benchmark__jpeg_q50,sid_set_14ee7a864601b9fb44e9,sid_set_14ee7a864601b9fb44e9__matched_clean__fixed_q96,selection_val,authentic,-7.257690906524658,0.00070423714350909,epoch_014,42,fixed_q96,jpeg,"{""cell_id"":""jpeg_q50"",""name"":""jpeg"",""output_format"":""JPEG"",""parameter"":50,""stochastic"":false}",sid_set,unknown,unknown,unknown
sid_set_14ee7a864601b9fb44e9__matched_clean__fixed_q96__benchmark__jpeg_q30,sid_set_14ee7a864601b9fb44e9,sid_set_14ee7a864601b9fb44e9__matched_clean__fixed_q96,selection_val,authentic,-7.2971367835998535,0.0006770170875824988,epoch_014,42,fixed_q96,jpeg,"{""cell_id"":""jpeg_q30"",""name"":""jpeg"",""output_format"":""JPEG"",""parameter"":30,""stochastic"":false}",sid_set,unknown,unknown,unknown
sid_set_14ee7a864601b9fb44e9__matched_clean__fixed_q96__benchmark__blur_sigma_0.5,sid_set_14ee7a864601b9fb44e9,sid_set_14ee7a864601b9fb44e9__matched_clean__fixed_q96,selection_val,authentic,-7.706399440765381,0.0004497362533584237,epoch_014,42,fixed_q96,blur,"{""cell_id"":""blur_sigma_0.5"",""name"":""blur"",""output_format"":""PNG"",""parameter"":0.5,""stochastic"":false}",sid_set,unknown,unknown,unknown
sid_set_14ee7a864601b9fb44e9__matched_clean__fixed_q96__benchmark__blur_sigma_1.0,sid_set_14ee7a864601b9fb44e9,sid_set_14ee7a864601b9fb44e9__matched_clean__fixed_q96,selection_val,authentic,-7.511300086975098,0.0005465707508847117,epoch_014,42,fixed_q96,blur,"{""cell_id"":""blur_sigma_1.0"",""name"":""blur"",""output_format"":""PNG"",""parameter"":1.0,""stochastic"":false}",sid_set,unknown,unknown,unknown
sid_set_14ee7a864601b9fb44e9__matched_clean__fixed_q96__benchmark__blur_sigma_2.0,sid_set_14ee7a864601b9fb44e9,sid_set_14ee7a864601b9fb44e9__matched_clean__fixed_q96,selection_val,authentic,-6.400158882141113,0.0016585380071774125,epoch_014,42,fixed_q96,blur,"{""cell_id"":""blur_sigma_2.0"",""name"":""blur"",""output_format"":""PNG"",""parameter"":2.0,""stochastic"":false}",sid_set,unknown,unknown,unknown
sid_set_14ee7a864601b9fb44e9__matched_clean__fixed_q96__benchmark__resize_scale_0.5,sid_set_14ee7a864601b9fb44e9,sid_set_14ee7a864601b9fb44e9__matched_clean__fixed_q96,selection_val,authentic,-6.604325771331787,0.0013526639668270946,epoch_014,42,fixed_q96,resize,"{""cell_id"":""resize_scale_0.5"",""name"":""resize"",""output_format"":""PNG"",""parameter"":0.5,""stochastic"":false}",sid_set,unknown,unknown,unknown
sid_set_14ee7a864601b9fb44e9__matched_clean__fixed_q96__benchmark__resize_scale_0.25,sid_set_14ee7a864601b9fb44e9,sid_set_14ee7a864601b9fb44e9__matched_clean__fixed_q96,selection_val,authentic,-6.160166263580322,0.0021074514370411634,epoch_014,42,fixed_q96,resize,"{""cell_id"":""resize_scale_0.25"",""name"":""resize"",""output_format"":""PNG"",""parameter"":0.25,""stochastic"":false}",sid_set,unknown,unknown,unknown
sid_set_14ee7a864601b9fb44e9__matched_clean__fixed_q96__benchmark__noise_sigma_0.02,sid_set_14ee7a864601b9fb44e9,sid_set_14ee7a864601b9fb44e9__matched_clean__fixed_q96,selection_val,authentic,-6.502906799316406,0.0014968314208090305,epoch_014,42,fixed_q96,noise,"{""cell_id"":""noise_sigma_0.02"",""name"":""noise"",""output_format"":""PNG"",""parameter"":0.02,""stochastic"":true}",sid_set,unknown,unknown,unknown
sid_set_14ee7a864601b9fb44e9__matched_clean__fixed_q96__benchmark__noise_sigma_0.05,sid_set_14ee7a864601b9fb44e9,sid_set_14ee7a864601b9fb44e9__matched_clean__fixed_q96,selection_val,authentic,-4.767743110656738,0.008427907712757587,epoch_014,42,fixed_q96,noise,"{""cell_id"":""noise_sigma_0.05"",""name"":""noise"",""output_format"":""PNG"",""parameter"":0.05,""stochastic"":true}",sid_set,unknown,unknown,unknown
sid_set_14ee7a864601b9fb44e9__matched_clean__fixed_q96__benchmark__noise_sigma_0.1,sid_set_14ee7a864601b9fb44e9,sid_set_14ee7a864601b9fb44e9__matched_clean__fixed_q96,selection_val,authentic,-4.104368209838867,0.016232594847679138,epoch_014,42,fixed_q96,noise,"{""cell_id"":""noise_sigma_0.1"",""name"":""noise"",""output_format"":""PNG"",""parameter"":0.1,""stochastic"":true}",sid_set,unknown,unknown,unknown
sid_set_14ee7a864601b9fb44e9__matched_clean__fixed_q96__benchmark__color_jitter_0.2,sid_set_14ee7a864601b9fb44e9,sid_set_14ee7a864601b9fb44e9__matched_clean__fixed_q96,selection_val,authentic,-7.258382320404053,0.000703750760294497,epoch_014,42,fixed_q96,color_jitter,"{""cell_id"":""color_jitter_0.2"",""name"":""color_jitter"",""output_format"":""PNG"",""parameter"":0.2,""stochastic"":true}",sid_set,unknown,unknown,unknown
sid_set_14ee7a864601b9fb44e9__matched_clean__fixed_q96__benchmark__center_crop_0.8,sid_set_14ee7a864601b9fb44e9,sid_set_14ee7a864601b9fb44e9__matched_clean__fixed_q96,selection_val,authentic,-7.049713611602783,0.0008669052622281015,epoch_014,42,fixed_q96,center_crop,"{""cell_id"":""center_crop_0.8"",""name"":""center_crop"",""output_format"":""PNG"",""parameter"":0.8,""stochastic"":false}",sid_set,unknown,unknown,unknown
sid_set_1529f51f58b6009d1c8f__matched_clean__fixed_q96__benchmark__jpeg_q90,sid_set_1529f51f58b6009d1c8f,sid_set_1529f51f58b6009d1c8f__matched_clean__fixed_q96,selection_val,ai_generated,7.0720391273498535,0.9991521835327148,epoch_014,42,fixed_q96,jpeg,"{""cell_id"":""jpeg_q90"",""name"":""jpeg"",""output_format"":""JPEG"",""parameter"":90,""stochastic"":false}",sid_set,unknown,unknown,unknown
sid_set_1529f51f58b6009d1c8f__matched_clean__fixed_q96__benchmark__jpeg_q70,sid_set_1529f51f58b6009d1c8f,sid_set_1529f51f58b6009d1c8f__matched_clean__fixed_q96,selection_val,ai_generated,6.823996543884277,0.9989138841629028,epoch_014,42,fixed_q96,jpeg,"{""cell_id"":""jpeg_q70"",""name"":""jpeg"",""output_format"":""JPEG"",""parameter"":70,""stochastic"":false}",sid_set,unknown,unknown,unknown
sid_set_1529f51f58b6009d1c8f__matched_clean__fixed_q96__benchmark__jpeg_q50,sid_set_1529f51f58b6009d1c8f,sid_set_1529f51f58b6009d1c8f__matched_clean__fixed_q96,selection_val,ai_generated,6.420982360839844,0.9983755350112915,epoch_014,42,fixed_q96,jpeg,"{""cell_id"":""jpeg_q50"",""name"":""jpeg"",""output_format"":""JPEG"",""parameter"":50,""stochastic"":false}",sid_set,unknown,unknown,unknown
sid_set_1529f51f58b6009d1c8f__matched_clean__fixed_q96__benchmark__jpeg_q30,sid_set_1529f51f58b6009d1c8f,sid_set_1529f51f58b6009d1c8f__matched_clean__fixed_q96,selection_val,ai_generated,5.471489906311035,0.9958125948905945,epoch_014,42,fixed_q96,jpeg,"{""cell_id"":""jpeg_q30"",""name"":""jpeg"",""output_format"":""JPEG"",""parameter"":30,""stochastic"":false}",sid_set,unknown,unknown,unknown
sid_set_1529f51f58b6009d1c8f__matched_clean__fixed_q96__benchmark__blur_sigma_0.5,sid_set_1529f51f58b6009d1c8f,sid_set_1529f51f58b6009d1c8f__matched_clean__fixed_q96,selection_val,ai_generated,5.706119060516357,0.9966854453086853,epoch_014,42,fixed_q96,blur,"{""cell_id"":""blur_sigma_0.5"",""name"":""blur"",""output_format"":""PNG"",""parameter"":0.5,""stochastic"":false}",sid_set,unknown,unknown,unknown
sid_set_1529f51f58b6009d1c8f__matched_clean__fixed_q96__benchmark__blur_sigma_1.0,sid_set_1529f51f58b6009d1c8f,sid_set_1529f51f58b6009d1c8f__matched_clean__fixed_q96,selection_val,ai_generated,5.3226189613342285,0.9951437711715698,epoch_014,42,fixed_q96,blur,"{""cell_id"":""blur_sigma_1.0"",""name"":""blur"",""output_format"":""PNG"",""parameter"":1.0,""stochastic"":false}",sid_set,unknown,unknown,unknown
sid_set_1529f51f58b6009d1c8f__matched_clean__fixed_q96__benchmark__blur_sigma_2.0,sid_set_1529f51f58b6009d1c8f,sid_set_1529f51f58b6009d1c8f__matched_clean__fixed_q96,selection_val,ai_generated,4.503756046295166,0.9890537261962891,epoch_014,42,fixed_q96,blur,"{""cell_id"":""blur_sigma_2.0"",""name"":""blur"",""output_format"":""PNG"",""parameter"":2.0,""stochastic"":false}",sid_set,unknown,unknown,unknown
sid_set_1529f51f58b6009d1c8f__matched_clean__fixed_q96__benchmark__resize_scale_0.5,sid_set_1529f51f58b6009d1c8f,sid_set_1529f51f58b6009d1c8f__matched_clean__fixed_q96,selection_val,ai_generated,5.032961368560791,0.9935227632522583,epoch_014,42,fixed_q96,resize,"{""cell_id"":""resize_scale_0.5"",""name"":""resize"",""output_format"":""PNG"",""parameter"":0.5,""stochastic"":false}",sid_set,unknown,unknown,unknown
sid_set_1529f51f58b6009d1c8f__matched_clean__fixed_q96__benchmark__resize_scale_0.25,sid_set_1529f51f58b6009d1c8f,sid_set_1529f51f58b6009d1c8f__matched_clean__fixed_q96,selection_val,ai_generated,3.072544574737549,0.9557459354400635,epoch_014,42,fixed_q96,resize,"{""cell_id"":""resize_scale_0.25"",""name"":""resize"",""output_format"":""PNG"",""parameter"":0.25,""stochastic"":false}",sid_set,unknown,unknown,unknown
sid_set_1529f51f58b6009d1c8f__matched_clean__fixed_q96__benchmark__noise_sigma_0.02,sid_set_1529f51f58b6009d1c8f,sid_set_1529f51f58b6009d1c8f__matched_clean__fixed_q96,selection_val,ai_generated,5.902782440185547,0.9972756505012512,epoch_014,42,fixed_q96,noise,"{""cell_id"":""noise_sigma_0.02"",""name"":""noise"",""output_format"":""PNG"",""parameter"":0.02,""stochastic"":true}",sid_set,unknown,unknown,unknown
sid_set_1529f51f58b6009d1c8f__matched_clean__fixed_q96__benchmark__noise_sigma_0.05,sid_set_1529f51f58b6009d1c8f,sid_set_1529f51f58b6009d1c8f__matched_clean__fixed_q96,selection_val,ai_generated,4.566782474517822,0.9897155165672302,epoch_014,42,fixed_q96,noise,"{""cell_id"":""noise_sigma_0.05"",""name"":""noise"",""output_format"":""PNG"",""parameter"":0.05,""stochastic"":true}",sid_set,unknown,unknown,unknown
sid_set_1529f51f58b6009d1c8f__matched_clean__fixed_q96__benchmark__noise_sigma_0.1,sid_set_1529f51f58b6009d1c8f,sid_set_1529f51f58b6009d1c8f__matched_clean__fixed_q96,selection_val,ai_generated,3.7386844158172607,0.9767672419548035,epoch_014,42,fixed_q96,noise,"{""cell_id"":""noise_sigma_0.1"",""name"":""noise"",""output_format"":""PNG"",""parameter"":0.1,""stochastic"":true}",sid_set,unknown,unknown,unknown
sid_set_1529f51f58b6009d1c8f__matched_clean__fixed_q96__benchmark__color_jitter_0.2,sid_set_1529f51f58b6009d1c8f,sid_set_1529f51f58b6009d1c8f__matched_clean__fixed_q96,selection_val,ai_generated,6.215993881225586,0.9980067610740662,epoch_014,42,fixed_q96,color_jitter,"{""cell_id"":""color_jitter_0.2"",""name"":""color_jitter"",""output_format"":""PNG"",""parameter"":0.2,""stochastic"":true}",sid_set,unknown,unknown,unknown
sid_set_1529f51f58b6009d1c8f__matched_clean__fixed_q96__benchmark__center_crop_0.8,sid_set_1529f51f58b6009d1c8f,sid_set_1529f51f58b6009d1c8f__matched_clean__fixed_q96,selection_val,ai_generated,5.922704219818115,0.9973292350769043,epoch_014,42,fixed_q96,center_crop,"{""cell_id"":""center_crop_0.8"",""name"":""center_crop"",""output_format"":""PNG"",""parameter"":0.8,""stochastic"":false}",sid_set,unknown,unknown,unknown
sid_set_1540125c6d038b543981__matched_clean__fixed_q96__benchmark__jpeg_q90,sid_set_1540125c6d038b543981,sid_set_1540125c6d038b543981__matched_clean__fixed_q96,selection_val,ai_generated,2.854484796524048,0.9455500245094299,epoch_014,42,fixed_q96,jpeg,"{""cell_id"":""jpeg_q90"",""name"":""jpeg"",""output_format"":""JPEG"",""parameter"":90,""stochastic"":false}",sid_set,unknown,unknown,unknown
sid_set_1540125c6d038b543981__matched_clean__fixed_q96__benchmark__jpeg_q70,sid_set_1540125c6d038b543981,sid_set_1540125c6d038b543981__matched_clean__fixed_q96,selection_val,ai_generated,2.4229350090026855,0.9185596108436584,epoch_014,42,fixed_q96,jpeg,"{""cell_id"":""jpeg_q70"",""name"":""jpeg"",""output_format"":""JPEG"",""parameter"":70,""stochastic"":false}",sid_set,unknown,unknown,unknown
sid_set_1540125c6d038b543981__matched_clean__fixed_q96__benchmark__jpeg_q50,sid_set_1540125c6d038b543981,sid_set_1540125c6d038b543981__matched_clean__fixed_q96,selection_val,ai_generated,2.890254259109497,0.9473625421524048,epoch_014,42,fixed_q96,jpeg,"{""cell_id"":""jpeg_q50"",""name"":""jpeg"",""output_format"":""JPEG"",""parameter"":50,""stochastic"":false}",sid_set,unknown,unknown,unknown
sid_set_1540125c6d038b543981__matched_clean__fixed_q96__benchmark__jpeg_q30,sid_set_1540125c6d038b543981,sid_set_1540125c6d038b543981__matched_clean__fixed_q96,selection_val,ai_generated,0.6098825335502625,0.6479139924049377,epoch_014,42,fixed_q96,jpeg,"{""cell_id"":""jpeg_q30"",""name"":""jpeg"",""output_format"":""JPEG"",""parameter"":30,""stochastic"":false}",sid_set,unknown,unknown,unknown
sid_set_1540125c6d038b543981__matched_clean__fixed_q96__benchmark__blur_sigma_0.5,sid_set_1540125c6d038b543981,sid_set_1540125c6d038b543981__matched_clean__fixed_q96,selection_val,ai_generated,0.9262406826019287,0.7163119912147522,epoch_014,42,fixed_q96,blur,"{""cell_id"":""blur_sigma_0.5"",""name"":""blur"",""output_format"":""PNG"",""parameter"":0.5,""stochastic"":false}",sid_set,unknown,unknown,unknown
sid_set_1540125c6d038b543981__matched_clean__fixed_q96__benchmark__blur_sigma_1.0,sid_set_1540125c6d038b543981,sid_set_1540125c6d038b543981__matched_clean__fixed_q96,selection_val,ai_generated,0.6120376586914062,0.6484054327011108,epoch_014,42,fixed_q96,blur,"{""cell_id"":""blur_sigma_1.0"",""name"":""blur"",""output_format"":""PNG"",""parameter"":1.0,""stochastic"":false}",sid_set,unknown,unknown,unknown
sid_set_1540125c6d038b543981__matched_clean__fixed_q96__benchmark__blur_sigma_2.0,sid_set_1540125c6d038b543981,sid_set_1540125c6d038b543981__matched_clean__fixed_q96,selection_val,ai_generated,1.1271162033081055,0.7553063035011292,epoch_014,42,fixed_q96,blur,"{""cell_id"":""blur_sigma_2.0"",""name"":""blur"",""output_format"":""PNG"",""parameter"":2.0,""stochastic"":false}",sid_set,unknown,unknown,unknown
sid_set_1540125c6d038b543981__matched_clean__fixed_q96__benchmark__resize_scale_0.5,sid_set_1540125c6d038b543981,sid_set_1540125c6d038b543981__matched_clean__fixed_q96,selection_val,ai_generated,1.1308960914611816,0.756004273891449,epoch_014,42,fixed_q96,resize,"{""cell_id"":""resize_scale_0.5"",""name"":""resize"",""output_format"":""PNG"",""parameter"":0.5,""stochastic"":false}",sid_set,unknown,unknown,unknown
sid_set_1540125c6d038b543981__matched_clean__fixed_q96__benchmark__resize_scale_0.25,sid_set_1540125c6d038b543981,sid_set_1540125c6d038b543981__matched_clean__fixed_q96,selection_val,ai_generated,0.6034788489341736,0.6464517712593079,epoch_014,42,fixed_q96,resize,"{""cell_id"":""resize_scale_0.25"",""name"":""resize"",""output_format"":""PNG"",""parameter"":0.25,""stochastic"":false}",sid_set,unknown,unknown,unknown
sid_set_1540125c6d038b543981__matched_clean__fixed_q96__benchmark__noise_sigma_0.02,sid_set_1540125c6d038b543981,sid_set_1540125c6d038b543981__matched_clean__fixed_q96,selection_val,ai_generated,2.3649368286132812,0.9141141772270203,epoch_014,42,fixed_q96,noise,"{""cell_id"":""noise_sigma_0.02"",""name"":""noise"",""output_format"":""PNG"",""parameter"":0.02,""stochastic"":true}",sid_set,unknown,unknown,unknown
sid_set_1540125c6d038b543981__matched_clean__fixed_q96__benchmark__noise_sigma_0.05,sid_set_1540125c6d038b543981,sid_set_1540125c6d038b543981__matched_clean__fixed_q96,selection_val,ai_generated,1.9103682041168213,0.8710604906082153,epoch_014,42,fixed_q96,noise,"{""cell_id"":""noise_sigma_0.05"",""name"":""noise"",""output_format"":""PNG"",""parameter"":0.05,""stochastic"":true}",sid_set,unknown,unknown,unknown
sid_set_1540125c6d038b543981__matched_clean__fixed_q96__benchmark__noise_sigma_0.1,sid_set_1540125c6d038b543981,sid_set_1540125c6d038b543981__matched_clean__fixed_q96,selection_val,ai_generated,1.1203196048736572,0.7540479898452759,epoch_014,42,fixed_q96,noise,"{""cell_id"":""noise_sigma_0.1"",""name"":""noise"",""output_format"":""PNG"",""parameter"":0.1,""stochastic"":true}",sid_set,unknown,unknown,unknown
sid_set_1540125c6d038b543981__matched_clean__fixed_q96__benchmark__color_jitter_0.2,sid_set_1540125c6d038b543981,sid_set_1540125c6d038b543981__matched_clean__fixed_q96,selection_val,ai_generated,2.025235652923584,0.8834213018417358,epoch_014,42,fixed_q96,color_jitter,"{""cell_id"":""color_jitter_0.2"",""name"":""color_jitter"",""output_format"":""PNG"",""parameter"":0.2,""stochastic"":true}",sid_set,unknown,unknown,unknown
sid_set_1540125c6d038b543981__matched_clean__fixed_q96__benchmark__center_crop_0.8,sid_set_1540125c6d038b543981,sid_set_1540125c6d038b543981__matched_clean__fixed_q96,selection_val,ai_generated,2.485280990600586,0.9231035113334656,epoch_014,42,fixed_q96,center_crop,"{""cell_id"":""center_crop_0.8"",""name"":""center_crop"",""output_format"":""PNG"",""parameter"":0.8,""stochastic"":false}",sid_set,unknown,unknown,unknown
sid_set_1570384b76d4c2db96a4__matched_clean__fixed_q96__benchmark__jpeg_q90,sid_set_1570384b76d4c2db96a4,sid_set_1570384b76d4c2db96a4__matched_clean__fixed_q96,selection_val,ai_generated,6.489091396331787,0.9984824061393738,epoch_014,42,fixed_q96,jpeg,"{""cell_id"":""jpeg_q90"",""name"":""jpeg"",""output_format"":""JPEG"",""parameter"":90,""stochastic"":false}",sid_set,unknown,unknown,unknown
sid_set_1570384b76d4c2db96a4__matched_clean__fixed_q96__benchmark__jpeg_q70,sid_set_1570384b76d4c2db96a4,sid_set_1570384b76d4c2db96a4__matched_clean__fixed_q96,selection_val,ai_generated,5.509416103363037,0.9959678649902344,epoch_014,42,fixed_q96,jpeg,"{""cell_id"":""jpeg_q70"",""name"":""jpeg"",""output_format"":""JPEG"",""parameter"":70,""stochastic"":false}",sid_set,unknown,unknown,unknown
sid_set_1570384b76d4c2db96a4__matched_clean__fixed_q96__benchmark__jpeg_q50,sid_set_1570384b76d4c2db96a4,sid_set_1570384b76d4c2db96a4__matched_clean__fixed_q96,selection_val,ai_generated,4.833084583282471,0.9921010136604309,epoch_014,42,fixed_q96,jpeg,"{""cell_id"":""jpeg_q50"",""name"":""jpeg"",""output_format"":""JPEG"",""parameter"":50,""stochastic"":false}",sid_set,unknown,unknown,unknown
sid_set_1570384b76d4c2db96a4__matched_clean__fixed_q96__benchmark__jpeg_q30,sid_set_1570384b76d4c2db96a4,sid_set_1570384b76d4c2db96a4__matched_clean__fixed_q96,selection_val,ai_generated,4.6342082023620605,0.9903796911239624,epoch_014,42,fixed_q96,jpeg,"{""cell_id"":""jpeg_q30"",""name"":""jpeg"",""output_format"":""JPEG"",""parameter"":30,""stochastic"":false}",sid_set,unknown,unknown,unknown
sid_set_1570384b76d4c2db96a4__matched_clean__fixed_q96__benchmark__blur_sigma_0.5,sid_set_1570384b76d4c2db96a4,sid_set_1570384b76d4c2db96a4__matched_clean__fixed_q96,selection_val,ai_generated,4.917224884033203,0.9927337169647217,epoch_014,42,fixed_q96,blur,"{""cell_id"":""blur_sigma_0.5"",""name"":""blur"",""output_format"":""PNG"",""parameter"":0.5,""stochastic"":false}",sid_set,unknown,unknown,unknown
sid_set_1570384b76d4c2db96a4__matched_clean__fixed_q96__benchmark__blur_sigma_1.0,sid_set_1570384b76d4c2db96a4,sid_set_1570384b76d4c2db96a4__matched_clean__fixed_q96,selection_val,ai_generated,4.569839000701904,0.9897465705871582,epoch_014,42,fixed_q96,blur,"{""cell_id"":""blur_sigma_1.0"",""name"":""blur"",""output_format"":""PNG"",""parameter"":1.0,""stochastic"":false}",sid_set,unknown,unknown,unknown
sid_set_1570384b76d4c2db96a4__matched_clean__fixed_q96__benchmark__blur_sigma_2.0,sid_set_1570384b76d4c2db96a4,sid_set_1570384b76d4c2db96a4__matched_clean__fixed_q96,selection_val,ai_generated,3.969785690307617,0.9814722537994385,epoch_014,42,fixed_q96,blur,"{""cell_id"":""blur_sigma_2.0"",""name"":""blur"",""output_format"":""PNG"",""parameter"":2.0,""stochastic"":false}",sid_set,unknown,unknown,unknown
sid_set_1570384b76d4c2db96a4__matched_clean__fixed_q96__benchmark__resize_scale_0.5,sid_set_1570384b76d4c2db96a4,sid_set_1570384b76d4c2db96a4__matched_clean__fixed_q96,selection_val,ai_generated,4.959824562072754,0.9930347204208374,epoch_014,42,fixed_q96,resize,"{""cell_id"":""resize_scale_0.5"",""name"":""resize"",""output_format"":""PNG"",""parameter"":0.5,""stochastic"":false}",sid_set,unknown,unknown,unknown
sid_set_1570384b76d4c2db96a4__matched_clean__fixed_q96__benchmark__resize_scale_0.25,sid_set_1570384b76d4c2db96a4,sid_set_1570384b76d4c2db96a4__matched_clean__fixed_q96,selection_val,ai_generated,4.137288570404053,0.9842848777770996,epoch_014,42,fixed_q96,resize,"{""cell_id"":""resize_scale_0.25"",""name"":""resize"",""output_format"":""PNG"",""parameter"":0.25,""stochastic"":false}",sid_set,unknown,unknown,unknown
sid_set_1570384b76d4c2db96a4__matched_clean__fixed_q96__benchmark__noise_sigma_0.02,sid_set_1570384b76d4c2db96a4,sid_set_1570384b76d4c2db96a4__matched_clean__fixed_q96,selection_val,ai_generated,4.902470588684082,0.9926266074180603,epoch_014,42,fixed_q96,noise,"{""cell_id"":""noise_sigma_0.02"",""name"":""noise"",""output_format"":""PNG"",""parameter"":0.02,""stochastic"":true}",sid_set,unknown,unknown,unknown
sid_set_1570384b76d4c2db96a4__matched_clean__fixed_q96__benchmark__noise_sigma_0.05,sid_set_1570384b76d4c2db96a4,sid_set_1570384b76d4c2db96a4__matched_clean__fixed_q96,selection_val,ai_generated,4.125842094421387,0.9841067790985107,epoch_014,42,fixed_q96,noise,"{""cell_id"":""noise_sigma_0.05"",""name"":""noise"",""output_format"":""PNG"",""parameter"":0.05,""stochastic"":true}",sid_set,unknown,unknown,unknown
sid_set_1570384b76d4c2db96a4__matched_clean__fixed_q96__benchmark__noise_sigma_0.1,sid_set_1570384b76d4c2db96a4,sid_set_1570384b76d4c2db96a4__matched_clean__fixed_q96,selection_val,ai_generated,3.162829637527466,0.9594113230705261,epoch_014,42,fixed_q96,noise,"{""cell_id"":""noise_sigma_0.1"",""name"":""noise"",""output_format"":""PNG"",""parameter"":0.1,""stochastic"":true}",sid_set,unknown,unknown,unknown
sid_set_1570384b76d4c2db96a4__matched_clean__fixed_q96__benchmark__color_jitter_0.2,sid_set_1570384b76d4c2db96a4,sid_set_1570384b76d4c2db96a4__matched_clean__fixed_q96,selection_val,ai_generated,5.323268413543701,0.9951469302177429,epoch_014,42,fixed_q96,color_jitter,"{""cell_id"":""color_jitter_0.2"",""name"":""color_jitter"",""output_format"":""PNG"",""parameter"":0.2,""stochastic"":true}",sid_set,unknown,unknown,unknown
sid_set_1570384b76d4c2db96a4__matched_clean__fixed_q96__benchmark__center_crop_0.8,sid_set_1570384b76d4c2db96a4,sid_set_1570384b76d4c2db96a4__matched_clean__fixed_q96,selection_val,ai_generated,6.013025760650635,0.9975593090057373,epoch_014,42,fixed_q96,center_crop,"{""cell_id"":""center_crop_0.8"",""name"":""center_crop"",""output_format"":""PNG"",""parameter"":0.8,""stochastic"":false}",sid_set,unknown,unknown,unknown
sid_set_158fcb92d361e87c4f9f__matched_clean__fixed_q96__benchmark__jpeg_q90,sid_set_158fcb92d361e87c4f9f,sid_set_158fcb92d361e87c4f9f__matched_clean__fixed_q96,selection_val,authentic,-6.7039079666137695,0.0012246094411239028,epoch_014,42,fixed_q96,jpeg,"{""cell_id"":""jpeg_q90"",""name"":""jpeg"",""output_format"":""JPEG"",""parameter"":90,""stochastic"":false}",sid_set,unknown,unknown,unknown
sid_set_158fcb92d361e87c4f9f__matched_clean__fixed_q96__benchmark__jpeg_q70,sid_set_158fcb92d361e87c4f9f,sid_set_158fcb92d361e87c4f9f__matched_clean__fixed_q96,selection_val,authentic,-6.11968469619751,0.0021943235769867897,epoch_014,42,fixed_q96,jpeg,"{""cell_id"":""jpeg_q70"",""name"":""jpeg"",""output_format"":""JPEG"",""parameter"":70,""stochastic"":false}",sid_set,unknown,unknown,unknown
sid_set_158fcb92d361e87c4f9f__matched_clean__fixed_q96__benchmark__jpeg_q50,sid_set_158fcb92d361e87c4f9f,sid_set_158fcb92d361e87c4f9f__matched_clean__fixed_q96,selection_val,authentic,-6.098178863525391,0.00224191858433187,epoch_014,42,fixed_q96,jpeg,"{""cell_id"":""jpeg_q50"",""name"":""jpeg"",""output_format"":""JPEG"",""parameter"":50,""stochastic"":false}",sid_set,unknown,unknown,unknown
sid_set_158fcb92d361e87c4f9f__matched_clean__fixed_q96__benchmark__jpeg_q30,sid_set_158fcb92d361e87c4f9f,sid_set_158fcb92d361e87c4f9f__matched_clean__fixed_q96,selection_val,authentic,-5.842104434967041,0.002894326113164425,epoch_014,42,fixed_q96,jpeg,"{""cell_id"":""jpeg_q30"",""name"":""jpeg"",""output_format"":""JPEG"",""parameter"":30,""stochastic"":false}",sid_set,unknown,unknown,unknown
sid_set_158fcb92d361e87c4f9f__matched_clean__fixed_q96__benchmark__blur_sigma_0.5,sid_set_158fcb92d361e87c4f9f,sid_set_158fcb92d361e87c4f9f__matched_clean__fixed_q96,selection_val,authentic,-7.192901611328125,0.0007513392483815551,epoch_014,42,fixed_q96,blur,"{""cell_id"":""blur_sigma_0.5"",""name"":""blur"",""output_format"":""PNG"",""parameter"":0.5,""stochastic"":false}",sid_set,unknown,unknown,unknown
sid_set_158fcb92d361e87c4f9f__matched_clean__fixed_q96__benchmark__blur_sigma_1.0,sid_set_158fcb92d361e87c4f9f,sid_set_158fcb92d361e87c4f9f__matched_clean__fixed_q96,selection_val,authentic,-6.851504802703857,0.0010567447170615196,epoch_014,42,fixed_q96,blur,"{""cell_id"":""blur_sigma_1.0"",""name"":""blur"",""output_format"":""PNG"",""parameter"":1.0,""stochastic"":false}",sid_set,unknown,unknown,unknown
sid_set_158fcb92d361e87c4f9f__matched_clean__fixed_q96__benchmark__blur_sigma_2.0,sid_set_158fcb92d361e87c4f9f,sid_set_158fcb92d361e87c4f9f__matched_clean__fixed_q96,selection_val,authentic,-5.521270275115967,0.00398482009768486,epoch_014,42,fixed_q96,blur,"{""cell_id"":""blur_sigma_2.0"",""name"":""blur"",""output_format"":""PNG"",""parameter"":2.0,""stochastic"":false}",sid_set,unknown,unknown,unknown
sid_set_158fcb92d361e87c4f9f__matched_clean__fixed_q96__benchmark__resize_scale_0.5,sid_set_158fcb92d361e87c4f9f,sid_set_158fcb92d361e87c4f9f__matched_clean__fixed_q96,selection_val,authentic,-5.605297565460205,0.003664845135062933,epoch_014,42,fixed_q96,resize,"{""cell_id"":""resize_scale_0.5"",""name"":""resize"",""output_format"":""PNG"",""parameter"":0.5,""stochastic"":false}",sid_set,unknown,unknown,unknown
sid_set_158fcb92d361e87c4f9f__matched_clean__fixed_q96__benchmark__resize_scale_0.25,sid_set_158fcb92d361e87c4f9f,sid_set_158fcb92d361e87c4f9f__matched_clean__fixed_q96,selection_val,authentic,-5.945189952850342,0.0026115665677934885,epoch_014,42,fixed_q96,resize,"{""cell_id"":""resize_scale_0.25"",""name"":""resize"",""output_format"":""PNG"",""parameter"":0.25,""stochastic"":false}",sid_set,unknown,unknown,unknown
sid_set_158fcb92d361e87c4f9f__matched_clean__fixed_q96__benchmark__noise_sigma_0.02,sid_set_158fcb92d361e87c4f9f,sid_set_158fcb92d361e87c4f9f__matched_clean__fixed_q96,selection_val,authentic,-6.384620189666748,0.001684466958977282,epoch_014,42,fixed_q96,noise,"{""cell_id"":""noise_sigma_0.02"",""name"":""noise"",""output_format"":""PNG"",""parameter"":0.02,""stochastic"":true}",sid_set,unknown,unknown,unknown
sid_set_158fcb92d361e87c4f9f__matched_clean__fixed_q96__benchmark__noise_sigma_0.05,sid_set_158fcb92d361e87c4f9f,sid_set_158fcb92d361e87c4f9f__matched_clean__fixed_q96,selection_val,authentic,-5.5209479331970215,0.003986100200563669,epoch_014,42,fixed_q96,noise,"{""cell_id"":""noise_sigma_0.05"",""name"":""noise"",""output_format"":""PNG"",""parameter"":0.05,""stochastic"":true}",sid_set,unknown,unknown,unknown
sid_set_158fcb92d361e87c4f9f__matched_clean__fixed_q96__benchmark__noise_sigma_0.1,sid_set_158fcb92d361e87c4f9f,sid_set_158fcb92d361e87c4f9f__matched_clean__fixed_q96,selection_val,authentic,-5.087818145751953,0.006133616901934147,epoch_014,42,fixed_q96,noise,"{""cell_id"":""noise_sigma_0.1"",""name"":""noise"",""output_format"":""PNG"",""parameter"":0.1,""stochastic"":true}",sid_set,unknown,unknown,unknown
sid_set_158fcb92d361e87c4f9f__matched_clean__fixed_q96__benchmark__color_jitter_0.2,sid_set_158fcb92d361e87c4f9f,sid_set_158fcb92d361e87c4f9f__matched_clean__fixed_q96,selection_val,authentic,-6.627013206481934,0.0013223610585555434,epoch_014,42,fixed_q96,color_jitter,"{""cell_id"":""color_jitter_0.2"",""name"":""color_jitter"",""output_format"":""PNG"",""parameter"":0.2,""stochastic"":true}",sid_set,unknown,unknown,unknown
sid_set_158fcb92d361e87c4f9f__matched_clean__fixed_q96__benchmark__center_crop_0.8,sid_set_158fcb92d361e87c4f9f,sid_set_158fcb92d361e87c4f9f__matched_clean__fixed_q96,selection_val,authentic,-5.3747687339782715,0.004610633477568626,epoch_014,42,fixed_q96,center_crop,"{""cell_id"":""center_crop_0.8"",""name"":""center_crop"",""output_format"":""PNG"",""parameter"":0.8,""stochastic"":false}",sid_set,unknown,unknown,unknown
sid_set_15a09dc7dae47f94d498__matched_clean__fixed_q96__benchmark__jpeg_q90,sid_set_15a09dc7dae47f94d498,sid_set_15a09dc7dae47f94d498__matched_clean__fixed_q96,selection_val,authentic,-8.13660717010498,0.0002925427397713065,epoch_014,42,fixed_q96,jpeg,"{""cell_id"":""jpeg_q90"",""name"":""jpeg"",""output_format"":""JPEG"",""parameter"":90,""stochastic"":false}",sid_set,unknown,unknown,unknown
sid_set_15a09dc7dae47f94d498__matched_clean__fixed_q96__benchmark__jpeg_q70,sid_set_15a09dc7dae47f94d498,sid_set_15a09dc7dae47f94d498__matched_clean__fixed_q96,selection_val,authentic,-7.093073844909668,0.0008301498601213098,epoch_014,42,fixed_q96,jpeg,"{""cell_id"":""jpeg_q70"",""name"":""jpeg"",""output_format"":""JPEG"",""parameter"":70,""stochastic"":false}",sid_set,unknown,unknown,unknown
sid_set_15a09dc7dae47f94d498__matched_clean__fixed_q96__benchmark__jpeg_q50,sid_set_15a09dc7dae47f94d498,sid_set_15a09dc7dae47f94d498__matched_clean__fixed_q96,selection_val,authentic,-6.226034164428711,0.0019733761437237263,epoch_014,42,fixed_q96,jpeg,"{""cell_id"":""jpeg_q50"",""name"":""jpeg"",""output_format"":""JPEG"",""parameter"":50,""stochastic"":false}",sid_set,unknown,unknown,unknown
sid_set_15a09dc7dae47f94d498__matched_clean__fixed_q96__benchmark__jpeg_q30,sid_set_15a09dc7dae47f94d498,sid_set_15a09dc7dae47f94d498__matched_clean__fixed_q96,selection_val,authentic,-6.457394599914551,0.0015664204256609082,epoch_014,42,fixed_q96,jpeg,"{""cell_id"":""jpeg_q30"",""name"":""jpeg"",""output_format"":""JPEG"",""parameter"":30,""stochastic"":false}",sid_set,unknown,unknown,unknown
sid_set_15a09dc7dae47f94d498__matched_clean__fixed_q96__benchmark__blur_sigma_0.5,sid_set_15a09dc7dae47f94d498,sid_set_15a09dc7dae47f94d498__matched_clean__fixed_q96,selection_val,authentic,-7.955111026763916,0.00035074123297818005,epoch_014,42,fixed_q96,blur,"{""cell_id"":""blur_sigma_0.5"",""name"":""blur"",""output_format"":""PNG"",""parameter"":0.5,""stochastic"":false}",sid_set,unknown,unknown,unknown
sid_set_15a09dc7dae47f94d498__matched_clean__fixed_q96__benchmark__blur_sigma_1.0,sid_set_15a09dc7dae47f94d498,sid_set_15a09dc7dae47f94d498__matched_clean__fixed_q96,selection_val,authentic,-8.012409210205078,0.00033121579326689243,epoch_014,42,fixed_q96,blur,"{""cell_id"":""blur_sigma_1.0"",""name"":""blur"",""output_format"":""PNG"",""parameter"":1.0,""stochastic"":false}",sid_set,unknown,unknown,unknown
sid_set_15a09dc7dae47f94d498__matched_clean__fixed_q96__benchmark__blur_sigma_2.0,sid_set_15a09dc7dae47f94d498,sid_set_15a09dc7dae47f94d498__matched_clean__fixed_q96,selection_val,authentic,-5.965447902679443,0.002559328218922019,epoch_014,42,fixed_q96,blur,"{""cell_id"":""blur_sigma_2.0"",""name"":""blur"",""output_format"":""PNG"",""parameter"":2.0,""stochastic"":false}",sid_set,unknown,unknown,unknown
sid_set_15a09dc7dae47f94d498__matched_clean__fixed_q96__benchmark__resize_scale_0.5,sid_set_15a09dc7dae47f94d498,sid_set_15a09dc7dae47f94d498__matched_clean__fixed_q96,selection_val,authentic,-6.951289653778076,0.0009564839419908822,epoch_014,42,fixed_q96,resize,"{""cell_id"":""resize_scale_0.5"",""name"":""resize"",""output_format"":""PNG"",""parameter"":0.5,""stochastic"":false}",sid_set,unknown,unknown,unknown
sid_set_15a09dc7dae47f94d498__matched_clean__fixed_q96__benchmark__resize_scale_0.25,sid_set_15a09dc7dae47f94d498,sid_set_15a09dc7dae47f94d498__matched_clean__fixed_q96,selection_val,authentic,-6.176762104034424,0.00207283697091043,epoch_014,42,fixed_q96,resize,"{""cell_id"":""resize_scale_0.25"",""name"":""resize"",""output_format"":""PNG"",""parameter"":0.25,""stochastic"":false}",sid_set,unknown,unknown,unknown
sid_set_15a09dc7dae47f94d498__matched_clean__fixed_q96__benchmark__noise_sigma_0.02,sid_set_15a09dc7dae47f94d498,sid_set_15a09dc7dae47f94d498__matched_clean__fixed_q96,selection_val,authentic,-6.882479190826416,0.0010245474986732006,epoch_014,42,fixed_q96,noise,"{""cell_id"":""noise_sigma_0.02"",""name"":""noise"",""output_format"":""PNG"",""parameter"":0.02,""stochastic"":true}",sid_set,unknown,unknown,unknown
sid_set_15a09dc7dae47f94d498__matched_clean__fixed_q96__benchmark__noise_sigma_0.05,sid_set_15a09dc7dae47f94d498,sid_set_15a09dc7dae47f94d498__matched_clean__fixed_q96,selection_val,authentic,-7.306997776031494,0.0006703782710246742,epoch_014,42,fixed_q96,noise,"{""cell_id"":""noise_sigma_0.05"",""name"":""noise"",""output_format"":""PNG"",""parameter"":0.05,""stochastic"":true}",sid_set,unknown,unknown,unknown
sid_set_15a09dc7dae47f94d498__matched_clean__fixed_q96__benchmark__noise_sigma_0.1,sid_set_15a09dc7dae47f94d498,sid_set_15a09dc7dae47f94d498__matched_clean__fixed_q96,selection_val,authentic,-6.172048091888428,0.0020826109685003757,epoch_014,42,fixed_q96,noise,"{""cell_id"":""noise_sigma_0.1"",""name"":""noise"",""output_format"":""PNG"",""parameter"":0.1,""stochastic"":true}",sid_set,unknown,unknown,unknown
sid_set_15a09dc7dae47f94d498__matched_clean__fixed_q96__benchmark__color_jitter_0.2,sid_set_15a09dc7dae47f94d498,sid_set_15a09dc7dae47f94d498__matched_clean__fixed_q96,selection_val,authentic,-8.938018798828125,0.0001312836684519425,epoch_014,42,fixed_q96,color_jitter,"{""cell_id"":""color_jitter_0.2"",""name"":""color_jitter"",""output_format"":""PNG"",""parameter"":0.2,""stochastic"":true}",sid_set,unknown,unknown,unknown
sid_set_15a09dc7dae47f94d498__matched_clean__fixed_q96__benchmark__center_crop_0.8,sid_set_15a09dc7dae47f94d498,sid_set_15a09dc7dae47f94d498__matched_clean__fixed_q96,selection_val,authentic,-7.520073890686035,0.0005417987704277039,epoch_014,42,fixed_q96,center_crop,"{""cell_id"":""center_crop_0.8"",""name"":""center_crop"",""output_format"":""PNG"",""parameter"":0.8,""stochastic"":false}",sid_set,unknown,unknown,unknown
sid_set_15df0e2113fabc469b71__matched_clean__fixed_q96__benchmark__jpeg_q90,sid_set_15df0e2113fabc469b71,sid_set_15df0e2113fabc469b71__matched_clean__fixed_q96,selection_val,authentic,-7.39878511428833,0.00061162153724581,epoch_014,42,fixed_q96,jpeg,"{""cell_id"":""jpeg_q90"",""name"":""jpeg"",""output_format"":""JPEG"",""parameter"":90,""stochastic"":false}",sid_set,unknown,unknown,unknown
sid_set_15df0e2113fabc469b71__matched_clean__fixed_q96__benchmark__jpeg_q70,sid_set_15df0e2113fabc469b71,sid_set_15df0e2113fabc469b71__matched_clean__fixed_q96,selection_val,authentic,-5.050004005432129,0.0063684904016554356,epoch_014,42,fixed_q96,jpeg,"{""cell_id"":""jpeg_q70"",""name"":""jpeg"",""output_format"":""JPEG"",""parameter"":70,""stochastic"":false}",sid_set,unknown,unknown,unknown
sid_set_15df0e2113fabc469b71__matched_clean__fixed_q96__benchmark__jpeg_q50,sid_set_15df0e2113fabc469b71,sid_set_15df0e2113fabc469b71__matched_clean__fixed_q96,selection_val,authentic,-4.187208652496338,0.014961380511522293,epoch_014,42,fixed_q96,jpeg,"{""cell_id"":""jpeg_q50"",""name"":""jpeg"",""output_format"":""JPEG"",""parameter"":50,""stochastic"":false}",sid_set,unknown,unknown,unknown
sid_set_15df0e2113fabc469b71__matched_clean__fixed_q96__benchmark__jpeg_q30,sid_set_15df0e2113fabc469b71,sid_set_15df0e2113fabc469b71__matched_clean__fixed_q96,selection_val,authentic,-5.353858947753906,0.004707597196102142,epoch_014,42,fixed_q96,jpeg,"{""cell_id"":""jpeg_q30"",""name"":""jpeg"",""output_format"":""JPEG"",""parameter"":30,""stochastic"":false}",sid_set,unknown,unknown,unknown
sid_set_15df0e2113fabc469b71__matched_clean__fixed_q96__benchmark__blur_sigma_0.5,sid_set_15df0e2113fabc469b71,sid_set_15df0e2113fabc469b71__matched_clean__fixed_q96,selection_val,authentic,-7.622939109802246,0.000488863093778491,epoch_014,42,fixed_q96,blur,"{""cell_id"":""blur_sigma_0.5"",""name"":""blur"",""output_format"":""PNG"",""parameter"":0.5,""stochastic"":false}",sid_set,unknown,unknown,unknown
sid_set_15df0e2113fabc469b71__matched_clean__fixed_q96__benchmark__blur_sigma_1.0,sid_set_15df0e2113fabc469b71,sid_set_15df0e2113fabc469b71__matched_clean__fixed_q96,selection_val,authentic,-6.567662715911865,0.0014031061436980963,epoch_014,42,fixed_q96,blur,"{""cell_id"":""blur_sigma_1.0"",""name"":""blur"",""output_format"":""PNG"",""parameter"":1.0,""stochastic"":false}",sid_set,unknown,unknown,unknown
sid_set_15df0e2113fabc469b71__matched_clean__fixed_q96__benchmark__blur_sigma_2.0,sid_set_15df0e2113fabc469b71,sid_set_15df0e2113fabc469b71__matched_clean__fixed_q96,selection_val,authentic,-5.672050952911377,0.0034290023613721132,epoch_014,42,fixed_q96,blur,"{""cell_id"":""blur_sigma_2.0"",""name"":""blur"",""output_format"":""PNG"",""parameter"":2.0,""stochastic"":false}",sid_set,unknown,unknown,unknown
sid_set_15df0e2113fabc469b71__matched_clean__fixed_q96__benchmark__resize_scale_0.5,sid_set_15df0e2113fabc469b71,sid_set_15df0e2113fabc469b71__matched_clean__fixed_q96,selection_val,authentic,-5.084397792816162,0.006154502741992474,epoch_014,42,fixed_q96,resize,"{""cell_id"":""resize_scale_0.5"",""name"":""resize"",""output_format"":""PNG"",""parameter"":0.5,""stochastic"":false}",sid_set,unknown,unknown,unknown
sid_set_15df0e2113fabc469b71__matched_clean__fixed_q96__benchmark__resize_scale_0.25,sid_set_15df0e2113fabc469b71,sid_set_15df0e2113fabc469b71__matched_clean__fixed_q96,selection_val,authentic,-5.048537731170654,0.006377775687724352,epoch_014,42,fixed_q96,resize,"{""cell_id"":""resize_scale_0.25"",""name"":""resize"",""output_format"":""PNG"",""parameter"":0.25,""stochastic"":false}",sid_set,unknown,unknown,unknown
sid_set_15df0e2113fabc469b71__matched_clean__fixed_q96__benchmark__noise_sigma_0.02,sid_set_15df0e2113fabc469b71,sid_set_15df0e2113fabc469b71__matched_clean__fixed_q96,selection_val,authentic,-5.759632110595703,0.003142365487292409,epoch_014,42,fixed_q96,noise,"{""cell_id"":""noise_sigma_0.02"",""name"":""noise"",""output_format"":""PNG"",""parameter"":0.02,""stochastic"":true}",sid_set,unknown,unknown,unknown
sid_set_15df0e2113fabc469b71__matched_clean__fixed_q96__benchmark__noise_sigma_0.05,sid_set_15df0e2113fabc469b71,sid_set_15df0e2113fabc469b71__matched_clean__fixed_q96,selection_val,authentic,-5.407675266265869,0.004462048411369324,epoch_014,42,fixed_q96,noise,"{""cell_id"":""noise_sigma_0.05"",""name"":""noise"",""output_format"":""PNG"",""parameter"":0.05,""stochastic"":true}",sid_set,unknown,unknown,unknown
sid_set_15df0e2113fabc469b71__matched_clean__fixed_q96__benchmark__noise_sigma_0.1,sid_set_15df0e2113fabc469b71,sid_set_15df0e2113fabc469b71__matched_clean__fixed_q96,selection_val,authentic,-4.425601482391357,0.011825496330857277,epoch_014,42,fixed_q96,noise,"{""cell_id"":""noise_sigma_0.1"",""name"":""noise"",""output_format"":""PNG"",""parameter"":0.1,""stochastic"":true}",sid_set,unknown,unknown,unknown
sid_set_15df0e2113fabc469b71__matched_clean__fixed_q96__benchmark__color_jitter_0.2,sid_set_15df0e2113fabc469b71,sid_set_15df0e2113fabc469b71__matched_clean__fixed_q96,selection_val,authentic,-7.469783306121826,0.0005697270389646292,epoch_014,42,fixed_q96,color_jitter,"{""cell_id"":""color_jitter_0.2"",""name"":""color_jitter"",""output_format"":""PNG"",""parameter"":0.2,""stochastic"":true}",sid_set,unknown,unknown,unknown
sid_set_15df0e2113fabc469b71__matched_clean__fixed_q96__benchmark__center_crop_0.8,sid_set_15df0e2113fabc469b71,sid_set_15df0e2113fabc469b71__matched_clean__fixed_q96,selection_val,authentic,-5.934141159057617,0.0026405048556625843,epoch_014,42,fixed_q96,center_crop,"{""cell_id"":""center_crop_0.8"",""name"":""center_crop"",""output_format"":""PNG"",""parameter"":0.8,""stochastic"":false}",sid_set,unknown,unknown,unknown
sid_set_162402d6dd7ada57d15d__matched_clean__fixed_q96__benchmark__jpeg_q90,sid_set_162402d6dd7ada57d15d,sid_set_162402d6dd7ada57d15d__matched_clean__fixed_q96,selection_val,ai_generated,5.1159987449646,0.9940357208251953,epoch_014,42,fixed_q96,jpeg,"{""cell_id"":""jpeg_q90"",""name"":""jpeg"",""output_format"":""JPEG"",""parameter"":90,""stochastic"":false}",sid_set,unknown,unknown,unknown
sid_set_162402d6dd7ada57d15d__matched_clean__fixed_q96__benchmark__jpeg_q70,sid_set_162402d6dd7ada57d15d,sid_set_162402d6dd7ada57d15d__matched_clean__fixed_q96,selection_val,ai_generated,5.7706828117370605,0.9968920350074768,epoch_014,42,fixed_q96,jpeg,"{""cell_id"":""jpeg_q70"",""name"":""jpeg"",""output_format"":""JPEG"",""parameter"":70,""stochastic"":false}",sid_set,unknown,unknown,unknown
sid_set_162402d6dd7ada57d15d__matched_clean__fixed_q96__benchmark__jpeg_q50,sid_set_162402d6dd7ada57d15d,sid_set_162402d6dd7ada57d15d__matched_clean__fixed_q96,selection_val,ai_generated,5.684369087219238,0.9966128468513489,epoch_014,42,fixed_q96,jpeg,"{""cell_id"":""jpeg_q50"",""name"":""jpeg"",""output_format"":""JPEG"",""parameter"":50,""stochastic"":false}",sid_set,unknown,unknown,unknown
sid_set_162402d6dd7ada57d15d__matched_clean__fixed_q96__benchmark__jpeg_q30,sid_set_162402d6dd7ada57d15d,sid_set_162402d6dd7ada57d15d__matched_clean__fixed_q96,selection_val,ai_generated,5.0786824226379395,0.9938104748725891,epoch_014,42,fixed_q96,jpeg,"{""cell_id"":""jpeg_q30"",""name"":""jpeg"",""output_format"":""JPEG"",""parameter"":30,""stochastic"":false}",sid_set,unknown,unknown,unknown
sid_set_162402d6dd7ada57d15d__matched_clean__fixed_q96__benchmark__blur_sigma_0.5,sid_set_162402d6dd7ada57d15d,sid_set_162402d6dd7ada57d15d__matched_clean__fixed_q96,selection_val,ai_generated,4.16042423248291,0.9846387505531311,epoch_014,42,fixed_q96,blur,"{""cell_id"":""blur_sigma_0.5"",""name"":""blur"",""output_format"":""PNG"",""parameter"":0.5,""stochastic"":false}",sid_set,unknown,unknown,unknown
sid_set_162402d6dd7ada57d15d__matched_clean__fixed_q96__benchmark__blur_sigma_1.0,sid_set_162402d6dd7ada57d15d,sid_set_162402d6dd7ada57d15d__matched_clean__fixed_q96,selection_val,ai_generated,3.1560721397399902,0.9591472744941711,epoch_014,42,fixed_q96,blur,"{""cell_id"":""blur_sigma_1.0"",""name"":""blur"",""output_format"":""PNG"",""parameter"":1.0,""stochastic"":false}",sid_set,unknown,unknown,unknown
sid_set_162402d6dd7ada57d15d__matched_clean__fixed_q96__benchmark__blur_sigma_2.0,sid_set_162402d6dd7ada57d15d,sid_set_162402d6dd7ada57d15d__matched_clean__fixed_q96,selection_val,ai_generated,4.586788177490234,0.9899172186851501,epoch_014,42,fixed_q96,blur,"{""cell_id"":""blur_sigma_2.0"",""name"":""blur"",""output_format"":""PNG"",""parameter"":2.0,""stochastic"":false}",sid_set,unknown,unknown,unknown
sid_set_162402d6dd7ada57d15d__matched_clean__fixed_q96__benchmark__resize_scale_0.5,sid_set_162402d6dd7ada57d15d,sid_set_162402d6dd7ada57d15d__matched_clean__fixed_q96,selection_val,ai_generated,4.185099124908447,0.9850075244903564,epoch_014,42,fixed_q96,resize,"{""cell_id"":""resize_scale_0.5"",""name"":""resize"",""output_format"":""PNG"",""parameter"":0.5,""stochastic"":false}",sid_set,unknown,unknown,unknown
sid_set_162402d6dd7ada57d15d__matched_clean__fixed_q96__benchmark__resize_scale_0.25,sid_set_162402d6dd7ada57d15d,sid_set_162402d6dd7ada57d15d__matched_clean__fixed_q96,selection_val,ai_generated,3.6505320072174072,0.974680483341217,epoch_014,42,fixed_q96,resize,"{""cell_id"":""resize_scale_0.25"",""name"":""resize"",""output_format"":""PNG"",""parameter"":0.25,""stochastic"":false}",sid_set,unknown,unknown,unknown
sid_set_162402d6dd7ada57d15d__matched_clean__fixed_q96__benchmark__noise_sigma_0.02,sid_set_162402d6dd7ada57d15d,sid_set_162402d6dd7ada57d15d__matched_clean__fixed_q96,selection_val,ai_generated,4.922077178955078,0.9927687644958496,epoch_014,42,fixed_q96,noise,"{""cell_id"":""noise_sigma_0.02"",""name"":""noise"",""output_format"":""PNG"",""parameter"":0.02,""stochastic"":true}",sid_set,unknown,unknown,unknown
sid_set_162402d6dd7ada57d15d__matched_clean__fixed_q96__benchmark__noise_sigma_0.05,sid_set_162402d6dd7ada57d15d,sid_set_162402d6dd7ada57d15d__matched_clean__fixed_q96,selection_val,ai_generated,4.889262676239014,0.9925292134284973,epoch_014,42,fixed_q96,noise,"{""cell_id"":""noise_sigma_0.05"",""name"":""noise"",""output_format"":""PNG"",""parameter"":0.05,""stochastic"":true}",sid_set,unknown,unknown,unknown
sid_set_162402d6dd7ada57d15d__matched_clean__fixed_q96__benchmark__noise_sigma_0.1,sid_set_162402d6dd7ada57d15d,sid_set_162402d6dd7ada57d15d__matched_clean__fixed_q96,selection_val,ai_generated,3.791231393814087,0.9779303073883057,epoch_014,42,fixed_q96,noise,"{""cell_id"":""noise_sigma_0.1"",""name"":""noise"",""output_format"":""PNG"",""parameter"":0.1,""stochastic"":true}",sid_set,unknown,unknown,unknown
sid_set_162402d6dd7ada57d15d__matched_clean__fixed_q96__benchmark__color_jitter_0.2,sid_set_162402d6dd7ada57d15d,sid_set_162402d6dd7ada57d15d__matched_clean__fixed_q96,selection_val,ai_generated,4.788646221160889,0.9917450547218323,epoch_014,42,fixed_q96,color_jitter,"{""cell_id"":""color_jitter_0.2"",""name"":""color_jitter"",""output_format"":""PNG"",""parameter"":0.2,""stochastic"":true}",sid_set,unknown,unknown,unknown
sid_set_162402d6dd7ada57d15d__matched_clean__fixed_q96__benchmark__center_crop_0.8,sid_set_162402d6dd7ada57d15d,sid_set_162402d6dd7ada57d15d__matched_clean__fixed_q96,selection_val,ai_generated,4.494659900665283,0.9889549016952515,epoch_014,42,fixed_q96,center_crop,"{""cell_id"":""center_crop_0.8"",""name"":""center_crop"",""output_format"":""PNG"",""parameter"":0.8,""stochastic"":false}",sid_set,unknown,unknown,unknown
sid_set_1637a02ab0fe79800948__matched_clean__fixed_q96__benchmark__jpeg_q90,sid_set_1637a02ab0fe79800948,sid_set_1637a02ab0fe79800948__matched_clean__fixed_q96,selection_val,ai_generated,2.515718460083008,0.9252364039421082,epoch_014,42,fixed_q96,jpeg,"{""cell_id"":""jpeg_q90"",""name"":""jpeg"",""output_format"":""JPEG"",""parameter"":90,""stochastic"":false}",sid_set,unknown,unknown,unknown
sid_set_1637a02ab0fe79800948__matched_clean__fixed_q96__benchmark__jpeg_q70,sid_set_1637a02ab0fe79800948,sid_set_1637a02ab0fe79800948__matched_clean__fixed_q96,selection_val,ai_generated,1.9201841354370117,0.872158944606781,epoch_014,42,fixed_q96,jpeg,"{""cell_id"":""jpeg_q70"",""name"":""jpeg"",""output_format"":""JPEG"",""parameter"":70,""stochastic"":false}",sid_set,unknown,unknown,unknown
sid_set_1637a02ab0fe79800948__matched_clean__fixed_q96__benchmark__jpeg_q50,sid_set_1637a02ab0fe79800948,sid_set_1637a02ab0fe79800948__matched_clean__fixed_q96,selection_val,ai_generated,1.1767299175262451,0.7643592953681946,epoch_014,42,fixed_q96,jpeg,"{""cell_id"":""jpeg_q50"",""name"":""jpeg"",""output_format"":""JPEG"",""parameter"":50,""stochastic"":false}",sid_set,unknown,unknown,unknown
sid_set_1637a02ab0fe79800948__matched_clean__fixed_q96__benchmark__jpeg_q30,sid_set_1637a02ab0fe79800948,sid_set_1637a02ab0fe79800948__matched_clean__fixed_q96,selection_val,ai_generated,1.020775556564331,0.7351236939430237,epoch_014,42,fixed_q96,jpeg,"{""cell_id"":""jpeg_q30"",""name"":""jpeg"",""output_format"":""JPEG"",""parameter"":30,""stochastic"":false}",sid_set,unknown,unknown,unknown
sid_set_1637a02ab0fe79800948__matched_clean__fixed_q96__benchmark__blur_sigma_0.5,sid_set_1637a02ab0fe79800948,sid_set_1637a02ab0fe79800948__matched_clean__fixed_q96,selection_val,ai_generated,2.0293543338775635,0.883844792842865,epoch_014,42,fixed_q96,blur,"{""cell_id"":""blur_sigma_0.5"",""name"":""blur"",""output_format"":""PNG"",""parameter"":0.5,""stochastic"":false}",sid_set,unknown,unknown,unknown
sid_set_1637a02ab0fe79800948__matched_clean__fixed_q96__benchmark__blur_sigma_1.0,sid_set_1637a02ab0fe79800948,sid_set_1637a02ab0fe79800948__matched_clean__fixed_q96,selection_val,ai_generated,2.3247783184051514,0.9109084606170654,epoch_014,42,fixed_q96,blur,"{""cell_id"":""blur_sigma_1.0"",""name"":""blur"",""output_format"":""PNG"",""parameter"":1.0,""stochastic"":false}",sid_set,unknown,unknown,unknown
sid_set_1637a02ab0fe79800948__matched_clean__fixed_q96__benchmark__blur_sigma_2.0,sid_set_1637a02ab0fe79800948,sid_set_1637a02ab0fe79800948__matched_clean__fixed_q96,selection_val,ai_generated,2.8565027713775635,0.9456538558006287,epoch_014,42,fixed_q96,blur,"{""cell_id"":""blur_sigma_2.0"",""name"":""blur"",""output_format"":""PNG"",""parameter"":2.0,""stochastic"":false}",sid_set,unknown,unknown,unknown
sid_set_1637a02ab0fe79800948__matched_clean__fixed_q96__benchmark__resize_scale_0.5,sid_set_1637a02ab0fe79800948,sid_set_1637a02ab0fe79800948__matched_clean__fixed_q96,selection_val,ai_generated,3.1599862575531006,0.9593003988265991,epoch_014,42,fixed_q96,resize,"{""cell_id"":""resize_scale_0.5"",""name"":""resize"",""output_format"":""PNG"",""parameter"":0.5,""stochastic"":false}",sid_set,unknown,unknown,unknown
sid_set_1637a02ab0fe79800948__matched_clean__fixed_q96__benchmark__resize_scale_0.25,sid_set_1637a02ab0fe79800948,sid_set_1637a02ab0fe79800948__matched_clean__fixed_q96,selection_val,ai_generated,2.2603609561920166,0.9055405259132385,epoch_014,42,fixed_q96,resize,"{""cell_id"":""resize_scale_0.25"",""name"":""resize"",""output_format"":""PNG"",""parameter"":0.25,""stochastic"":false}",sid_set,unknown,unknown,unknown
sid_set_1637a02ab0fe79800948__matched_clean__fixed_q96__benchmark__noise_sigma_0.02,sid_set_1637a02ab0fe79800948,sid_set_1637a02ab0fe79800948__matched_clean__fixed_q96,selection_val,ai_generated,0.956864058971405,0.7224935293197632,epoch_014,42,fixed_q96,noise,"{""cell_id"":""noise_sigma_0.02"",""name"":""noise"",""output_format"":""PNG"",""parameter"":0.02,""stochastic"":true}",sid_set,unknown,unknown,unknown
sid_set_1637a02ab0fe79800948__matched_clean__fixed_q96__benchmark__noise_sigma_0.05,sid_set_1637a02ab0fe79800948,sid_set_1637a02ab0fe79800948__matched_clean__fixed_q96,selection_val,ai_generated,0.24107524752616882,0.5599786043167114,epoch_014,42,fixed_q96,noise,"{""cell_id"":""noise_sigma_0.05"",""name"":""noise"",""output_format"":""PNG"",""parameter"":0.05,""stochastic"":true}",sid_set,unknown,unknown,unknown
sid_set_1637a02ab0fe79800948__matched_clean__fixed_q96__benchmark__noise_sigma_0.1,sid_set_1637a02ab0fe79800948,sid_set_1637a02ab0fe79800948__matched_clean__fixed_q96,selection_val,ai_generated,0.3431556820869446,0.5849568843841553,epoch_014,42,fixed_q96,noise,"{""cell_id"":""noise_sigma_0.1"",""name"":""noise"",""output_format"":""PNG"",""parameter"":0.1,""stochastic"":true}",sid_set,unknown,unknown,unknown
sid_set_1637a02ab0fe79800948__matched_clean__fixed_q96__benchmark__color_jitter_0.2,sid_set_1637a02ab0fe79800948,sid_set_1637a02ab0fe79800948__matched_clean__fixed_q96,selection_val,ai_generated,2.3134384155273438,0.9099838733673096,epoch_014,42,fixed_q96,color_jitter,"{""cell_id"":""color_jitter_0.2"",""name"":""color_jitter"",""output_format"":""PNG"",""parameter"":0.2,""stochastic"":true}",sid_set,unknown,unknown,unknown
sid_set_1637a02ab0fe79800948__matched_clean__fixed_q96__benchmark__center_crop_0.8,sid_set_1637a02ab0fe79800948,sid_set_1637a02ab0fe79800948__matched_clean__fixed_q96,selection_val,ai_generated,2.290220022201538,0.9080637693405151,epoch_014,42,fixed_q96,center_crop,"{""cell_id"":""center_crop_0.8"",""name"":""center_crop"",""output_format"":""PNG"",""parameter"":0.8,""stochastic"":false}",sid_set,unknown,unknown,unknown
sid_set_16867458a9eb6562edc2__matched_clean__fixed_q96__benchmark__jpeg_q90,sid_set_16867458a9eb6562edc2,sid_set_16867458a9eb6562edc2__matched_clean__fixed_q96,selection_val,ai_generated,4.823184490203857,0.9920229911804199,epoch_014,42,fixed_q96,jpeg,"{""cell_id"":""jpeg_q90"",""name"":""jpeg"",""output_format"":""JPEG"",""parameter"":90,""stochastic"":false}",sid_set,unknown,unknown,unknown
sid_set_16867458a9eb6562edc2__matched_clean__fixed_q96__benchmark__jpeg_q70,sid_set_16867458a9eb6562edc2,sid_set_16867458a9eb6562edc2__matched_clean__fixed_q96,selection_val,ai_generated,5.221526145935059,0.9946298599243164,epoch_014,42,fixed_q96,jpeg,"{""cell_id"":""jpeg_q70"",""name"":""jpeg"",""output_format"":""JPEG"",""parameter"":70,""stochastic"":false}",sid_set,unknown,unknown,unknown
sid_set_16867458a9eb6562edc2__matched_clean__fixed_q96__benchmark__jpeg_q50,sid_set_16867458a9eb6562edc2,sid_set_16867458a9eb6562edc2__matched_clean__fixed_q96,selection_val,ai_generated,5.1747026443481445,0.9943739175796509,epoch_014,42,fixed_q96,jpeg,"{""cell_id"":""jpeg_q50"",""name"":""jpeg"",""output_format"":""JPEG"",""parameter"":50,""stochastic"":false}",sid_set,unknown,unknown,unknown
sid_set_16867458a9eb6562edc2__matched_clean__fixed_q96__benchmark__jpeg_q30,sid_set_16867458a9eb6562edc2,sid_set_16867458a9eb6562edc2__matched_clean__fixed_q96,selection_val,ai_generated,3.6584649085998535,0.9748753905296326,epoch_014,42,fixed_q96,jpeg,"{""cell_id"":""jpeg_q30"",""name"":""jpeg"",""output_format"":""JPEG"",""parameter"":30,""stochastic"":false}",sid_set,unknown,unknown,unknown
sid_set_16867458a9eb6562edc2__matched_clean__fixed_q96__benchmark__blur_sigma_0.5,sid_set_16867458a9eb6562edc2,sid_set_16867458a9eb6562edc2__matched_clean__fixed_q96,selection_val,ai_generated,3.794945240020752,0.9780102372169495,epoch_014,42,fixed_q96,blur,"{""cell_id"":""blur_sigma_0.5"",""name"":""blur"",""output_format"":""PNG"",""parameter"":0.5,""stochastic"":false}",sid_set,unknown,unknown,unknown
sid_set_16867458a9eb6562edc2__matched_clean__fixed_q96__benchmark__blur_sigma_1.0,sid_set_16867458a9eb6562edc2,sid_set_16867458a9eb6562edc2__matched_clean__fixed_q96,selection_val,ai_generated,3.9532530307769775,0.9811691641807556,epoch_014,42,fixed_q96,blur,"{""cell_id"":""blur_sigma_1.0"",""name"":""blur"",""output_format"":""PNG"",""parameter"":1.0,""stochastic"":false}",sid_set,unknown,unknown,unknown
sid_set_16867458a9eb6562edc2__matched_clean__fixed_q96__benchmark__blur_sigma_2.0,sid_set_16867458a9eb6562edc2,sid_set_16867458a9eb6562edc2__matched_clean__fixed_q96,selection_val,ai_generated,4.316657066345215,0.9868313074111938,epoch_014,42,fixed_q96,blur,"{""cell_id"":""blur_sigma_2.0"",""name"":""blur"",""output_format"":""PNG"",""parameter"":2.0,""stochastic"":false}",sid_set,unknown,unknown,unknown
sid_set_16867458a9eb6562edc2__matched_clean__fixed_q96__benchmark__resize_scale_0.5,sid_set_16867458a9eb6562edc2,sid_set_16867458a9eb6562edc2__matched_clean__fixed_q96,selection_val,ai_generated,4.604280948638916,0.9900902509689331,epoch_014,42,fixed_q96,resize,"{""cell_id"":""resize_scale_0.5"",""name"":""resize"",""output_format"":""PNG"",""parameter"":0.5,""stochastic"":false}",sid_set,unknown,unknown,unknown
sid_set_16867458a9eb6562edc2__matched_clean__fixed_q96__benchmark__resize_scale_0.25,sid_set_16867458a9eb6562edc2,sid_set_16867458a9eb6562edc2__matched_clean__fixed_q96,selection_val,ai_generated,4.081821918487549,0.9834033846855164,epoch_014,42,fixed_q96,resize,"{""cell_id"":""resize_scale_0.25"",""name"":""resize"",""output_format"":""PNG"",""parameter"":0.25,""stochastic"":false}",sid_set,unknown,unknown,unknown
sid_set_16867458a9eb6562edc2__matched_clean__fixed_q96__benchmark__noise_sigma_0.02,sid_set_16867458a9eb6562edc2,sid_set_16867458a9eb6562edc2__matched_clean__fixed_q96,selection_val,ai_generated,3.6491873264312744,0.9746471643447876,epoch_014,42,fixed_q96,noise,"{""cell_id"":""noise_sigma_0.02"",""name"":""noise"",""output_format"":""PNG"",""parameter"":0.02,""stochastic"":true}",sid_set,unknown,unknown,unknown
sid_set_16867458a9eb6562edc2__matched_clean__fixed_q96__benchmark__noise_sigma_0.05,sid_set_16867458a9eb6562edc2,sid_set_16867458a9eb6562edc2__matched_clean__fixed_q96,selection_val,ai_generated,3.6701810359954834,0.9751608967781067,epoch_014,42,fixed_q96,noise,"{""cell_id"":""noise_sigma_0.05"",""name"":""noise"",""output_format"":""PNG"",""parameter"":0.05,""stochastic"":true}",sid_set,unknown,unknown,unknown
sid_set_16867458a9eb6562edc2__matched_clean__fixed_q96__benchmark__noise_sigma_0.1,sid_set_16867458a9eb6562edc2,sid_set_16867458a9eb6562edc2__matched_clean__fixed_q96,selection_val,ai_generated,2.8911237716674805,0.9474059343338013,epoch_014,42,fixed_q96,noise,"{""cell_id"":""noise_sigma_0.1"",""name"":""noise"",""output_format"":""PNG"",""parameter"":0.1,""stochastic"":true}",sid_set,unknown,unknown,unknown
sid_set_16867458a9eb6562edc2__matched_clean__fixed_q96__benchmark__color_jitter_0.2,sid_set_16867458a9eb6562edc2,sid_set_16867458a9eb6562edc2__matched_clean__fixed_q96,selection_val,ai_generated,4.652544021606445,0.9905527830123901,epoch_014,42,fixed_q96,color_jitter,"{""cell_id"":""color_jitter_0.2"",""name"":""color_jitter"",""output_format"":""PNG"",""parameter"":0.2,""stochastic"":true}",sid_set,unknown,unknown,unknown
sid_set_16867458a9eb6562edc2__matched_clean__fixed_q96__benchmark__center_crop_0.8,sid_set_16867458a9eb6562edc2,sid_set_16867458a9eb6562edc2__matched_clean__fixed_q96,selection_val,ai_generated,4.153007984161377,0.9845261573791504,epoch_014,42,fixed_q96,center_crop,"{""cell_id"":""center_crop_0.8"",""name"":""center_crop"",""output_format"":""PNG"",""parameter"":0.8,""stochastic"":false}",sid_set,unknown,unknown,unknown
sid_set_168c567748725445dd65__matched_clean__fixed_q96__benchmark__jpeg_q90,sid_set_168c567748725445dd65,sid_set_168c567748725445dd65__matched_clean__fixed_q96,selection_val,ai_generated,7.3343186378479,0.9993476271629333,epoch_014,42,fixed_q96,jpeg,"{""cell_id"":""jpeg_q90"",""name"":""jpeg"",""output_format"":""JPEG"",""parameter"":90,""stochastic"":false}",sid_set,unknown,unknown,unknown
sid_set_168c567748725445dd65__matched_clean__fixed_q96__benchmark__jpeg_q70,sid_set_168c567748725445dd65,sid_set_168c567748725445dd65__matched_clean__fixed_q96,selection_val,ai_generated,6.405010223388672,0.9983495473861694,epoch_014,42,fixed_q96,jpeg,"{""cell_id"":""jpeg_q70"",""name"":""jpeg"",""output_format"":""JPEG"",""parameter"":70,""stochastic"":false}",sid_set,unknown,unknown,unknown
sid_set_168c567748725445dd65__matched_clean__fixed_q96__benchmark__jpeg_q50,sid_set_168c567748725445dd65,sid_set_168c567748725445dd65__matched_clean__fixed_q96,selection_val,ai_generated,5.1244330406188965,0.9940855503082275,epoch_014,42,fixed_q96,jpeg,"{""cell_id"":""jpeg_q50"",""name"":""jpeg"",""output_format"":""JPEG"",""parameter"":50,""stochastic"":false}",sid_set,unknown,unknown,unknown
sid_set_168c567748725445dd65__matched_clean__fixed_q96__benchmark__jpeg_q30,sid_set_168c567748725445dd65,sid_set_168c567748725445dd65__matched_clean__fixed_q96,selection_val,ai_generated,4.767366409301758,0.9915689826011658,epoch_014,42,fixed_q96,jpeg,"{""cell_id"":""jpeg_q30"",""name"":""jpeg"",""output_format"":""JPEG"",""parameter"":30,""stochastic"":false}",sid_set,unknown,unknown,unknown
sid_set_168c567748725445dd65__matched_clean__fixed_q96__benchmark__blur_sigma_0.5,sid_set_168c567748725445dd65,sid_set_168c567748725445dd65__matched_clean__fixed_q96,selection_val,ai_generated,6.091317653656006,0.9977426528930664,epoch_014,42,fixed_q96,blur,"{""cell_id"":""blur_sigma_0.5"",""name"":""blur"",""output_format"":""PNG"",""parameter"":0.5,""stochastic"":false}",sid_set,unknown,unknown,unknown
sid_set_168c567748725445dd65__matched_clean__fixed_q96__benchmark__blur_sigma_1.0,sid_set_168c567748725445dd65,sid_set_168c567748725445dd65__matched_clean__fixed_q96,selection_val,ai_generated,5.013800144195557,0.9933983087539673,epoch_014,42,fixed_q96,blur,"{""cell_id"":""blur_sigma_1.0"",""name"":""blur"",""output_format"":""PNG"",""parameter"":1.0,""stochastic"":false}",sid_set,unknown,unknown,unknown
sid_set_168c567748725445dd65__matched_clean__fixed_q96__benchmark__blur_sigma_2.0,sid_set_168c567748725445dd65,sid_set_168c567748725445dd65__matched_clean__fixed_q96,selection_val,ai_generated,3.5798699855804443,0.9728768467903137,epoch_014,42,fixed_q96,blur,"{""cell_id"":""blur_sigma_2.0"",""name"":""blur"",""output_format"":""PNG"",""parameter"":2.0,""stochastic"":false}",sid_set,unknown,unknown,unknown
sid_set_168c567748725445dd65__matched_clean__fixed_q96__benchmark__resize_scale_0.5,sid_set_168c567748725445dd65,sid_set_168c567748725445dd65__matched_clean__fixed_q96,selection_val,ai_generated,4.441037654876709,0.9883534908294678,epoch_014,42,fixed_q96,resize,"{""cell_id"":""resize_scale_0.5"",""name"":""resize"",""output_format"":""PNG"",""parameter"":0.5,""stochastic"":false}",sid_set,unknown,unknown,unknown
sid_set_168c567748725445dd65__matched_clean__fixed_q96__benchmark__resize_scale_0.25,sid_set_168c567748725445dd65,sid_set_168c567748725445dd65__matched_clean__fixed_q96,selection_val,ai_generated,3.199437141418457,0.960813045501709,epoch_014,42,fixed_q96,resize,"{""cell_id"":""resize_scale_0.25"",""name"":""resize"",""output_format"":""PNG"",""parameter"":0.25,""stochastic"":false}",sid_set,unknown,unknown,unknown
sid_set_168c567748725445dd65__matched_clean__fixed_q96__benchmark__noise_sigma_0.02,sid_set_168c567748725445dd65,sid_set_168c567748725445dd65__matched_clean__fixed_q96,selection_val,ai_generated,5.9342427253723145,0.9973596930503845,epoch_014,42,fixed_q96,noise,"{""cell_id"":""noise_sigma_0.02"",""name"":""noise"",""output_format"":""PNG"",""parameter"":0.02,""stochastic"":true}",sid_set,unknown,unknown,unknown
sid_set_168c567748725445dd65__matched_clean__fixed_q96__benchmark__noise_sigma_0.05,sid_set_168c567748725445dd65,sid_set_168c567748725445dd65__matched_clean__fixed_q96,selection_val,ai_generated,5.015150547027588,0.993407130241394,epoch_014,42,fixed_q96,noise,"{""cell_id"":""noise_sigma_0.05"",""name"":""noise"",""output_format"":""PNG"",""parameter"":0.05,""stochastic"":true}",sid_set,unknown,unknown,unknown
sid_set_168c567748725445dd65__matched_clean__fixed_q96__benchmark__noise_sigma_0.1,sid_set_168c567748725445dd65,sid_set_168c567748725445dd65__matched_clean__fixed_q96,selection_val,ai_generated,3.7885584831237793,0.9778724908828735,epoch_014,42,fixed_q96,noise,"{""cell_id"":""noise_sigma_0.1"",""name"":""noise"",""output_format"":""PNG"",""parameter"":0.1,""stochastic"":true}",sid_set,unknown,unknown,unknown
sid_set_168c567748725445dd65__matched_clean__fixed_q96__benchmark__color_jitter_0.2,sid_set_168c567748725445dd65,sid_set_168c567748725445dd65__matched_clean__fixed_q96,selection_val,ai_generated,6.350626468658447,0.9982573390007019,epoch_014,42,fixed_q96,color_jitter,"{""cell_id"":""color_jitter_0.2"",""name"":""color_jitter"",""output_format"":""PNG"",""parameter"":0.2,""stochastic"":true}",sid_set,unknown,unknown,unknown
sid_set_168c567748725445dd65__matched_clean__fixed_q96__benchmark__center_crop_0.8,sid_set_168c567748725445dd65,sid_set_168c567748725445dd65__matched_clean__fixed_q96,selection_val,ai_generated,6.6572265625,0.9987169504165649,epoch_014,42,fixed_q96,center_crop,"{""cell_id"":""center_crop_0.8"",""name"":""center_crop"",""output_format"":""PNG"",""parameter"":0.8,""stochastic"":false}",sid_set,unknown,unknown,unknown
sid_set_16c80a7f47490a985230__matched_clean__fixed_q96__benchmark__jpeg_q90,sid_set_16c80a7f47490a985230,sid_set_16c80a7f47490a985230__matched_clean__fixed_q96,selection_val,authentic,-6.280534267425537,0.0018689007265493274,epoch_014,42,fixed_q96,jpeg,"{""cell_id"":""jpeg_q90"",""name"":""jpeg"",""output_format"":""JPEG"",""parameter"":90,""stochastic"":false}",sid_set,unknown,unknown,unknown
sid_set_16c80a7f47490a985230__matched_clean__fixed_q96__benchmark__jpeg_q70,sid_set_16c80a7f47490a985230,sid_set_16c80a7f47490a985230__matched_clean__fixed_q96,selection_val,authentic,-5.543445587158203,0.003897769143804908,epoch_014,42,fixed_q96,jpeg,"{""cell_id"":""jpeg_q70"",""name"":""jpeg"",""output_format"":""JPEG"",""parameter"":70,""stochastic"":false}",sid_set,unknown,unknown,unknown
sid_set_16c80a7f47490a985230__matched_clean__fixed_q96__benchmark__jpeg_q50,sid_set_16c80a7f47490a985230,sid_set_16c80a7f47490a985230__matched_clean__fixed_q96,selection_val,authentic,-5.033022403717041,0.0064768544398248196,epoch_014,42,fixed_q96,jpeg,"{""cell_id"":""jpeg_q50"",""name"":""jpeg"",""output_format"":""JPEG"",""parameter"":50,""stochastic"":false}",sid_set,unknown,unknown,unknown
sid_set_16c80a7f47490a985230__matched_clean__fixed_q96__benchmark__jpeg_q30,sid_set_16c80a7f47490a985230,sid_set_16c80a7f47490a985230__matched_clean__fixed_q96,selection_val,authentic,-4.740139484405518,0.008661746047437191,epoch_014,42,fixed_q96,jpeg,"{""cell_id"":""jpeg_q30"",""name"":""jpeg"",""output_format"":""JPEG"",""parameter"":30,""stochastic"":false}",sid_set,unknown,unknown,unknown
sid_set_16c80a7f47490a985230__matched_clean__fixed_q96__benchmark__blur_sigma_0.5,sid_set_16c80a7f47490a985230,sid_set_16c80a7f47490a985230__matched_clean__fixed_q96,selection_val,authentic,-7.148845195770264,0.0007851539994589984,epoch_014,42,fixed_q96,blur,"{""cell_id"":""blur_sigma_0.5"",""name"":""blur"",""output_format"":""PNG"",""parameter"":0.5,""stochastic"":false}",sid_set,unknown,unknown,unknown
sid_set_16c80a7f47490a985230__matched_clean__fixed_q96__benchmark__blur_sigma_1.0,sid_set_16c80a7f47490a985230,sid_set_16c80a7f47490a985230__matched_clean__fixed_q96,selection_val,authentic,-5.487982749938965,0.004119141958653927,epoch_014,42,fixed_q96,blur,"{""cell_id"":""blur_sigma_1.0"",""name"":""blur"",""output_format"":""PNG"",""parameter"":1.0,""stochastic"":false}",sid_set,unknown,unknown,unknown
sid_set_16c80a7f47490a985230__matched_clean__fixed_q96__benchmark__blur_sigma_2.0,sid_set_16c80a7f47490a985230,sid_set_16c80a7f47490a985230__matched_clean__fixed_q96,selection_val,authentic,-3.2998788356781006,0.035575345158576965,epoch_014,42,fixed_q96,blur,"{""cell_id"":""blur_sigma_2.0"",""name"":""blur"",""output_format"":""PNG"",""parameter"":2.0,""stochastic"":false}",sid_set,unknown,unknown,unknown
sid_set_16c80a7f47490a985230__matched_clean__fixed_q96__benchmark__resize_scale_0.5,sid_set_16c80a7f47490a985230,sid_set_16c80a7f47490a985230__matched_clean__fixed_q96,selection_val,authentic,-4.672348499298096,0.009263666346669197,epoch_014,42,fixed_q96,resize,"{""cell_id"":""resize_scale_0.5"",""name"":""resize"",""output_format"":""PNG"",""parameter"":0.5,""stochastic"":false}",sid_set,unknown,unknown,unknown
sid_set_16c80a7f47490a985230__matched_clean__fixed_q96__benchmark__resize_scale_0.25,sid_set_16c80a7f47490a985230,sid_set_16c80a7f47490a985230__matched_clean__fixed_q96,selection_val,authentic,-3.7977864742279053,0.021928695961833,epoch_014,42,fixed_q96,resize,"{""cell_id"":""resize_scale_0.25"",""name"":""resize"",""output_format"":""PNG"",""parameter"":0.25,""stochastic"":false}",sid_set,unknown,unknown,unknown
sid_set_16c80a7f47490a985230__matched_clean__fixed_q96__benchmark__noise_sigma_0.02,sid_set_16c80a7f47490a985230,sid_set_16c80a7f47490a985230__matched_clean__fixed_q96,selection_val,authentic,-4.683545112609863,0.009161468595266342,epoch_014,42,fixed_q96,noise,"{""cell_id"":""noise_sigma_0.02"",""name"":""noise"",""output_format"":""PNG"",""parameter"":0.02,""stochastic"":true}",sid_set,unknown,unknown,unknown
sid_set_16c80a7f47490a985230__matched_clean__fixed_q96__benchmark__noise_sigma_0.05,sid_set_16c80a7f47490a985230,sid_set_16c80a7f47490a985230__matched_clean__fixed_q96,selection_val,authentic,-4.4332966804504395,0.011735908687114716,epoch_014,42,fixed_q96,noise,"{""cell_id"":""noise_sigma_0.05"",""name"":""noise"",""output_format"":""PNG"",""parameter"":0.05,""stochastic"":true}",sid_set,unknown,unknown,unknown
sid_set_16c80a7f47490a985230__matched_clean__fixed_q96__benchmark__noise_sigma_0.1,sid_set_16c80a7f47490a985230,sid_set_16c80a7f47490a985230__matched_clean__fixed_q96,selection_val,authentic,-3.329753875732422,0.03456444293260574,epoch_014,42,fixed_q96,noise,"{""cell_id"":""noise_sigma_0.1"",""name"":""noise"",""output_format"":""PNG"",""parameter"":0.1,""stochastic"":true}",sid_set,unknown,unknown,unknown
sid_set_16c80a7f47490a985230__matched_clean__fixed_q96__benchmark__color_jitter_0.2,sid_set_16c80a7f47490a985230,sid_set_16c80a7f47490a985230__matched_clean__fixed_q96,selection_val,authentic,-7.051898002624512,0.0008650152594782412,epoch_014,42,fixed_q96,color_jitter,"{""cell_id"":""color_jitter_0.2"",""name"":""color_jitter"",""output_format"":""PNG"",""parameter"":0.2,""stochastic"":true}",sid_set,unknown,unknown,unknown
sid_set_16c80a7f47490a985230__matched_clean__fixed_q96__benchmark__center_crop_0.8,sid_set_16c80a7f47490a985230,sid_set_16c80a7f47490a985230__matched_clean__fixed_q96,selection_val,authentic,-6.219010353088379,0.0019872577395290136,epoch_014,42,fixed_q96,center_crop,"{""cell_id"":""center_crop_0.8"",""name"":""center_crop"",""output_format"":""PNG"",""parameter"":0.8,""stochastic"":false}",sid_set,unknown,unknown,unknown
sid_set_16d95181618355d3fe8d__matched_clean__fixed_q96__benchmark__jpeg_q90,sid_set_16d95181618355d3fe8d,sid_set_16d95181618355d3fe8d__matched_clean__fixed_q96,selection_val,ai_generated,4.173383712768555,0.9848335385322571,epoch_014,42,fixed_q96,jpeg,"{""cell_id"":""jpeg_q90"",""name"":""jpeg"",""output_format"":""JPEG"",""parameter"":90,""stochastic"":false}",sid_set,unknown,unknown,unknown
sid_set_16d95181618355d3fe8d__matched_clean__fixed_q96__benchmark__jpeg_q70,sid_set_16d95181618355d3fe8d,sid_set_16d95181618355d3fe8d__matched_clean__fixed_q96,selection_val,ai_generated,4.821634769439697,0.9920107126235962,epoch_014,42,fixed_q96,jpeg,"{""cell_id"":""jpeg_q70"",""name"":""jpeg"",""output_format"":""JPEG"",""parameter"":70,""stochastic"":false}",sid_set,unknown,unknown,unknown
sid_set_16d95181618355d3fe8d__matched_clean__fixed_q96__benchmark__jpeg_q50,sid_set_16d95181618355d3fe8d,sid_set_16d95181618355d3fe8d__matched_clean__fixed_q96,selection_val,ai_generated,4.8998003005981445,0.9926069974899292,epoch_014,42,fixed_q96,jpeg,"{""cell_id"":""jpeg_q50"",""name"":""jpeg"",""output_format"":""JPEG"",""parameter"":50,""stochastic"":false}",sid_set,unknown,unknown,unknown
sid_set_16d95181618355d3fe8d__matched_clean__fixed_q96__benchmark__jpeg_q30,sid_set_16d95181618355d3fe8d,sid_set_16d95181618355d3fe8d__matched_clean__fixed_q96,selection_val,ai_generated,4.395077705383301,0.9878124594688416,epoch_014,42,fixed_q96,jpeg,"{""cell_id"":""jpeg_q30"",""name"":""jpeg"",""output_format"":""JPEG"",""parameter"":30,""stochastic"":false}",sid_set,unknown,unknown,unknown
sid_set_16d95181618355d3fe8d__matched_clean__fixed_q96__benchmark__blur_sigma_0.5,sid_set_16d95181618355d3fe8d,sid_set_16d95181618355d3fe8d__matched_clean__fixed_q96,selection_val,ai_generated,3.687912940979004,0.9755867719650269,epoch_014,42,fixed_q96,blur,"{""cell_id"":""blur_sigma_0.5"",""name"":""blur"",""output_format"":""PNG"",""parameter"":0.5,""stochastic"":false}",sid_set,unknown,unknown,unknown
sid_set_16d95181618355d3fe8d__matched_clean__fixed_q96__benchmark__blur_sigma_1.0,sid_set_16d95181618355d3fe8d,sid_set_16d95181618355d3fe8d__matched_clean__fixed_q96,selection_val,ai_generated,3.814854621887207,0.9784343838691711,epoch_014,42,fixed_q96,blur,"{""cell_id"":""blur_sigma_1.0"",""name"":""blur"",""output_format"":""PNG"",""parameter"":1.0,""stochastic"":false}",sid_set,unknown,unknown,unknown
sid_set_16d95181618355d3fe8d__matched_clean__fixed_q96__benchmark__blur_sigma_2.0,sid_set_16d95181618355d3fe8d,sid_set_16d95181618355d3fe8d__matched_clean__fixed_q96,selection_val,ai_generated,4.435999393463135,0.9882954359054565,epoch_014,42,fixed_q96,blur,"{""cell_id"":""blur_sigma_2.0"",""name"":""blur"",""output_format"":""PNG"",""parameter"":2.0,""stochastic"":false}",sid_set,unknown,unknown,unknown
sid_set_16d95181618355d3fe8d__matched_clean__fixed_q96__benchmark__resize_scale_0.5,sid_set_16d95181618355d3fe8d,sid_set_16d95181618355d3fe8d__matched_clean__fixed_q96,selection_val,ai_generated,4.838503360748291,0.9921432733535767,epoch_014,42,fixed_q96,resize,"{""cell_id"":""resize_scale_0.5"",""name"":""resize"",""output_format"":""PNG"",""parameter"":0.5,""stochastic"":false}",sid_set,unknown,unknown,unknown
sid_set_16d95181618355d3fe8d__matched_clean__fixed_q96__benchmark__resize_scale_0.25,sid_set_16d95181618355d3fe8d,sid_set_16d95181618355d3fe8d__matched_clean__fixed_q96,selection_val,ai_generated,4.244931221008301,0.9858659505844116,epoch_014,42,fixed_q96,resize,"{""cell_id"":""resize_scale_0.25"",""name"":""resize"",""output_format"":""PNG"",""parameter"":0.25,""stochastic"":false}",sid_set,unknown,unknown,unknown
sid_set_16d95181618355d3fe8d__matched_clean__fixed_q96__benchmark__noise_sigma_0.02,sid_set_16d95181618355d3fe8d,sid_set_16d95181618355d3fe8d__matched_clean__fixed_q96,selection_val,ai_generated,4.219316005706787,0.9855044484138489,epoch_014,42,fixed_q96,noise,"{""cell_id"":""noise_sigma_0.02"",""name"":""noise"",""output_format"":""PNG"",""parameter"":0.02,""stochastic"":true}",sid_set,unknown,unknown,unknown
sid_set_16d95181618355d3fe8d__matched_clean__fixed_q96__benchmark__noise_sigma_0.05,sid_set_16d95181618355d3fe8d,sid_set_16d95181618355d3fe8d__matched_clean__fixed_q96,selection_val,ai_generated,3.66715931892395,0.9750875234603882,epoch_014,42,fixed_q96,noise,"{""cell_id"":""noise_sigma_0.05"",""name"":""noise"",""output_format"":""PNG"",""parameter"":0.05,""stochastic"":true}",sid_set,unknown,unknown,unknown
sid_set_16d95181618355d3fe8d__matched_clean__fixed_q96__benchmark__noise_sigma_0.1,sid_set_16d95181618355d3fe8d,sid_set_16d95181618355d3fe8d__matched_clean__fixed_q96,selection_val,ai_generated,2.9163639545440674,0.9486494064331055,epoch_014,42,fixed_q96,noise,"{""cell_id"":""noise_sigma_0.1"",""name"":""noise"",""output_format"":""PNG"",""parameter"":0.1,""stochastic"":true}",sid_set,unknown,unknown,unknown
sid_set_16d95181618355d3fe8d__matched_clean__fixed_q96__benchmark__color_jitter_0.2,sid_set_16d95181618355d3fe8d,sid_set_16d95181618355d3fe8d__matched_clean__fixed_q96,selection_val,ai_generated,5.055739879608154,0.9936676621437073,epoch_014,42,fixed_q96,color_jitter,"{""cell_id"":""color_jitter_0.2"",""name"":""color_jitter"",""output_format"":""PNG"",""parameter"":0.2,""stochastic"":true}",sid_set,unknown,unknown,unknown
sid_set_16d95181618355d3fe8d__matched_clean__fixed_q96__benchmark__center_crop_0.8,sid_set_16d95181618355d3fe8d,sid_set_16d95181618355d3fe8d__matched_clean__fixed_q96,selection_val,ai_generated,4.4870219230651855,0.988871157169342,epoch_014,42,fixed_q96,center_crop,"{""cell_id"":""center_crop_0.8"",""name"":""center_crop"",""output_format"":""PNG"",""parameter"":0.8,""stochastic"":false}",sid_set,unknown,unknown,unknown
sid_set_17084d9dc585f9fc8d38__matched_clean__fixed_q96__benchmark__jpeg_q90,sid_set_17084d9dc585f9fc8d38,sid_set_17084d9dc585f9fc8d38__matched_clean__fixed_q96,selection_val,authentic,-2.388050079345703,0.08408848941326141,epoch_014,42,fixed_q96,jpeg,"{""cell_id"":""jpeg_q90"",""name"":""jpeg"",""output_format"":""JPEG"",""parameter"":90,""stochastic"":false}",sid_set,unknown,unknown,unknown
sid_set_17084d9dc585f9fc8d38__matched_clean__fixed_q96__benchmark__jpeg_q70,sid_set_17084d9dc585f9fc8d38,sid_set_17084d9dc585f9fc8d38__matched_clean__fixed_q96,selection_val,authentic,-2.215826988220215,0.09833820164203644,epoch_014,42,fixed_q96,jpeg,"{""cell_id"":""jpeg_q70"",""name"":""jpeg"",""output_format"":""JPEG"",""parameter"":70,""stochastic"":false}",sid_set,unknown,unknown,unknown
sid_set_17084d9dc585f9fc8d38__matched_clean__fixed_q96__benchmark__jpeg_q50,sid_set_17084d9dc585f9fc8d38,sid_set_17084d9dc585f9fc8d38__matched_clean__fixed_q96,selection_val,authentic,-2.105501651763916,0.10856324434280396,epoch_014,42,fixed_q96,jpeg,"{""cell_id"":""jpeg_q50"",""name"":""jpeg"",""output_format"":""JPEG"",""parameter"":50,""stochastic"":false}",sid_set,unknown,unknown,unknown
sid_set_17084d9dc585f9fc8d38__matched_clean__fixed_q96__benchmark__jpeg_q30,sid_set_17084d9dc585f9fc8d38,sid_set_17084d9dc585f9fc8d38__matched_clean__fixed_q96,selection_val,authentic,-1.5210139751434326,0.17931225895881653,epoch_014,42,fixed_q96,jpeg,"{""cell_id"":""jpeg_q30"",""name"":""jpeg"",""output_format"":""JPEG"",""parameter"":30,""stochastic"":false}",sid_set,unknown,unknown,unknown
sid_set_17084d9dc585f9fc8d38__matched_clean__fixed_q96__benchmark__blur_sigma_0.5,sid_set_17084d9dc585f9fc8d38,sid_set_17084d9dc585f9fc8d38__matched_clean__fixed_q96,selection_val,authentic,-4.259849548339844,0.013927706517279148,epoch_014,42,fixed_q96,blur,"{""cell_id"":""blur_sigma_0.5"",""name"":""blur"",""output_format"":""PNG"",""parameter"":0.5,""stochastic"":false}",sid_set,unknown,unknown,unknown
sid_set_17084d9dc585f9fc8d38__matched_clean__fixed_q96__benchmark__blur_sigma_1.0,sid_set_17084d9dc585f9fc8d38,sid_set_17084d9dc585f9fc8d38__matched_clean__fixed_q96,selection_val,authentic,-2.6699275970458984,0.06477135419845581,epoch_014,42,fixed_q96,blur,"{""cell_id"":""blur_sigma_1.0"",""name"":""blur"",""output_format"":""PNG"",""parameter"":1.0,""stochastic"":false}",sid_set,unknown,unknown,unknown
sid_set_17084d9dc585f9fc8d38__matched_clean__fixed_q96__benchmark__blur_sigma_2.0,sid_set_17084d9dc585f9fc8d38,sid_set_17084d9dc585f9fc8d38__matched_clean__fixed_q96,selection_val,authentic,-1.33341646194458,0.20859479904174805,epoch_014,42,fixed_q96,blur,"{""cell_id"":""blur_sigma_2.0"",""name"":""blur"",""output_format"":""PNG"",""parameter"":2.0,""stochastic"":false}",sid_set,unknown,unknown,unknown
sid_set_17084d9dc585f9fc8d38__matched_clean__fixed_q96__benchmark__resize_scale_0.5,sid_set_17084d9dc585f9fc8d38,sid_set_17084d9dc585f9fc8d38__matched_clean__fixed_q96,selection_val,authentic,-1.3601281642913818,0.20421947538852692,epoch_014,42,fixed_q96,resize,"{""cell_id"":""resize_scale_0.5"",""name"":""resize"",""output_format"":""PNG"",""parameter"":0.5,""stochastic"":false}",sid_set,unknown,unknown,unknown
sid_set_17084d9dc585f9fc8d38__matched_clean__fixed_q96__benchmark__resize_scale_0.25,sid_set_17084d9dc585f9fc8d38,sid_set_17084d9dc585f9fc8d38__matched_clean__fixed_q96,selection_val,authentic,-1.8554229736328125,0.1352374255657196,epoch_014,42,fixed_q96,resize,"{""cell_id"":""resize_scale_0.25"",""name"":""resize"",""output_format"":""PNG"",""parameter"":0.25,""stochastic"":false}",sid_set,unknown,unknown,unknown
sid_set_17084d9dc585f9fc8d38__matched_clean__fixed_q96__benchmark__noise_sigma_0.02,sid_set_17084d9dc585f9fc8d38,sid_set_17084d9dc585f9fc8d38__matched_clean__fixed_q96,selection_val,authentic,-2.1454989910125732,0.10475257784128189,epoch_014,42,fixed_q96,noise,"{""cell_id"":""noise_sigma_0.02"",""name"":""noise"",""output_format"":""PNG"",""parameter"":0.02,""stochastic"":true}",sid_set,unknown,unknown,unknown
sid_set_17084d9dc585f9fc8d38__matched_clean__fixed_q96__benchmark__noise_sigma_0.05,sid_set_17084d9dc585f9fc8d38,sid_set_17084d9dc585f9fc8d38__matched_clean__fixed_q96,selection_val,authentic,-2.2564847469329834,0.09479156881570816,epoch_014,42,fixed_q96,noise,"{""cell_id"":""noise_sigma_0.05"",""name"":""noise"",""output_format"":""PNG"",""parameter"":0.05,""stochastic"":true}",sid_set,unknown,unknown,unknown
sid_set_17084d9dc585f9fc8d38__matched_clean__fixed_q96__benchmark__noise_sigma_0.1,sid_set_17084d9dc585f9fc8d38,sid_set_17084d9dc585f9fc8d38__matched_clean__fixed_q96,selection_val,authentic,-2.7035470008850098,0.06276437640190125,epoch_014,42,fixed_q96,noise,"{""cell_id"":""noise_sigma_0.1"",""name"":""noise"",""output_format"":""PNG"",""parameter"":0.1,""stochastic"":true}",sid_set,unknown,unknown,unknown
sid_set_17084d9dc585f9fc8d38__matched_clean__fixed_q96__benchmark__color_jitter_0.2,sid_set_17084d9dc585f9fc8d38,sid_set_17084d9dc585f9fc8d38__matched_clean__fixed_q96,selection_val,authentic,-1.9797236919403076,0.1213482990860939,epoch_014,42,fixed_q96,color_jitter,"{""cell_id"":""color_jitter_0.2"",""name"":""color_jitter"",""output_format"":""PNG"",""parameter"":0.2,""stochastic"":true}",sid_set,unknown,unknown,unknown
sid_set_17084d9dc585f9fc8d38__matched_clean__fixed_q96__benchmark__center_crop_0.8,sid_set_17084d9dc585f9fc8d38,sid_set_17084d9dc585f9fc8d38__matched_clean__fixed_q96,selection_val,authentic,-2.3408658504486084,0.08779454231262207,epoch_014,42,fixed_q96,center_crop,"{""cell_id"":""center_crop_0.8"",""name"":""center_crop"",""output_format"":""PNG"",""parameter"":0.8,""stochastic"":false}",sid_set,unknown,unknown,unknown
sid_set_170e332f0227e8363b91__matched_clean__fixed_q96__benchmark__jpeg_q90,sid_set_170e332f0227e8363b91,sid_set_170e332f0227e8363b91__matched_clean__fixed_q96,selection_val,ai_generated,8.04652214050293,0.9996799230575562,epoch_014,42,fixed_q96,jpeg,"{""cell_id"":""jpeg_q90"",""name"":""jpeg"",""output_format"":""JPEG"",""parameter"":90,""stochastic"":false}",sid_set,unknown,unknown,unknown
sid_set_170e332f0227e8363b91__matched_clean__fixed_q96__benchmark__jpeg_q70,sid_set_170e332f0227e8363b91,sid_set_170e332f0227e8363b91__matched_clean__fixed_q96,selection_val,ai_generated,7.108378887176514,0.999182403087616,epoch_014,42,fixed_q96,jpeg,"{""cell_id"":""jpeg_q70"",""name"":""jpeg"",""output_format"":""JPEG"",""parameter"":70,""stochastic"":false}",sid_set,unknown,unknown,unknown
sid_set_170e332f0227e8363b91__matched_clean__fixed_q96__benchmark__jpeg_q50,sid_set_170e332f0227e8363b91,sid_set_170e332f0227e8363b91__matched_clean__fixed_q96,selection_val,ai_generated,6.744584560394287,0.9988241791725159,epoch_014,42,fixed_q96,jpeg,"{""cell_id"":""jpeg_q50"",""name"":""jpeg"",""output_format"":""JPEG"",""parameter"":50,""stochastic"":false}",sid_set,unknown,unknown,unknown
sid_set_170e332f0227e8363b91__matched_clean__fixed_q96__benchmark__jpeg_q30,sid_set_170e332f0227e8363b91,sid_set_170e332f0227e8363b91__matched_clean__fixed_q96,selection_val,ai_generated,6.570346832275391,0.9986006617546082,epoch_014,42,fixed_q96,jpeg,"{""cell_id"":""jpeg_q30"",""name"":""jpeg"",""output_format"":""JPEG"",""parameter"":30,""stochastic"":false}",sid_set,unknown,unknown,unknown
sid_set_170e332f0227e8363b91__matched_clean__fixed_q96__benchmark__blur_sigma_0.5,sid_set_170e332f0227e8363b91,sid_set_170e332f0227e8363b91__matched_clean__fixed_q96,selection_val,ai_generated,7.158921241760254,0.9992227554321289,epoch_014,42,fixed_q96,blur,"{""cell_id"":""blur_sigma_0.5"",""name"":""blur"",""output_format"":""PNG"",""parameter"":0.5,""stochastic"":false}",sid_set,unknown,unknown,unknown
sid_set_170e332f0227e8363b91__matched_clean__fixed_q96__benchmark__blur_sigma_1.0,sid_set_170e332f0227e8363b91,sid_set_170e332f0227e8363b91__matched_clean__fixed_q96,selection_val,ai_generated,6.96276330947876,0.9990543723106384,epoch_014,42,fixed_q96,blur,"{""cell_id"":""blur_sigma_1.0"",""name"":""blur"",""output_format"":""PNG"",""parameter"":1.0,""stochastic"":false}",sid_set,unknown,unknown,unknown
sid_set_170e332f0227e8363b91__matched_clean__fixed_q96__benchmark__blur_sigma_2.0,sid_set_170e332f0227e8363b91,sid_set_170e332f0227e8363b91__matched_clean__fixed_q96,selection_val,ai_generated,6.335671424865723,0.9982312321662903,epoch_014,42,fixed_q96,blur,"{""cell_id"":""blur_sigma_2.0"",""name"":""blur"",""output_format"":""PNG"",""parameter"":2.0,""stochastic"":false}",sid_set,unknown,unknown,unknown
sid_set_170e332f0227e8363b91__matched_clean__fixed_q96__benchmark__resize_scale_0.5,sid_set_170e332f0227e8363b91,sid_set_170e332f0227e8363b91__matched_clean__fixed_q96,selection_val,ai_generated,7.078221797943115,0.9991574287414551,epoch_014,42,fixed_q96,resize,"{""cell_id"":""resize_scale_0.5"",""name"":""resize"",""output_format"":""PNG"",""parameter"":0.5,""stochastic"":false}",sid_set,unknown,unknown,unknown
sid_set_170e332f0227e8363b91__matched_clean__fixed_q96__benchmark__resize_scale_0.25,sid_set_170e332f0227e8363b91,sid_set_170e332f0227e8363b91__matched_clean__fixed_q96,selection_val,ai_generated,5.14212703704834,0.9941887855529785,epoch_014,42,fixed_q96,resize,"{""cell_id"":""resize_scale_0.25"",""name"":""resize"",""output_format"":""PNG"",""parameter"":0.25,""stochastic"":false}",sid_set,unknown,unknown,unknown
sid_set_170e332f0227e8363b91__matched_clean__fixed_q96__benchmark__noise_sigma_0.02,sid_set_170e332f0227e8363b91,sid_set_170e332f0227e8363b91__matched_clean__fixed_q96,selection_val,ai_generated,7.278662204742432,0.9993103742599487,epoch_014,42,fixed_q96,noise,"{""cell_id"":""noise_sigma_0.02"",""name"":""noise"",""output_format"":""PNG"",""parameter"":0.02,""stochastic"":true}",sid_set,unknown,unknown,unknown
sid_set_170e332f0227e8363b91__matched_clean__fixed_q96__benchmark__noise_sigma_0.05,sid_set_170e332f0227e8363b91,sid_set_170e332f0227e8363b91__matched_clean__fixed_q96,selection_val,ai_generated,6.005349636077881,0.9975405931472778,epoch_014,42,fixed_q96,noise,"{""cell_id"":""noise_sigma_0.05"",""name"":""noise"",""output_format"":""PNG"",""parameter"":0.05,""stochastic"":true}",sid_set,unknown,unknown,unknown
sid_set_170e332f0227e8363b91__matched_clean__fixed_q96__benchmark__noise_sigma_0.1,sid_set_170e332f0227e8363b91,sid_set_170e332f0227e8363b91__matched_clean__fixed_q96,selection_val,ai_generated,4.058131217956543,0.9830122590065002,epoch_014,42,fixed_q96,noise,"{""cell_id"":""noise_sigma_0.1"",""name"":""noise"",""output_format"":""PNG"",""parameter"":0.1,""stochastic"":true}",sid_set,unknown,unknown,unknown
sid_set_170e332f0227e8363b91__matched_clean__fixed_q96__benchmark__color_jitter_0.2,sid_set_170e332f0227e8363b91,sid_set_170e332f0227e8363b91__matched_clean__fixed_q96,selection_val,ai_generated,7.930666446685791,0.9996405839920044,epoch_014,42,fixed_q96,color_jitter,"{""cell_id"":""color_jitter_0.2"",""name"":""color_jitter"",""output_format"":""PNG"",""parameter"":0.2,""stochastic"":true}",sid_set,unknown,unknown,unknown
sid_set_170e332f0227e8363b91__matched_clean__fixed_q96__benchmark__center_crop_0.8,sid_set_170e332f0227e8363b91,sid_set_170e332f0227e8363b91__matched_clean__fixed_q96,selection_val,ai_generated,7.571156978607178,0.9994851350784302,epoch_014,42,fixed_q96,center_crop,"{""cell_id"":""center_crop_0.8"",""name"":""center_crop"",""output_format"":""PNG"",""parameter"":0.8,""stochastic"":false}",sid_set,unknown,unknown,unknown
sid_set_1711b82f84fdb84e2870__matched_clean__fixed_q96__benchmark__jpeg_q90,sid_set_1711b82f84fdb84e2870,sid_set_1711b82f84fdb84e2870__matched_clean__fixed_q96,selection_val,authentic,-2.990675449371338,0.047848910093307495,epoch_014,42,fixed_q96,jpeg,"{""cell_id"":""jpeg_q90"",""name"":""jpeg"",""output_format"":""JPEG"",""parameter"":90,""stochastic"":false}",sid_set,unknown,unknown,unknown
sid_set_1711b82f84fdb84e2870__matched_clean__fixed_q96__benchmark__jpeg_q70,sid_set_1711b82f84fdb84e2870,sid_set_1711b82f84fdb84e2870__matched_clean__fixed_q96,selection_val,authentic,-2.436931848526001,0.08039946854114532,epoch_014,42,fixed_q96,jpeg,"{""cell_id"":""jpeg_q70"",""name"":""jpeg"",""output_format"":""JPEG"",""parameter"":70,""stochastic"":false}",sid_set,unknown,unknown,unknown
sid_set_1711b82f84fdb84e2870__matched_clean__fixed_q96__benchmark__jpeg_q50,sid_set_1711b82f84fdb84e2870,sid_set_1711b82f84fdb84e2870__matched_clean__fixed_q96,selection_val,authentic,-1.6661558151245117,0.15893737971782684,epoch_014,42,fixed_q96,jpeg,"{""cell_id"":""jpeg_q50"",""name"":""jpeg"",""output_format"":""JPEG"",""parameter"":50,""stochastic"":false}",sid_set,unknown,unknown,unknown
sid_set_1711b82f84fdb84e2870__matched_clean__fixed_q96__benchmark__jpeg_q30,sid_set_1711b82f84fdb84e2870,sid_set_1711b82f84fdb84e2870__matched_clean__fixed_q96,selection_val,authentic,-1.7111995220184326,0.15300819277763367,epoch_014,42,fixed_q96,jpeg,"{""cell_id"":""jpeg_q30"",""name"":""jpeg"",""output_format"":""JPEG"",""parameter"":30,""stochastic"":false}",sid_set,unknown,unknown,unknown
sid_set_1711b82f84fdb84e2870__matched_clean__fixed_q96__benchmark__blur_sigma_0.5,sid_set_1711b82f84fdb84e2870,sid_set_1711b82f84fdb84e2870__matched_clean__fixed_q96,selection_val,authentic,-3.829821825027466,0.02125203050673008,epoch_014,42,fixed_q96,blur,"{""cell_id"":""blur_sigma_0.5"",""name"":""blur"",""output_format"":""PNG"",""parameter"":0.5,""stochastic"":false}",sid_set,unknown,unknown,unknown
sid_set_1711b82f84fdb84e2870__matched_clean__fixed_q96__benchmark__blur_sigma_1.0,sid_set_1711b82f84fdb84e2870,sid_set_1711b82f84fdb84e2870__matched_clean__fixed_q96,selection_val,authentic,-3.7296125888824463,0.02343953400850296,epoch_014,42,fixed_q96,blur,"{""cell_id"":""blur_sigma_1.0"",""name"":""blur"",""output_format"":""PNG"",""parameter"":1.0,""stochastic"":false}",sid_set,unknown,unknown,unknown
sid_set_1711b82f84fdb84e2870__matched_clean__fixed_q96__benchmark__blur_sigma_2.0,sid_set_1711b82f84fdb84e2870,sid_set_1711b82f84fdb84e2870__matched_clean__fixed_q96,selection_val,authentic,-2.6975905895233154,0.0631156787276268,epoch_014,42,fixed_q96,blur,"{""cell_id"":""blur_sigma_2.0"",""name"":""blur"",""output_format"":""PNG"",""parameter"":2.0,""stochastic"":false}",sid_set,unknown,unknown,unknown
sid_set_1711b82f84fdb84e2870__matched_clean__fixed_q96__benchmark__resize_scale_0.5,sid_set_1711b82f84fdb84e2870,sid_set_1711b82f84fdb84e2870__matched_clean__fixed_q96,selection_val,authentic,-2.836712598800659,0.05537223815917969,epoch_014,42,fixed_q96,resize,"{""cell_id"":""resize_scale_0.5"",""name"":""resize"",""output_format"":""PNG"",""parameter"":0.5,""stochastic"":false}",sid_set,unknown,unknown,unknown
sid_set_1711b82f84fdb84e2870__matched_clean__fixed_q96__benchmark__resize_scale_0.25,sid_set_1711b82f84fdb84e2870,sid_set_1711b82f84fdb84e2870__matched_clean__fixed_q96,selection_val,authentic,-3.636171579360962,0.025676390156149864,epoch_014,42,fixed_q96,resize,"{""cell_id"":""resize_scale_0.25"",""name"":""resize"",""output_format"":""PNG"",""parameter"":0.25,""stochastic"":false}",sid_set,unknown,unknown,unknown
sid_set_1711b82f84fdb84e2870__matched_clean__fixed_q96__benchmark__noise_sigma_0.02,sid_set_1711b82f84fdb84e2870,sid_set_1711b82f84fdb84e2870__matched_clean__fixed_q96,selection_val,authentic,-1.3131077289581299,0.21196727454662323,epoch_014,42,fixed_q96,noise,"{""cell_id"":""noise_sigma_0.02"",""name"":""noise"",""output_format"":""PNG"",""parameter"":0.02,""stochastic"":true}",sid_set,unknown,unknown,unknown
sid_set_1711b82f84fdb84e2870__matched_clean__fixed_q96__benchmark__noise_sigma_0.05,sid_set_1711b82f84fdb84e2870,sid_set_1711b82f84fdb84e2870__matched_clean__fixed_q96,selection_val,authentic,-1.6175954341888428,0.16553674638271332,epoch_014,42,fixed_q96,noise,"{""cell_id"":""noise_sigma_0.05"",""name"":""noise"",""output_format"":""PNG"",""parameter"":0.05,""stochastic"":true}",sid_set,unknown,unknown,unknown
sid_set_1711b82f84fdb84e2870__matched_clean__fixed_q96__benchmark__noise_sigma_0.1,sid_set_1711b82f84fdb84e2870,sid_set_1711b82f84fdb84e2870__matched_clean__fixed_q96,selection_val,authentic,-0.8384271264076233,0.3018661439418793,epoch_014,42,fixed_q96,noise,"{""cell_id"":""noise_sigma_0.1"",""name"":""noise"",""output_format"":""PNG"",""parameter"":0.1,""stochastic"":true}",sid_set,unknown,unknown,unknown
sid_set_1711b82f84fdb84e2870__matched_clean__fixed_q96__benchmark__color_jitter_0.2,sid_set_1711b82f84fdb84e2870,sid_set_1711b82f84fdb84e2870__matched_clean__fixed_q96,selection_val,authentic,-3.278756856918335,0.036307189613580704,epoch_014,42,fixed_q96,color_jitter,"{""cell_id"":""color_jitter_0.2"",""name"":""color_jitter"",""output_format"":""PNG"",""parameter"":0.2,""stochastic"":true}",sid_set,unknown,unknown,unknown
sid_set_1711b82f84fdb84e2870__matched_clean__fixed_q96__benchmark__center_crop_0.8,sid_set_1711b82f84fdb84e2870,sid_set_1711b82f84fdb84e2870__matched_clean__fixed_q96,selection_val,authentic,-3.1130104064941406,0.04257376864552498,epoch_014,42,fixed_q96,center_crop,"{""cell_id"":""center_crop_0.8"",""name"":""center_crop"",""output_format"":""PNG"",""parameter"":0.8,""stochastic"":false}",sid_set,unknown,unknown,unknown
sid_set_17574e79d4cda6cf8cfa__matched_clean__fixed_q96__benchmark__jpeg_q90,sid_set_17574e79d4cda6cf8cfa,sid_set_17574e79d4cda6cf8cfa__matched_clean__fixed_q96,selection_val,ai_generated,3.478088855743408,0.9700578451156616,epoch_014,42,fixed_q96,jpeg,"{""cell_id"":""jpeg_q90"",""name"":""jpeg"",""output_format"":""JPEG"",""parameter"":90,""stochastic"":false}",sid_set,unknown,unknown,unknown
sid_set_17574e79d4cda6cf8cfa__matched_clean__fixed_q96__benchmark__jpeg_q70,sid_set_17574e79d4cda6cf8cfa,sid_set_17574e79d4cda6cf8cfa__matched_clean__fixed_q96,selection_val,ai_generated,3.0615832805633545,0.9552800059318542,epoch_014,42,fixed_q96,jpeg,"{""cell_id"":""jpeg_q70"",""name"":""jpeg"",""output_format"":""JPEG"",""parameter"":70,""stochastic"":false}",sid_set,unknown,unknown,unknown
sid_set_17574e79d4cda6cf8cfa__matched_clean__fixed_q96__benchmark__jpeg_q50,sid_set_17574e79d4cda6cf8cfa,sid_set_17574e79d4cda6cf8cfa__matched_clean__fixed_q96,selection_val,ai_generated,2.843501091003418,0.9449817538261414,epoch_014,42,fixed_q96,jpeg,"{""cell_id"":""jpeg_q50"",""name"":""jpeg"",""output_format"":""JPEG"",""parameter"":50,""stochastic"":false}",sid_set,unknown,unknown,unknown
sid_set_17574e79d4cda6cf8cfa__matched_clean__fixed_q96__benchmark__jpeg_q30,sid_set_17574e79d4cda6cf8cfa,sid_set_17574e79d4cda6cf8cfa__matched_clean__fixed_q96,selection_val,ai_generated,2.1064767837524414,0.8915311098098755,epoch_014,42,fixed_q96,jpeg,"{""cell_id"":""jpeg_q30"",""name"":""jpeg"",""output_format"":""JPEG"",""parameter"":30,""stochastic"":false}",sid_set,unknown,unknown,unknown
sid_set_17574e79d4cda6cf8cfa__matched_clean__fixed_q96__benchmark__blur_sigma_0.5,sid_set_17574e79d4cda6cf8cfa,sid_set_17574e79d4cda6cf8cfa__matched_clean__fixed_q96,selection_val,ai_generated,2.9999959468841553,0.9525739550590515,epoch_014,42,fixed_q96,blur,"{""cell_id"":""blur_sigma_0.5"",""name"":""blur"",""output_format"":""PNG"",""parameter"":0.5,""stochastic"":false}",sid_set,unknown,unknown,unknown
sid_set_17574e79d4cda6cf8cfa__matched_clean__fixed_q96__benchmark__blur_sigma_1.0,sid_set_17574e79d4cda6cf8cfa,sid_set_17574e79d4cda6cf8cfa__matched_clean__fixed_q96,selection_val,ai_generated,2.485429525375366,0.9231140613555908,epoch_014,42,fixed_q96,blur,"{""cell_id"":""blur_sigma_1.0"",""name"":""blur"",""output_format"":""PNG"",""parameter"":1.0,""stochastic"":false}",sid_set,unknown,unknown,unknown
sid_set_17574e79d4cda6cf8cfa__matched_clean__fixed_q96__benchmark__blur_sigma_2.0,sid_set_17574e79d4cda6cf8cfa,sid_set_17574e79d4cda6cf8cfa__matched_clean__fixed_q96,selection_val,ai_generated,3.163382053375244,0.95943284034729,epoch_014,42,fixed_q96,blur,"{""cell_id"":""blur_sigma_2.0"",""name"":""blur"",""output_format"":""PNG"",""parameter"":2.0,""stochastic"":false}",sid_set,unknown,unknown,unknown
sid_set_17574e79d4cda6cf8cfa__matched_clean__fixed_q96__benchmark__resize_scale_0.5,sid_set_17574e79d4cda6cf8cfa,sid_set_17574e79d4cda6cf8cfa__matched_clean__fixed_q96,selection_val,ai_generated,2.9799537658691406,0.9516602158546448,epoch_014,42,fixed_q96,resize,"{""cell_id"":""resize_scale_0.5"",""name"":""resize"",""output_format"":""PNG"",""parameter"":0.5,""stochastic"":false}",sid_set,unknown,unknown,unknown
sid_set_17574e79d4cda6cf8cfa__matched_clean__fixed_q96__benchmark__resize_scale_0.25,sid_set_17574e79d4cda6cf8cfa,sid_set_17574e79d4cda6cf8cfa__matched_clean__fixed_q96,selection_val,ai_generated,2.934328079223633,0.9495176076889038,epoch_014,42,fixed_q96,resize,"{""cell_id"":""resize_scale_0.25"",""name"":""resize"",""output_format"":""PNG"",""parameter"":0.25,""stochastic"":false}",sid_set,unknown,unknown,unknown
sid_set_17574e79d4cda6cf8cfa__matched_clean__fixed_q96__benchmark__noise_sigma_0.02,sid_set_17574e79d4cda6cf8cfa,sid_set_17574e79d4cda6cf8cfa__matched_clean__fixed_q96,selection_val,ai_generated,3.067528247833252,0.9555332064628601,epoch_014,42,fixed_q96,noise,"{""cell_id"":""noise_sigma_0.02"",""name"":""noise"",""output_format"":""PNG"",""parameter"":0.02,""stochastic"":true}",sid_set,unknown,unknown,unknown
sid_set_17574e79d4cda6cf8cfa__matched_clean__fixed_q96__benchmark__noise_sigma_0.05,sid_set_17574e79d4cda6cf8cfa,sid_set_17574e79d4cda6cf8cfa__matched_clean__fixed_q96,selection_val,ai_generated,1.3557333946228027,0.7950654029846191,epoch_014,42,fixed_q96,noise,"{""cell_id"":""noise_sigma_0.05"",""name"":""noise"",""output_format"":""PNG"",""parameter"":0.05,""stochastic"":true}",sid_set,unknown,unknown,unknown
sid_set_17574e79d4cda6cf8cfa__matched_clean__fixed_q96__benchmark__noise_sigma_0.1,sid_set_17574e79d4cda6cf8cfa,sid_set_17574e79d4cda6cf8cfa__matched_clean__fixed_q96,selection_val,ai_generated,0.8520232439041138,0.7009913325309753,epoch_014,42,fixed_q96,noise,"{""cell_id"":""noise_sigma_0.1"",""name"":""noise"",""output_format"":""PNG"",""parameter"":0.1,""stochastic"":true}",sid_set,unknown,unknown,unknown
sid_set_17574e79d4cda6cf8cfa__matched_clean__fixed_q96__benchmark__color_jitter_0.2,sid_set_17574e79d4cda6cf8cfa,sid_set_17574e79d4cda6cf8cfa__matched_clean__fixed_q96,selection_val,ai_generated,2.7136855125427246,0.9378293752670288,epoch_014,42,fixed_q96,color_jitter,"{""cell_id"":""color_jitter_0.2"",""name"":""color_jitter"",""output_format"":""PNG"",""parameter"":0.2,""stochastic"":true}",sid_set,unknown,unknown,unknown
sid_set_17574e79d4cda6cf8cfa__matched_clean__fixed_q96__benchmark__center_crop_0.8,sid_set_17574e79d4cda6cf8cfa,sid_set_17574e79d4cda6cf8cfa__matched_clean__fixed_q96,selection_val,ai_generated,3.648848533630371,0.974638819694519,epoch_014,42,fixed_q96,center_crop,"{""cell_id"":""center_crop_0.8"",""name"":""center_crop"",""output_format"":""PNG"",""parameter"":0.8,""stochastic"":false}",sid_set,unknown,unknown,unknown
sid_set_1775e266363831cd301e__matched_clean__fixed_q96__benchmark__jpeg_q90,sid_set_1775e266363831cd301e,sid_set_1775e266363831cd301e__matched_clean__fixed_q96,selection_val,ai_generated,5.902903079986572,0.9972758889198303,epoch_014,42,fixed_q96,jpeg,"{""cell_id"":""jpeg_q90"",""name"":""jpeg"",""output_format"":""JPEG"",""parameter"":90,""stochastic"":false}",sid_set,unknown,unknown,unknown
sid_set_1775e266363831cd301e__matched_clean__fixed_q96__benchmark__jpeg_q70,sid_set_1775e266363831cd301e,sid_set_1775e266363831cd301e__matched_clean__fixed_q96,selection_val,ai_generated,5.061223983764648,0.9937021732330322,epoch_014,42,fixed_q96,jpeg,"{""cell_id"":""jpeg_q70"",""name"":""jpeg"",""output_format"":""JPEG"",""parameter"":70,""stochastic"":false}",sid_set,unknown,unknown,unknown
sid_set_1775e266363831cd301e__matched_clean__fixed_q96__benchmark__jpeg_q50,sid_set_1775e266363831cd301e,sid_set_1775e266363831cd301e__matched_clean__fixed_q96,selection_val,ai_generated,4.702462673187256,0.9910086989402771,epoch_014,42,fixed_q96,jpeg,"{""cell_id"":""jpeg_q50"",""name"":""jpeg"",""output_format"":""JPEG"",""parameter"":50,""stochastic"":false}",sid_set,unknown,unknown,unknown
sid_set_1775e266363831cd301e__matched_clean__fixed_q96__benchmark__jpeg_q30,sid_set_1775e266363831cd301e,sid_set_1775e266363831cd301e__matched_clean__fixed_q96,selection_val,ai_generated,4.113913059234619,0.983919084072113,epoch_014,42,fixed_q96,jpeg,"{""cell_id"":""jpeg_q30"",""name"":""jpeg"",""output_format"":""JPEG"",""parameter"":30,""stochastic"":false}",sid_set,unknown,unknown,unknown
sid_set_1775e266363831cd301e__matched_clean__fixed_q96__benchmark__blur_sigma_0.5,sid_set_1775e266363831cd301e,sid_set_1775e266363831cd301e__matched_clean__fixed_q96,selection_val,ai_generated,5.192838668823242,0.994474470615387,epoch_014,42,fixed_q96,blur,"{""cell_id"":""blur_sigma_0.5"",""name"":""blur"",""output_format"":""PNG"",""parameter"":0.5,""stochastic"":false}",sid_set,unknown,unknown,unknown
sid_set_1775e266363831cd301e__matched_clean__fixed_q96__benchmark__blur_sigma_1.0,sid_set_1775e266363831cd301e,sid_set_1775e266363831cd301e__matched_clean__fixed_q96,selection_val,ai_generated,4.393902778625488,0.987798273563385,epoch_014,42,fixed_q96,blur,"{""cell_id"":""blur_sigma_1.0"",""name"":""blur"",""output_format"":""PNG"",""parameter"":1.0,""stochastic"":false}",sid_set,unknown,unknown,unknown
sid_set_1775e266363831cd301e__matched_clean__fixed_q96__benchmark__blur_sigma_2.0,sid_set_1775e266363831cd301e,sid_set_1775e266363831cd301e__matched_clean__fixed_q96,selection_val,ai_generated,3.8562545776367188,0.9792909026145935,epoch_014,42,fixed_q96,blur,"{""cell_id"":""blur_sigma_2.0"",""name"":""blur"",""output_format"":""PNG"",""parameter"":2.0,""stochastic"":false}",sid_set,unknown,unknown,unknown
sid_set_1775e266363831cd301e__matched_clean__fixed_q96__benchmark__resize_scale_0.5,sid_set_1775e266363831cd301e,sid_set_1775e266363831cd301e__matched_clean__fixed_q96,selection_val,ai_generated,4.501875877380371,0.9890334606170654,epoch_014,42,fixed_q96,resize,"{""cell_id"":""resize_scale_0.5"",""name"":""resize"",""output_format"":""PNG"",""parameter"":0.5,""stochastic"":false}",sid_set,unknown,unknown,unknown
sid_set_1775e266363831cd301e__matched_clean__fixed_q96__benchmark__resize_scale_0.25,sid_set_1775e266363831cd301e,sid_set_1775e266363831cd301e__matched_clean__fixed_q96,selection_val,ai_generated,3.671511173248291,0.9751930832862854,epoch_014,42,fixed_q96,resize,"{""cell_id"":""resize_scale_0.25"",""name"":""resize"",""output_format"":""PNG"",""parameter"":0.25,""stochastic"":false}",sid_set,unknown,unknown,unknown
sid_set_1775e266363831cd301e__matched_clean__fixed_q96__benchmark__noise_sigma_0.02,sid_set_1775e266363831cd301e,sid_set_1775e266363831cd301e__matched_clean__fixed_q96,selection_val,ai_generated,4.150275707244873,0.9844844341278076,epoch_014,42,fixed_q96,noise,"{""cell_id"":""noise_sigma_0.02"",""name"":""noise"",""output_format"":""PNG"",""parameter"":0.02,""stochastic"":true}",sid_set,unknown,unknown,unknown
sid_set_1775e266363831cd301e__matched_clean__fixed_q96__benchmark__noise_sigma_0.05,sid_set_1775e266363831cd301e,sid_set_1775e266363831cd301e__matched_clean__fixed_q96,selection_val,ai_generated,4.152556419372559,0.9845192432403564,epoch_014,42,fixed_q96,noise,"{""cell_id"":""noise_sigma_0.05"",""name"":""noise"",""output_format"":""PNG"",""parameter"":0.05,""stochastic"":true}",sid_set,unknown,unknown,unknown
sid_set_1775e266363831cd301e__matched_clean__fixed_q96__benchmark__noise_sigma_0.1,sid_set_1775e266363831cd301e,sid_set_1775e266363831cd301e__matched_clean__fixed_q96,selection_val,ai_generated,2.8775672912597656,0.9467263221740723,epoch_014,42,fixed_q96,noise,"{""cell_id"":""noise_sigma_0.1"",""name"":""noise"",""output_format"":""PNG"",""parameter"":0.1,""stochastic"":true}",sid_set,unknown,unknown,unknown
sid_set_1775e266363831cd301e__matched_clean__fixed_q96__benchmark__color_jitter_0.2,sid_set_1775e266363831cd301e,sid_set_1775e266363831cd301e__matched_clean__fixed_q96,selection_val,ai_generated,5.260385036468506,0.9948334693908691,epoch_014,42,fixed_q96,color_jitter,"{""cell_id"":""color_jitter_0.2"",""name"":""color_jitter"",""output_format"":""PNG"",""parameter"":0.2,""stochastic"":true}",sid_set,unknown,unknown,unknown
sid_set_1775e266363831cd301e__matched_clean__fixed_q96__benchmark__center_crop_0.8,sid_set_1775e266363831cd301e,sid_set_1775e266363831cd301e__matched_clean__fixed_q96,selection_val,ai_generated,5.530854225158691,0.9960529804229736,epoch_014,42,fixed_q96,center_crop,"{""cell_id"":""center_crop_0.8"",""name"":""center_crop"",""output_format"":""PNG"",""parameter"":0.8,""stochastic"":false}",sid_set,unknown,unknown,unknown
sid_set_17a262aabfd5dc964d85__matched_clean__fixed_q96__benchmark__jpeg_q90,sid_set_17a262aabfd5dc964d85,sid_set_17a262aabfd5dc964d85__matched_clean__fixed_q96,selection_val,ai_generated,3.0164361000061035,0.9533111453056335,epoch_014,42,fixed_q96,jpeg,"{""cell_id"":""jpeg_q90"",""name"":""jpeg"",""output_format"":""JPEG"",""parameter"":90,""stochastic"":false}",sid_set,unknown,unknown,unknown
sid_set_17a262aabfd5dc964d85__matched_clean__fixed_q96__benchmark__jpeg_q70,sid_set_17a262aabfd5dc964d85,sid_set_17a262aabfd5dc964d85__matched_clean__fixed_q96,selection_val,ai_generated,2.5622951984405518,0.9283952116966248,epoch_014,42,fixed_q96,jpeg,"{""cell_id"":""jpeg_q70"",""name"":""jpeg"",""output_format"":""JPEG"",""parameter"":70,""stochastic"":false}",sid_set,unknown,unknown,unknown
sid_set_17a262aabfd5dc964d85__matched_clean__fixed_q96__benchmark__jpeg_q50,sid_set_17a262aabfd5dc964d85,sid_set_17a262aabfd5dc964d85__matched_clean__fixed_q96,selection_val,ai_generated,3.0895683765411377,0.9564603567123413,epoch_014,42,fixed_q96,jpeg,"{""cell_id"":""jpeg_q50"",""name"":""jpeg"",""output_format"":""JPEG"",""parameter"":50,""stochastic"":false}",sid_set,unknown,unknown,unknown
sid_set_17a262aabfd5dc964d85__matched_clean__fixed_q96__benchmark__jpeg_q30,sid_set_17a262aabfd5dc964d85,sid_set_17a262aabfd5dc964d85__matched_clean__fixed_q96,selection_val,ai_generated,2.9109408855438232,0.9483846426010132,epoch_014,42,fixed_q96,jpeg,"{""cell_id"":""jpeg_q30"",""name"":""jpeg"",""output_format"":""JPEG"",""parameter"":30,""stochastic"":false}",sid_set,unknown,unknown,unknown
sid_set_17a262aabfd5dc964d85__matched_clean__fixed_q96__benchmark__blur_sigma_0.5,sid_set_17a262aabfd5dc964d85,sid_set_17a262aabfd5dc964d85__matched_clean__fixed_q96,selection_val,ai_generated,2.539642810821533,0.926874577999115,epoch_014,42,fixed_q96,blur,"{""cell_id"":""blur_sigma_0.5"",""name"":""blur"",""output_format"":""PNG"",""parameter"":0.5,""stochastic"":false}",sid_set,unknown,unknown,unknown
sid_set_17a262aabfd5dc964d85__matched_clean__fixed_q96__benchmark__blur_sigma_1.0,sid_set_17a262aabfd5dc964d85,sid_set_17a262aabfd5dc964d85__matched_clean__fixed_q96,selection_val,ai_generated,2.463987350463867,0.9215783476829529,epoch_014,42,fixed_q96,blur,"{""cell_id"":""blur_sigma_1.0"",""name"":""blur"",""output_format"":""PNG"",""parameter"":1.0,""stochastic"":false}",sid_set,unknown,unknown,unknown
sid_set_17a262aabfd5dc964d85__matched_clean__fixed_q96__benchmark__blur_sigma_2.0,sid_set_17a262aabfd5dc964d85,sid_set_17a262aabfd5dc964d85__matched_clean__fixed_q96,selection_val,ai_generated,2.725290536880493,0.9385025501251221,epoch_014,42,fixed_q96,blur,"{""cell_id"":""blur_sigma_2.0"",""name"":""blur"",""output_format"":""PNG"",""parameter"":2.0,""stochastic"":false}",sid_set,unknown,unknown,unknown
sid_set_17a262aabfd5dc964d85__matched_clean__fixed_q96__benchmark__resize_scale_0.5,sid_set_17a262aabfd5dc964d85,sid_set_17a262aabfd5dc964d85__matched_clean__fixed_q96,selection_val,ai_generated,3.821492910385132,0.9785740971565247,epoch_014,42,fixed_q96,resize,"{""cell_id"":""resize_scale_0.5"",""name"":""resize"",""output_format"":""PNG"",""parameter"":0.5,""stochastic"":false}",sid_set,unknown,unknown,unknown
sid_set_17a262aabfd5dc964d85__matched_clean__fixed_q96__benchmark__resize_scale_0.25,sid_set_17a262aabfd5dc964d85,sid_set_17a262aabfd5dc964d85__matched_clean__fixed_q96,selection_val,ai_generated,2.926861524581909,0.9491584300994873,epoch_014,42,fixed_q96,resize,"{""cell_id"":""resize_scale_0.25"",""name"":""resize"",""output_format"":""PNG"",""parameter"":0.25,""stochastic"":false}",sid_set,unknown,unknown,unknown
sid_set_17a262aabfd5dc964d85__matched_clean__fixed_q96__benchmark__noise_sigma_0.02,sid_set_17a262aabfd5dc964d85,sid_set_17a262aabfd5dc964d85__matched_clean__fixed_q96,selection_val,ai_generated,3.4773716926574707,0.970037043094635,epoch_014,42,fixed_q96,noise,"{""cell_id"":""noise_sigma_0.02"",""name"":""noise"",""output_format"":""PNG"",""parameter"":0.02,""stochastic"":true}",sid_set,unknown,unknown,unknown
sid_set_17a262aabfd5dc964d85__matched_clean__fixed_q96__benchmark__noise_sigma_0.05,sid_set_17a262aabfd5dc964d85,sid_set_17a262aabfd5dc964d85__matched_clean__fixed_q96,selection_val,ai_generated,1.0438663959503174,0.739595353603363,epoch_014,42,fixed_q96,noise,"{""cell_id"":""noise_sigma_0.05"",""name"":""noise"",""output_format"":""PNG"",""parameter"":0.05,""stochastic"":true}",sid_set,unknown,unknown,unknown
sid_set_17a262aabfd5dc964d85__matched_clean__fixed_q96__benchmark__noise_sigma_0.1,sid_set_17a262aabfd5dc964d85,sid_set_17a262aabfd5dc964d85__matched_clean__fixed_q96,selection_val,ai_generated,1.2071013450622559,0.7697856426239014,epoch_014,42,fixed_q96,noise,"{""cell_id"":""noise_sigma_0.1"",""name"":""noise"",""output_format"":""PNG"",""parameter"":0.1,""stochastic"":true}",sid_set,unknown,unknown,unknown
sid_set_17a262aabfd5dc964d85__matched_clean__fixed_q96__benchmark__color_jitter_0.2,sid_set_17a262aabfd5dc964d85,sid_set_17a262aabfd5dc964d85__matched_clean__fixed_q96,selection_val,ai_generated,5.449064254760742,0.9957180619239807,epoch_014,42,fixed_q96,color_jitter,"{""cell_id"":""color_jitter_0.2"",""name"":""color_jitter"",""output_format"":""PNG"",""parameter"":0.2,""stochastic"":true}",sid_set,unknown,unknown,unknown
sid_set_17a262aabfd5dc964d85__matched_clean__fixed_q96__benchmark__center_crop_0.8,sid_set_17a262aabfd5dc964d85,sid_set_17a262aabfd5dc964d85__matched_clean__fixed_q96,selection_val,ai_generated,3.719766616821289,0.9763339757919312,epoch_014,42,fixed_q96,center_crop,"{""cell_id"":""center_crop_0.8"",""name"":""center_crop"",""output_format"":""PNG"",""parameter"":0.8,""stochastic"":false}",sid_set,unknown,unknown,unknown
sid_set_18030a402f94a489d0cb__matched_clean__fixed_q96__benchmark__jpeg_q90,sid_set_18030a402f94a489d0cb,sid_set_18030a402f94a489d0cb__matched_clean__fixed_q96,selection_val,ai_generated,7.115789890289307,0.9991884827613831,epoch_014,42,fixed_q96,jpeg,"{""cell_id"":""jpeg_q90"",""name"":""jpeg"",""output_format"":""JPEG"",""parameter"":90,""stochastic"":false}",sid_set,unknown,unknown,unknown
sid_set_18030a402f94a489d0cb__matched_clean__fixed_q96__benchmark__jpeg_q70,sid_set_18030a402f94a489d0cb,sid_set_18030a402f94a489d0cb__matched_clean__fixed_q96,selection_val,ai_generated,7.235028266906738,0.9992796778678894,epoch_014,42,fixed_q96,jpeg,"{""cell_id"":""jpeg_q70"",""name"":""jpeg"",""output_format"":""JPEG"",""parameter"":70,""stochastic"":false}",sid_set,unknown,unknown,unknown
sid_set_18030a402f94a489d0cb__matched_clean__fixed_q96__benchmark__jpeg_q50,sid_set_18030a402f94a489d0cb,sid_set_18030a402f94a489d0cb__matched_clean__fixed_q96,selection_val,ai_generated,7.039180755615234,0.9991238713264465,epoch_014,42,fixed_q96,jpeg,"{""cell_id"":""jpeg_q50"",""name"":""jpeg"",""output_format"":""JPEG"",""parameter"":50,""stochastic"":false}",sid_set,unknown,unknown,unknown
sid_set_18030a402f94a489d0cb__matched_clean__fixed_q96__benchmark__jpeg_q30,sid_set_18030a402f94a489d0cb,sid_set_18030a402f94a489d0cb__matched_clean__fixed_q96,selection_val,ai_generated,6.959707736968994,0.9990515112876892,epoch_014,42,fixed_q96,jpeg,"{""cell_id"":""jpeg_q30"",""name"":""jpeg"",""output_format"":""JPEG"",""parameter"":30,""stochastic"":false}",sid_set,unknown,unknown,unknown
sid_set_18030a402f94a489d0cb__matched_clean__fixed_q96__benchmark__blur_sigma_0.5,sid_set_18030a402f94a489d0cb,sid_set_18030a402f94a489d0cb__matched_clean__fixed_q96,selection_val,ai_generated,5.610664367675781,0.9963546991348267,epoch_014,42,fixed_q96,blur,"{""cell_id"":""blur_sigma_0.5"",""name"":""blur"",""output_format"":""PNG"",""parameter"":0.5,""stochastic"":false}",sid_set,unknown,unknown,unknown
sid_set_18030a402f94a489d0cb__matched_clean__fixed_q96__benchmark__blur_sigma_1.0,sid_set_18030a402f94a489d0cb,sid_set_18030a402f94a489d0cb__matched_clean__fixed_q96,selection_val,ai_generated,5.935849189758301,0.9973639845848083,epoch_014,42,fixed_q96,blur,"{""cell_id"":""blur_sigma_1.0"",""name"":""blur"",""output_format"":""PNG"",""parameter"":1.0,""stochastic"":false}",sid_set,unknown,unknown,unknown
sid_set_18030a402f94a489d0cb__matched_clean__fixed_q96__benchmark__blur_sigma_2.0,sid_set_18030a402f94a489d0cb,sid_set_18030a402f94a489d0cb__matched_clean__fixed_q96,selection_val,ai_generated,6.148446559906006,0.9978677034378052,epoch_014,42,fixed_q96,blur,"{""cell_id"":""blur_sigma_2.0"",""name"":""blur"",""output_format"":""PNG"",""parameter"":2.0,""stochastic"":false}",sid_set,unknown,unknown,unknown
sid_set_18030a402f94a489d0cb__matched_clean__fixed_q96__benchmark__resize_scale_0.5,sid_set_18030a402f94a489d0cb,sid_set_18030a402f94a489d0cb__matched_clean__fixed_q96,selection_val,ai_generated,6.575595855712891,0.9986079335212708,epoch_014,42,fixed_q96,resize,"{""cell_id"":""resize_scale_0.5"",""name"":""resize"",""output_format"":""PNG"",""parameter"":0.5,""stochastic"":false}",sid_set,unknown,unknown,unknown
sid_set_18030a402f94a489d0cb__matched_clean__fixed_q96__benchmark__resize_scale_0.25,sid_set_18030a402f94a489d0cb,sid_set_18030a402f94a489d0cb__matched_clean__fixed_q96,selection_val,ai_generated,5.507800579071045,0.9959613680839539,epoch_014,42,fixed_q96,resize,"{""cell_id"":""resize_scale_0.25"",""name"":""resize"",""output_format"":""PNG"",""parameter"":0.25,""stochastic"":false}",sid_set,unknown,unknown,unknown
sid_set_18030a402f94a489d0cb__matched_clean__fixed_q96__benchmark__noise_sigma_0.02,sid_set_18030a402f94a489d0cb,sid_set_18030a402f94a489d0cb__matched_clean__fixed_q96,selection_val,ai_generated,6.634775638580322,0.9986878037452698,epoch_014,42,fixed_q96,noise,"{""cell_id"":""noise_sigma_0.02"",""name"":""noise"",""output_format"":""PNG"",""parameter"":0.02,""stochastic"":true}",sid_set,unknown,unknown,unknown
sid_set_18030a402f94a489d0cb__matched_clean__fixed_q96__benchmark__noise_sigma_0.05,sid_set_18030a402f94a489d0cb,sid_set_18030a402f94a489d0cb__matched_clean__fixed_q96,selection_val,ai_generated,5.410564422607422,0.9955507516860962,epoch_014,42,fixed_q96,noise,"{""cell_id"":""noise_sigma_0.05"",""name"":""noise"",""output_format"":""PNG"",""parameter"":0.05,""stochastic"":true}",sid_set,unknown,unknown,unknown
sid_set_18030a402f94a489d0cb__matched_clean__fixed_q96__benchmark__noise_sigma_0.1,sid_set_18030a402f94a489d0cb,sid_set_18030a402f94a489d0cb__matched_clean__fixed_q96,selection_val,ai_generated,4.0854387283325195,0.9834623336791992,epoch_014,42,fixed_q96,noise,"{""cell_id"":""noise_sigma_0.1"",""name"":""noise"",""output_format"":""PNG"",""parameter"":0.1,""stochastic"":true}",sid_set,unknown,unknown,unknown
sid_set_18030a402f94a489d0cb__matched_clean__fixed_q96__benchmark__color_jitter_0.2,sid_set_18030a402f94a489d0cb,sid_set_18030a402f94a489d0cb__matched_clean__fixed_q96,selection_val,ai_generated,6.13950252532959,0.997848629951477,epoch_014,42,fixed_q96,color_jitter,"{""cell_id"":""color_jitter_0.2"",""name"":""color_jitter"",""output_format"":""PNG"",""parameter"":0.2,""stochastic"":true}",sid_set,unknown,unknown,unknown
sid_set_18030a402f94a489d0cb__matched_clean__fixed_q96__benchmark__center_crop_0.8,sid_set_18030a402f94a489d0cb,sid_set_18030a402f94a489d0cb__matched_clean__fixed_q96,selection_val,ai_generated,7.147602081298828,0.9992138147354126,epoch_014,42,fixed_q96,center_crop,"{""cell_id"":""center_crop_0.8"",""name"":""center_crop"",""output_format"":""PNG"",""parameter"":0.8,""stochastic"":false}",sid_set,unknown,unknown,unknown
sid_set_184960b7590aa24e0681__matched_clean__fixed_q96__benchmark__jpeg_q90,sid_set_184960b7590aa24e0681,sid_set_184960b7590aa24e0681__matched_clean__fixed_q96,selection_val,ai_generated,2.8933792114257812,0.9475182294845581,epoch_014,42,fixed_q96,jpeg,"{""cell_id"":""jpeg_q90"",""name"":""jpeg"",""output_format"":""JPEG"",""parameter"":90,""stochastic"":false}",sid_set,unknown,unknown,unknown
sid_set_184960b7590aa24e0681__matched_clean__fixed_q96__benchmark__jpeg_q70,sid_set_184960b7590aa24e0681,sid_set_184960b7590aa24e0681__matched_clean__fixed_q96,selection_val,ai_generated,3.322754383087158,0.965201199054718,epoch_014,42,fixed_q96,jpeg,"{""cell_id"":""jpeg_q70"",""name"":""jpeg"",""output_format"":""JPEG"",""parameter"":70,""stochastic"":false}",sid_set,unknown,unknown,unknown
sid_set_184960b7590aa24e0681__matched_clean__fixed_q96__benchmark__jpeg_q50,sid_set_184960b7590aa24e0681,sid_set_184960b7590aa24e0681__matched_clean__fixed_q96,selection_val,ai_generated,1.8920159339904785,0.8689852356910706,epoch_014,42,fixed_q96,jpeg,"{""cell_id"":""jpeg_q50"",""name"":""jpeg"",""output_format"":""JPEG"",""parameter"":50,""stochastic"":false}",sid_set,unknown,unknown,unknown
sid_set_184960b7590aa24e0681__matched_clean__fixed_q96__benchmark__jpeg_q30,sid_set_184960b7590aa24e0681,sid_set_184960b7590aa24e0681__matched_clean__fixed_q96,selection_val,ai_generated,2.3502495288848877,0.9129540324211121,epoch_014,42,fixed_q96,jpeg,"{""cell_id"":""jpeg_q30"",""name"":""jpeg"",""output_format"":""JPEG"",""parameter"":30,""stochastic"":false}",sid_set,unknown,unknown,unknown
sid_set_184960b7590aa24e0681__matched_clean__fixed_q96__benchmark__blur_sigma_0.5,sid_set_184960b7590aa24e0681,sid_set_184960b7590aa24e0681__matched_clean__fixed_q96,selection_val,ai_generated,1.8020567893981934,0.8583991527557373,epoch_014,42,fixed_q96,blur,"{""cell_id"":""blur_sigma_0.5"",""name"":""blur"",""output_format"":""PNG"",""parameter"":0.5,""stochastic"":false}",sid_set,unknown,unknown,unknown
sid_set_184960b7590aa24e0681__matched_clean__fixed_q96__benchmark__blur_sigma_1.0,sid_set_184960b7590aa24e0681,sid_set_184960b7590aa24e0681__matched_clean__fixed_q96,selection_val,ai_generated,1.8771531581878662,0.8672837615013123,epoch_014,42,fixed_q96,blur,"{""cell_id"":""blur_sigma_1.0"",""name"":""blur"",""output_format"":""PNG"",""parameter"":1.0,""stochastic"":false}",sid_set,unknown,unknown,unknown
sid_set_184960b7590aa24e0681__matched_clean__fixed_q96__benchmark__blur_sigma_2.0,sid_set_184960b7590aa24e0681,sid_set_184960b7590aa24e0681__matched_clean__fixed_q96,selection_val,ai_generated,2.384202241897583,0.915614664554596,epoch_014,42,fixed_q96,blur,"{""cell_id"":""blur_sigma_2.0"",""name"":""blur"",""output_format"":""PNG"",""parameter"":2.0,""stochastic"":false}",sid_set,unknown,unknown,unknown
sid_set_184960b7590aa24e0681__matched_clean__fixed_q96__benchmark__resize_scale_0.5,sid_set_184960b7590aa24e0681,sid_set_184960b7590aa24e0681__matched_clean__fixed_q96,selection_val,ai_generated,2.2525858879089355,0.9048733711242676,epoch_014,42,fixed_q96,resize,"{""cell_id"":""resize_scale_0.5"",""name"":""resize"",""output_format"":""PNG"",""parameter"":0.5,""stochastic"":false}",sid_set,unknown,unknown,unknown
sid_set_184960b7590aa24e0681__matched_clean__fixed_q96__benchmark__resize_scale_0.25,sid_set_184960b7590aa24e0681,sid_set_184960b7590aa24e0681__matched_clean__fixed_q96,selection_val,ai_generated,2.5125560760498047,0.9250173568725586,epoch_014,42,fixed_q96,resize,"{""cell_id"":""resize_scale_0.25"",""name"":""resize"",""output_format"":""PNG"",""parameter"":0.25,""stochastic"":false}",sid_set,unknown,unknown,unknown
sid_set_184960b7590aa24e0681__matched_clean__fixed_q96__benchmark__noise_sigma_0.02,sid_set_184960b7590aa24e0681,sid_set_184960b7590aa24e0681__matched_clean__fixed_q96,selection_val,ai_generated,3.002222776412964,0.9526744484901428,epoch_014,42,fixed_q96,noise,"{""cell_id"":""noise_sigma_0.02"",""name"":""noise"",""output_format"":""PNG"",""parameter"":0.02,""stochastic"":true}",sid_set,unknown,unknown,unknown
sid_set_184960b7590aa24e0681__matched_clean__fixed_q96__benchmark__noise_sigma_0.05,sid_set_184960b7590aa24e0681,sid_set_184960b7590aa24e0681__matched_clean__fixed_q96,selection_val,ai_generated,2.560391664505005,0.928268551826477,epoch_014,42,fixed_q96,noise,"{""cell_id"":""noise_sigma_0.05"",""name"":""noise"",""output_format"":""PNG"",""parameter"":0.05,""stochastic"":true}",sid_set,unknown,unknown,unknown
sid_set_184960b7590aa24e0681__matched_clean__fixed_q96__benchmark__noise_sigma_0.1,sid_set_184960b7590aa24e0681,sid_set_184960b7590aa24e0681__matched_clean__fixed_q96,selection_val,ai_generated,1.733008861541748,0.8497968316078186,epoch_014,42,fixed_q96,noise,"{""cell_id"":""noise_sigma_0.1"",""name"":""noise"",""output_format"":""PNG"",""parameter"":0.1,""stochastic"":true}",sid_set,unknown,unknown,unknown
sid_set_184960b7590aa24e0681__matched_clean__fixed_q96__benchmark__color_jitter_0.2,sid_set_184960b7590aa24e0681,sid_set_184960b7590aa24e0681__matched_clean__fixed_q96,selection_val,ai_generated,2.340773820877075,0.9121980667114258,epoch_014,42,fixed_q96,color_jitter,"{""cell_id"":""color_jitter_0.2"",""name"":""color_jitter"",""output_format"":""PNG"",""parameter"":0.2,""stochastic"":true}",sid_set,unknown,unknown,unknown
sid_set_184960b7590aa24e0681__matched_clean__fixed_q96__benchmark__center_crop_0.8,sid_set_184960b7590aa24e0681,sid_set_184960b7590aa24e0681__matched_clean__fixed_q96,selection_val,ai_generated,2.2778444290161133,0.9070253968238831,epoch_014,42,fixed_q96,center_crop,"{""cell_id"":""center_crop_0.8"",""name"":""center_crop"",""output_format"":""PNG"",""parameter"":0.8,""stochastic"":false}",sid_set,unknown,unknown,unknown
sid_set_186e280446ca21385ad3__matched_clean__fixed_q96__benchmark__jpeg_q90,sid_set_186e280446ca21385ad3,sid_set_186e280446ca21385ad3__matched_clean__fixed_q96,selection_val,authentic,-7.443896770477295,0.0005846591084264219,epoch_014,42,fixed_q96,jpeg,"{""cell_id"":""jpeg_q90"",""name"":""jpeg"",""output_format"":""JPEG"",""parameter"":90,""stochastic"":false}",sid_set,unknown,unknown,unknown
sid_set_186e280446ca21385ad3__matched_clean__fixed_q96__benchmark__jpeg_q70,sid_set_186e280446ca21385ad3,sid_set_186e280446ca21385ad3__matched_clean__fixed_q96,selection_val,authentic,-5.959382057189941,0.0025748596526682377,epoch_014,42,fixed_q96,jpeg,"{""cell_id"":""jpeg_q70"",""name"":""jpeg"",""output_format"":""JPEG"",""parameter"":70,""stochastic"":false}",sid_set,unknown,unknown,unknown
sid_set_186e280446ca21385ad3__matched_clean__fixed_q96__benchmark__jpeg_q50,sid_set_186e280446ca21385ad3,sid_set_186e280446ca21385ad3__matched_clean__fixed_q96,selection_val,authentic,-5.444582939147949,0.004301062319427729,epoch_014,42,fixed_q96,jpeg,"{""cell_id"":""jpeg_q50"",""name"":""jpeg"",""output_format"":""JPEG"",""parameter"":50,""stochastic"":false}",sid_set,unknown,unknown,unknown
sid_set_186e280446ca21385ad3__matched_clean__fixed_q96__benchmark__jpeg_q30,sid_set_186e280446ca21385ad3,sid_set_186e280446ca21385ad3__matched_clean__fixed_q96,selection_val,authentic,-5.504140377044678,0.004053388722240925,epoch_014,42,fixed_q96,jpeg,"{""cell_id"":""jpeg_q30"",""name"":""jpeg"",""output_format"":""JPEG"",""parameter"":30,""stochastic"":false}",sid_set,unknown,unknown,unknown
sid_set_186e280446ca21385ad3__matched_clean__fixed_q96__benchmark__blur_sigma_0.5,sid_set_186e280446ca21385ad3,sid_set_186e280446ca21385ad3__matched_clean__fixed_q96,selection_val,authentic,-8.005366325378418,0.000333555944962427,epoch_014,42,fixed_q96,blur,"{""cell_id"":""blur_sigma_0.5"",""name"":""blur"",""output_format"":""PNG"",""parameter"":0.5,""stochastic"":false}",sid_set,unknown,unknown,unknown
sid_set_186e280446ca21385ad3__matched_clean__fixed_q96__benchmark__blur_sigma_1.0,sid_set_186e280446ca21385ad3,sid_set_186e280446ca21385ad3__matched_clean__fixed_q96,selection_val,authentic,-6.8762102127075195,0.0010309838689863682,epoch_014,42,fixed_q96,blur,"{""cell_id"":""blur_sigma_1.0"",""name"":""blur"",""output_format"":""PNG"",""parameter"":1.0,""stochastic"":false}",sid_set,unknown,unknown,unknown
sid_set_186e280446ca21385ad3__matched_clean__fixed_q96__benchmark__blur_sigma_2.0,sid_set_186e280446ca21385ad3,sid_set_186e280446ca21385ad3__matched_clean__fixed_q96,selection_val,authentic,-5.313831806182861,0.004898909013718367,epoch_014,42,fixed_q96,blur,"{""cell_id"":""blur_sigma_2.0"",""name"":""blur"",""output_format"":""PNG"",""parameter"":2.0,""stochastic"":false}",sid_set,unknown,unknown,unknown
sid_set_186e280446ca21385ad3__matched_clean__fixed_q96__benchmark__resize_scale_0.5,sid_set_186e280446ca21385ad3,sid_set_186e280446ca21385ad3__matched_clean__fixed_q96,selection_val,authentic,-5.801405906677246,0.0030141884926706553,epoch_014,42,fixed_q96,resize,"{""cell_id"":""resize_scale_0.5"",""name"":""resize"",""output_format"":""PNG"",""parameter"":0.5,""stochastic"":false}",sid_set,unknown,unknown,unknown
sid_set_186e280446ca21385ad3__matched_clean__fixed_q96__benchmark__resize_scale_0.25,sid_set_186e280446ca21385ad3,sid_set_186e280446ca21385ad3__matched_clean__fixed_q96,selection_val,authentic,-4.4546027183532715,0.011491350829601288,epoch_014,42,fixed_q96,resize,"{""cell_id"":""resize_scale_0.25"",""name"":""resize"",""output_format"":""PNG"",""parameter"":0.25,""stochastic"":false}",sid_set,unknown,unknown,unknown
sid_set_186e280446ca21385ad3__matched_clean__fixed_q96__benchmark__noise_sigma_0.02,sid_set_186e280446ca21385ad3,sid_set_186e280446ca21385ad3__matched_clean__fixed_q96,selection_val,authentic,-5.693480968475342,0.003356544766575098,epoch_014,42,fixed_q96,noise,"{""cell_id"":""noise_sigma_0.02"",""name"":""noise"",""output_format"":""PNG"",""parameter"":0.02,""stochastic"":true}",sid_set,unknown,unknown,unknown
sid_set_186e280446ca21385ad3__matched_clean__fixed_q96__benchmark__noise_sigma_0.05,sid_set_186e280446ca21385ad3,sid_set_186e280446ca21385ad3__matched_clean__fixed_q96,selection_val,authentic,-4.148723602294922,0.015539269894361496,epoch_014,42,fixed_q96,noise,"{""cell_id"":""noise_sigma_0.05"",""name"":""noise"",""output_format"":""PNG"",""parameter"":0.05,""stochastic"":true}",sid_set,unknown,unknown,unknown
sid_set_186e280446ca21385ad3__matched_clean__fixed_q96__benchmark__noise_sigma_0.1,sid_set_186e280446ca21385ad3,sid_set_186e280446ca21385ad3__matched_clean__fixed_q96,selection_val,authentic,-3.949983596801758,0.018891265615820885,epoch_014,42,fixed_q96,noise,"{""cell_id"":""noise_sigma_0.1"",""name"":""noise"",""output_format"":""PNG"",""parameter"":0.1,""stochastic"":true}",sid_set,unknown,unknown,unknown
sid_set_186e280446ca21385ad3__matched_clean__fixed_q96__benchmark__color_jitter_0.2,sid_set_186e280446ca21385ad3,sid_set_186e280446ca21385ad3__matched_clean__fixed_q96,selection_val,authentic,-7.6520843505859375,0.0004748273640871048,epoch_014,42,fixed_q96,color_jitter,"{""cell_id"":""color_jitter_0.2"",""name"":""color_jitter"",""output_format"":""PNG"",""parameter"":0.2,""stochastic"":true}",sid_set,unknown,unknown,unknown
sid_set_186e280446ca21385ad3__matched_clean__fixed_q96__benchmark__center_crop_0.8,sid_set_186e280446ca21385ad3,sid_set_186e280446ca21385ad3__matched_clean__fixed_q96,selection_val,authentic,-7.0536208152771,0.0008635275298729539,epoch_014,42,fixed_q96,center_crop,"{""cell_id"":""center_crop_0.8"",""name"":""center_crop"",""output_format"":""PNG"",""parameter"":0.8,""stochastic"":false}",sid_set,unknown,unknown,unknown
sid_set_1907f1e472ba5696e264__matched_clean__fixed_q96__benchmark__jpeg_q90,sid_set_1907f1e472ba5696e264,sid_set_1907f1e472ba5696e264__matched_clean__fixed_q96,selection_val,authentic,-4.134631156921387,0.015756333246827126,epoch_014,42,fixed_q96,jpeg,"{""cell_id"":""jpeg_q90"",""name"":""jpeg"",""output_format"":""JPEG"",""parameter"":90,""stochastic"":false}",sid_set,unknown,unknown,unknown
sid_set_1907f1e472ba5696e264__matched_clean__fixed_q96__benchmark__jpeg_q70,sid_set_1907f1e472ba5696e264,sid_set_1907f1e472ba5696e264__matched_clean__fixed_q96,selection_val,authentic,-3.1235642433166504,0.04214565083384514,epoch_014,42,fixed_q96,jpeg,"{""cell_id"":""jpeg_q70"",""name"":""jpeg"",""output_format"":""JPEG"",""parameter"":70,""stochastic"":false}",sid_set,unknown,unknown,unknown
sid_set_1907f1e472ba5696e264__matched_clean__fixed_q96__benchmark__jpeg_q50,sid_set_1907f1e472ba5696e264,sid_set_1907f1e472ba5696e264__matched_clean__fixed_q96,selection_val,authentic,-3.978959083557129,0.018361642956733704,epoch_014,42,fixed_q96,jpeg,"{""cell_id"":""jpeg_q50"",""name"":""jpeg"",""output_format"":""JPEG"",""parameter"":50,""stochastic"":false}",sid_set,unknown,unknown,unknown
sid_set_1907f1e472ba5696e264__matched_clean__fixed_q96__benchmark__jpeg_q30,sid_set_1907f1e472ba5696e264,sid_set_1907f1e472ba5696e264__matched_clean__fixed_q96,selection_val,authentic,-3.5532946586608887,0.02783328667283058,epoch_014,42,fixed_q96,jpeg,"{""cell_id"":""jpeg_q30"",""name"":""jpeg"",""output_format"":""JPEG"",""parameter"":30,""stochastic"":false}",sid_set,unknown,unknown,unknown
sid_set_1907f1e472ba5696e264__matched_clean__fixed_q96__benchmark__blur_sigma_0.5,sid_set_1907f1e472ba5696e264,sid_set_1907f1e472ba5696e264__matched_clean__fixed_q96,selection_val,authentic,-3.1798455715179443,0.03993125259876251,epoch_014,42,fixed_q96,blur,"{""cell_id"":""blur_sigma_0.5"",""name"":""blur"",""output_format"":""PNG"",""parameter"":0.5,""stochastic"":false}",sid_set,unknown,unknown,unknown
sid_set_1907f1e472ba5696e264__matched_clean__fixed_q96__benchmark__blur_sigma_1.0,sid_set_1907f1e472ba5696e264,sid_set_1907f1e472ba5696e264__matched_clean__fixed_q96,selection_val,authentic,-3.000873565673828,0.047386426478624344,epoch_014,42,fixed_q96,blur,"{""cell_id"":""blur_sigma_1.0"",""name"":""blur"",""output_format"":""PNG"",""parameter"":1.0,""stochastic"":false}",sid_set,unknown,unknown,unknown
sid_set_1907f1e472ba5696e264__matched_clean__fixed_q96__benchmark__blur_sigma_2.0,sid_set_1907f1e472ba5696e264,sid_set_1907f1e472ba5696e264__matched_clean__fixed_q96,selection_val,authentic,-2.080221652984619,0.1110340803861618,epoch_014,42,fixed_q96,blur,"{""cell_id"":""blur_sigma_2.0"",""name"":""blur"",""output_format"":""PNG"",""parameter"":2.0,""stochastic"":false}",sid_set,unknown,unknown,unknown
sid_set_1907f1e472ba5696e264__matched_clean__fixed_q96__benchmark__resize_scale_0.5,sid_set_1907f1e472ba5696e264,sid_set_1907f1e472ba5696e264__matched_clean__fixed_q96,selection_val,authentic,-2.185606002807617,0.10105054080486298,epoch_014,42,fixed_q96,resize,"{""cell_id"":""resize_scale_0.5"",""name"":""resize"",""output_format"":""PNG"",""parameter"":0.5,""stochastic"":false}",sid_set,unknown,unknown,unknown
sid_set_1907f1e472ba5696e264__matched_clean__fixed_q96__benchmark__resize_scale_0.25,sid_set_1907f1e472ba5696e264,sid_set_1907f1e472ba5696e264__matched_clean__fixed_q96,selection_val,authentic,-3.1114892959594727,0.04263581335544586,epoch_014,42,fixed_q96,resize,"{""cell_id"":""resize_scale_0.25"",""name"":""resize"",""output_format"":""PNG"",""parameter"":0.25,""stochastic"":false}",sid_set,unknown,unknown,unknown
sid_set_1907f1e472ba5696e264__matched_clean__fixed_q96__benchmark__noise_sigma_0.02,sid_set_1907f1e472ba5696e264,sid_set_1907f1e472ba5696e264__matched_clean__fixed_q96,selection_val,authentic,-2.5734171867370605,0.07086896151304245,epoch_014,42,fixed_q96,noise,"{""cell_id"":""noise_sigma_0.02"",""name"":""noise"",""output_format"":""PNG"",""parameter"":0.02,""stochastic"":true}",sid_set,unknown,unknown,unknown
sid_set_1907f1e472ba5696e264__matched_clean__fixed_q96__benchmark__noise_sigma_0.05,sid_set_1907f1e472ba5696e264,sid_set_1907f1e472ba5696e264__matched_clean__fixed_q96,selection_val,authentic,-3.1402502059936523,0.04147717356681824,epoch_014,42,fixed_q96,noise,"{""cell_id"":""noise_sigma_0.05"",""name"":""noise"",""output_format"":""PNG"",""parameter"":0.05,""stochastic"":true}",sid_set,unknown,unknown,unknown
sid_set_1907f1e472ba5696e264__matched_clean__fixed_q96__benchmark__noise_sigma_0.1,sid_set_1907f1e472ba5696e264,sid_set_1907f1e472ba5696e264__matched_clean__fixed_q96,selection_val,authentic,-2.88252592086792,0.053024161607027054,epoch_014,42,fixed_q96,noise,"{""cell_id"":""noise_sigma_0.1"",""name"":""noise"",""output_format"":""PNG"",""parameter"":0.1,""stochastic"":true}",sid_set,unknown,unknown,unknown
sid_set_1907f1e472ba5696e264__matched_clean__fixed_q96__benchmark__color_jitter_0.2,sid_set_1907f1e472ba5696e264,sid_set_1907f1e472ba5696e264__matched_clean__fixed_q96,selection_val,authentic,-4.230836391448975,0.014331835322082043,epoch_014,42,fixed_q96,color_jitter,"{""cell_id"":""color_jitter_0.2"",""name"":""color_jitter"",""output_format"":""PNG"",""parameter"":0.2,""stochastic"":true}",sid_set,unknown,unknown,unknown
sid_set_1907f1e472ba5696e264__matched_clean__fixed_q96__benchmark__center_crop_0.8,sid_set_1907f1e472ba5696e264,sid_set_1907f1e472ba5696e264__matched_clean__fixed_q96,selection_val,authentic,-3.8039112091064453,0.021797718480229378,epoch_014,42,fixed_q96,center_crop,"{""cell_id"":""center_crop_0.8"",""name"":""center_crop"",""output_format"":""PNG"",""parameter"":0.8,""stochastic"":false}",sid_set,unknown,unknown,unknown
sid_set_1909ee2342b461756813__matched_clean__fixed_q96__benchmark__jpeg_q90,sid_set_1909ee2342b461756813,sid_set_1909ee2342b461756813__matched_clean__fixed_q96,selection_val,ai_generated,3.971925735473633,0.9815111756324768,epoch_014,42,fixed_q96,jpeg,"{""cell_id"":""jpeg_q90"",""name"":""jpeg"",""output_format"":""JPEG"",""parameter"":90,""stochastic"":false}",sid_set,unknown,unknown,unknown
sid_set_1909ee2342b461756813__matched_clean__fixed_q96__benchmark__jpeg_q70,sid_set_1909ee2342b461756813,sid_set_1909ee2342b461756813__matched_clean__fixed_q96,selection_val,ai_generated,2.9892079830169678,0.9520841836929321,epoch_014,42,fixed_q96,jpeg,"{""cell_id"":""jpeg_q70"",""name"":""jpeg"",""output_format"":""JPEG"",""parameter"":70,""stochastic"":false}",sid_set,unknown,unknown,unknown
sid_set_1909ee2342b461756813__matched_clean__fixed_q96__benchmark__jpeg_q50,sid_set_1909ee2342b461756813,sid_set_1909ee2342b461756813__matched_clean__fixed_q96,selection_val,ai_generated,2.3970608711242676,0.9166029095649719,epoch_014,42,fixed_q96,jpeg,"{""cell_id"":""jpeg_q50"",""name"":""jpeg"",""output_format"":""JPEG"",""parameter"":50,""stochastic"":false}",sid_set,unknown,unknown,unknown
sid_set_1909ee2342b461756813__matched_clean__fixed_q96__benchmark__jpeg_q30,sid_set_1909ee2342b461756813,sid_set_1909ee2342b461756813__matched_clean__fixed_q96,selection_val,ai_generated,1.5708062648773193,0.8278985023498535,epoch_014,42,fixed_q96,jpeg,"{""cell_id"":""jpeg_q30"",""name"":""jpeg"",""output_format"":""JPEG"",""parameter"":30,""stochastic"":false}",sid_set,unknown,unknown,unknown
sid_set_1909ee2342b461756813__matched_clean__fixed_q96__benchmark__blur_sigma_0.5,sid_set_1909ee2342b461756813,sid_set_1909ee2342b461756813__matched_clean__fixed_q96,selection_val,ai_generated,3.301865577697754,0.9644927382469177,epoch_014,42,fixed_q96,blur,"{""cell_id"":""blur_sigma_0.5"",""name"":""blur"",""output_format"":""PNG"",""parameter"":0.5,""stochastic"":false}",sid_set,unknown,unknown,unknown
sid_set_1909ee2342b461756813__matched_clean__fixed_q96__benchmark__blur_sigma_1.0,sid_set_1909ee2342b461756813,sid_set_1909ee2342b461756813__matched_clean__fixed_q96,selection_val,ai_generated,2.0635032653808594,0.887304961681366,epoch_014,42,fixed_q96,blur,"{""cell_id"":""blur_sigma_1.0"",""name"":""blur"",""output_format"":""PNG"",""parameter"":1.0,""stochastic"":false}",sid_set,unknown,unknown,unknown
sid_set_1909ee2342b461756813__matched_clean__fixed_q96__benchmark__blur_sigma_2.0,sid_set_1909ee2342b461756813,sid_set_1909ee2342b461756813__matched_clean__fixed_q96,selection_val,ai_generated,1.5749492645263672,0.8284880518913269,epoch_014,42,fixed_q96,blur,"{""cell_id"":""blur_sigma_2.0"",""name"":""blur"",""output_format"":""PNG"",""parameter"":2.0,""stochastic"":false}",sid_set,unknown,unknown,unknown
sid_set_1909ee2342b461756813__matched_clean__fixed_q96__benchmark__resize_scale_0.5,sid_set_1909ee2342b461756813,sid_set_1909ee2342b461756813__matched_clean__fixed_q96,selection_val,ai_generated,1.6390607357025146,0.8374070525169373,epoch_014,42,fixed_q96,resize,"{""cell_id"":""resize_scale_0.5"",""name"":""resize"",""output_format"":""PNG"",""parameter"":0.5,""stochastic"":false}",sid_set,unknown,unknown,unknown
sid_set_1909ee2342b461756813__matched_clean__fixed_q96__benchmark__resize_scale_0.25,sid_set_1909ee2342b461756813,sid_set_1909ee2342b461756813__matched_clean__fixed_q96,selection_val,ai_generated,1.1397063732147217,0.7576257586479187,epoch_014,42,fixed_q96,resize,"{""cell_id"":""resize_scale_0.25"",""name"":""resize"",""output_format"":""PNG"",""parameter"":0.25,""stochastic"":false}",sid_set,unknown,unknown,unknown
sid_set_1909ee2342b461756813__matched_clean__fixed_q96__benchmark__noise_sigma_0.02,sid_set_1909ee2342b461756813,sid_set_1909ee2342b461756813__matched_clean__fixed_q96,selection_val,ai_generated,2.823784589767456,0.9439476728439331,epoch_014,42,fixed_q96,noise,"{""cell_id"":""noise_sigma_0.02"",""name"":""noise"",""output_format"":""PNG"",""parameter"":0.02,""stochastic"":true}",sid_set,unknown,unknown,unknown
sid_set_1909ee2342b461756813__matched_clean__fixed_q96__benchmark__noise_sigma_0.05,sid_set_1909ee2342b461756813,sid_set_1909ee2342b461756813__matched_clean__fixed_q96,selection_val,ai_generated,1.8888919353485107,0.8686291575431824,epoch_014,42,fixed_q96,noise,"{""cell_id"":""noise_sigma_0.05"",""name"":""noise"",""output_format"":""PNG"",""parameter"":0.05,""stochastic"":true}",sid_set,unknown,unknown,unknown
sid_set_1909ee2342b461756813__matched_clean__fixed_q96__benchmark__noise_sigma_0.1,sid_set_1909ee2342b461756813,sid_set_1909ee2342b461756813__matched_clean__fixed_q96,selection_val,ai_generated,1.4809398651123047,0.8147144317626953,epoch_014,42,fixed_q96,noise,"{""cell_id"":""noise_sigma_0.1"",""name"":""noise"",""output_format"":""PNG"",""parameter"":0.1,""stochastic"":true}",sid_set,unknown,unknown,unknown
sid_set_1909ee2342b461756813__matched_clean__fixed_q96__benchmark__color_jitter_0.2,sid_set_1909ee2342b461756813,sid_set_1909ee2342b461756813__matched_clean__fixed_q96,selection_val,ai_generated,3.271953582763672,0.963454008102417,epoch_014,42,fixed_q96,color_jitter,"{""cell_id"":""color_jitter_0.2"",""name"":""color_jitter"",""output_format"":""PNG"",""parameter"":0.2,""stochastic"":true}",sid_set,unknown,unknown,unknown
sid_set_1909ee2342b461756813__matched_clean__fixed_q96__benchmark__center_crop_0.8,sid_set_1909ee2342b461756813,sid_set_1909ee2342b461756813__matched_clean__fixed_q96,selection_val,ai_generated,3.8860177993774414,0.979885995388031,epoch_014,42,fixed_q96,center_crop,"{""cell_id"":""center_crop_0.8"",""name"":""center_crop"",""output_format"":""PNG"",""parameter"":0.8,""stochastic"":false}",sid_set,unknown,unknown,unknown
sid_set_1938317c2a4e279c6fef__matched_clean__fixed_q96__benchmark__jpeg_q90,sid_set_1938317c2a4e279c6fef,sid_set_1938317c2a4e279c6fef__matched_clean__fixed_q96,selection_val,authentic,-7.5235514640808105,0.0005399189540185034,epoch_014,42,fixed_q96,jpeg,"{""cell_id"":""jpeg_q90"",""name"":""jpeg"",""output_format"":""JPEG"",""parameter"":90,""stochastic"":false}",sid_set,unknown,unknown,unknown
sid_set_1938317c2a4e279c6fef__matched_clean__fixed_q96__benchmark__jpeg_q70,sid_set_1938317c2a4e279c6fef,sid_set_1938317c2a4e279c6fef__matched_clean__fixed_q96,selection_val,authentic,-7.879039764404297,0.00037845314363949,epoch_014,42,fixed_q96,jpeg,"{""cell_id"":""jpeg_q70"",""name"":""jpeg"",""output_format"":""JPEG"",""parameter"":70,""stochastic"":false}",sid_set,unknown,unknown,unknown
sid_set_1938317c2a4e279c6fef__matched_clean__fixed_q96__benchmark__jpeg_q50,sid_set_1938317c2a4e279c6fef,sid_set_1938317c2a4e279c6fef__matched_clean__fixed_q96,selection_val,authentic,-7.961545944213867,0.0003484922635834664,epoch_014,42,fixed_q96,jpeg,"{""cell_id"":""jpeg_q50"",""name"":""jpeg"",""output_format"":""JPEG"",""parameter"":50,""stochastic"":false}",sid_set,unknown,unknown,unknown
sid_set_1938317c2a4e279c6fef__matched_clean__fixed_q96__benchmark__jpeg_q30,sid_set_1938317c2a4e279c6fef,sid_set_1938317c2a4e279c6fef__matched_clean__fixed_q96,selection_val,authentic,-7.464022636413574,0.0005730166449211538,epoch_014,42,fixed_q96,jpeg,"{""cell_id"":""jpeg_q30"",""name"":""jpeg"",""output_format"":""JPEG"",""parameter"":30,""stochastic"":false}",sid_set,unknown,unknown,unknown
sid_set_1938317c2a4e279c6fef__matched_clean__fixed_q96__benchmark__blur_sigma_0.5,sid_set_1938317c2a4e279c6fef,sid_set_1938317c2a4e279c6fef__matched_clean__fixed_q96,selection_val,authentic,-8.825077056884766,0.00014697853475809097,epoch_014,42,fixed_q96,blur,"{""cell_id"":""blur_sigma_0.5"",""name"":""blur"",""output_format"":""PNG"",""parameter"":0.5,""stochastic"":false}",sid_set,unknown,unknown,unknown
sid_set_1938317c2a4e279c6fef__matched_clean__fixed_q96__benchmark__blur_sigma_1.0,sid_set_1938317c2a4e279c6fef,sid_set_1938317c2a4e279c6fef__matched_clean__fixed_q96,selection_val,authentic,-8.073019027709961,0.0003117431770078838,epoch_014,42,fixed_q96,blur,"{""cell_id"":""blur_sigma_1.0"",""name"":""blur"",""output_format"":""PNG"",""parameter"":1.0,""stochastic"":false}",sid_set,unknown,unknown,unknown
sid_set_1938317c2a4e279c6fef__matched_clean__fixed_q96__benchmark__blur_sigma_2.0,sid_set_1938317c2a4e279c6fef,sid_set_1938317c2a4e279c6fef__matched_clean__fixed_q96,selection_val,authentic,-5.381071090698242,0.004581799730658531,epoch_014,42,fixed_q96,blur,"{""cell_id"":""blur_sigma_2.0"",""name"":""blur"",""output_format"":""PNG"",""parameter"":2.0,""stochastic"":false}",sid_set,unknown,unknown,unknown
sid_set_1938317c2a4e279c6fef__matched_clean__fixed_q96__benchmark__resize_scale_0.5,sid_set_1938317c2a4e279c6fef,sid_set_1938317c2a4e279c6fef__matched_clean__fixed_q96,selection_val,authentic,-6.480949401855469,0.0015300107188522816,epoch_014,42,fixed_q96,resize,"{""cell_id"":""resize_scale_0.5"",""name"":""resize"",""output_format"":""PNG"",""parameter"":0.5,""stochastic"":false}",sid_set,unknown,unknown,unknown
sid_set_1938317c2a4e279c6fef__matched_clean__fixed_q96__benchmark__resize_scale_0.25,sid_set_1938317c2a4e279c6fef,sid_set_1938317c2a4e279c6fef__matched_clean__fixed_q96,selection_val,authentic,-5.204556941986084,0.0054614911787211895,epoch_014,42,fixed_q96,resize,"{""cell_id"":""resize_scale_0.25"",""name"":""resize"",""output_format"":""PNG"",""parameter"":0.25,""stochastic"":false}",sid_set,unknown,unknown,unknown
sid_set_1938317c2a4e279c6fef__matched_clean__fixed_q96__benchmark__noise_sigma_0.02,sid_set_1938317c2a4e279c6fef,sid_set_1938317c2a4e279c6fef__matched_clean__fixed_q96,selection_val,authentic,-6.972272872924805,0.0009366415324620903,epoch_014,42,fixed_q96,noise,"{""cell_id"":""noise_sigma_0.02"",""name"":""noise"",""output_format"":""PNG"",""parameter"":0.02,""stochastic"":true}",sid_set,unknown,unknown,unknown
sid_set_1938317c2a4e279c6fef__matched_clean__fixed_q96__benchmark__noise_sigma_0.05,sid_set_1938317c2a4e279c6fef,sid_set_1938317c2a4e279c6fef__matched_clean__fixed_q96,selection_val,authentic,-6.914190292358398,0.0009925994090735912,epoch_014,42,fixed_q96,noise,"{""cell_id"":""noise_sigma_0.05"",""name"":""noise"",""output_format"":""PNG"",""parameter"":0.05,""stochastic"":true}",sid_set,unknown,unknown,unknown
sid_set_1938317c2a4e279c6fef__matched_clean__fixed_q96__benchmark__noise_sigma_0.1,sid_set_1938317c2a4e279c6fef,sid_set_1938317c2a4e279c6fef__matched_clean__fixed_q96,selection_val,authentic,-6.098807334899902,0.0022405132185667753,epoch_014,42,fixed_q96,noise,"{""cell_id"":""noise_sigma_0.1"",""name"":""noise"",""output_format"":""PNG"",""parameter"":0.1,""stochastic"":true}",sid_set,unknown,unknown,unknown
sid_set_1938317c2a4e279c6fef__matched_clean__fixed_q96__benchmark__color_jitter_0.2,sid_set_1938317c2a4e279c6fef,sid_set_1938317c2a4e279c6fef__matched_clean__fixed_q96,selection_val,authentic,-7.936676502227783,0.0003572645946405828,epoch_014,42,fixed_q96,color_jitter,"{""cell_id"":""color_jitter_0.2"",""name"":""color_jitter"",""output_format"":""PNG"",""parameter"":0.2,""stochastic"":true}",sid_set,unknown,unknown,unknown
sid_set_1938317c2a4e279c6fef__matched_clean__fixed_q96__benchmark__center_crop_0.8,sid_set_1938317c2a4e279c6fef,sid_set_1938317c2a4e279c6fef__matched_clean__fixed_q96,selection_val,authentic,-8.688831329345703,0.0001684284070506692,epoch_014,42,fixed_q96,center_crop,"{""cell_id"":""center_crop_0.8"",""name"":""center_crop"",""output_format"":""PNG"",""parameter"":0.8,""stochastic"":false}",sid_set,unknown,unknown,unknown
sid_set_19407c4f454335d233f8__matched_clean__fixed_q96__benchmark__jpeg_q90,sid_set_19407c4f454335d233f8,sid_set_19407c4f454335d233f8__matched_clean__fixed_q96,selection_val,ai_generated,6.153964042663574,0.9978795051574707,epoch_014,42,fixed_q96,jpeg,"{""cell_id"":""jpeg_q90"",""name"":""jpeg"",""output_format"":""JPEG"",""parameter"":90,""stochastic"":false}",sid_set,unknown,unknown,unknown
sid_set_19407c4f454335d233f8__matched_clean__fixed_q96__benchmark__jpeg_q70,sid_set_19407c4f454335d233f8,sid_set_19407c4f454335d233f8__matched_clean__fixed_q96,selection_val,ai_generated,5.520637035369873,0.9960126876831055,epoch_014,42,fixed_q96,jpeg,"{""cell_id"":""jpeg_q70"",""name"":""jpeg"",""output_format"":""JPEG"",""parameter"":70,""stochastic"":false}",sid_set,unknown,unknown,unknown
sid_set_19407c4f454335d233f8__matched_clean__fixed_q96__benchmark__jpeg_q50,sid_set_19407c4f454335d233f8,sid_set_19407c4f454335d233f8__matched_clean__fixed_q96,selection_val,ai_generated,5.068872451782227,0.9937498569488525,epoch_014,42,fixed_q96,jpeg,"{""cell_id"":""jpeg_q50"",""name"":""jpeg"",""output_format"":""JPEG"",""parameter"":50,""stochastic"":false}",sid_set,unknown,unknown,unknown
sid_set_19407c4f454335d233f8__matched_clean__fixed_q96__benchmark__jpeg_q30,sid_set_19407c4f454335d233f8,sid_set_19407c4f454335d233f8__matched_clean__fixed_q96,selection_val,ai_generated,5.191993236541748,0.9944698810577393,epoch_014,42,fixed_q96,jpeg,"{""cell_id"":""jpeg_q30"",""name"":""jpeg"",""output_format"":""JPEG"",""parameter"":30,""stochastic"":false}",sid_set,unknown,unknown,unknown
sid_set_19407c4f454335d233f8__matched_clean__fixed_q96__benchmark__blur_sigma_0.5,sid_set_19407c4f454335d233f8,sid_set_19407c4f454335d233f8__matched_clean__fixed_q96,selection_val,ai_generated,4.965385437011719,0.993073046207428,epoch_014,42,fixed_q96,blur,"{""cell_id"":""blur_sigma_0.5"",""name"":""blur"",""output_format"":""PNG"",""parameter"":0.5,""stochastic"":false}",sid_set,unknown,unknown,unknown
sid_set_19407c4f454335d233f8__matched_clean__fixed_q96__benchmark__blur_sigma_1.0,sid_set_19407c4f454335d233f8,sid_set_19407c4f454335d233f8__matched_clean__fixed_q96,selection_val,ai_generated,4.649449825286865,0.9905237555503845,epoch_014,42,fixed_q96,blur,"{""cell_id"":""blur_sigma_1.0"",""name"":""blur"",""output_format"":""PNG"",""parameter"":1.0,""stochastic"":false}",sid_set,unknown,unknown,unknown
sid_set_19407c4f454335d233f8__matched_clean__fixed_q96__benchmark__blur_sigma_2.0,sid_set_19407c4f454335d233f8,sid_set_19407c4f454335d233f8__matched_clean__fixed_q96,selection_val,ai_generated,4.417677879333496,0.9880815744400024,epoch_014,42,fixed_q96,blur,"{""cell_id"":""blur_sigma_2.0"",""name"":""blur"",""output_format"":""PNG"",""parameter"":2.0,""stochastic"":false}",sid_set,unknown,unknown,unknown
sid_set_19407c4f454335d233f8__matched_clean__fixed_q96__benchmark__resize_scale_0.5,sid_set_19407c4f454335d233f8,sid_set_19407c4f454335d233f8__matched_clean__fixed_q96,selection_val,ai_generated,5.137877941131592,0.9941641688346863,epoch_014,42,fixed_q96,resize,"{""cell_id"":""resize_scale_0.5"",""name"":""resize"",""output_format"":""PNG"",""parameter"":0.5,""stochastic"":false}",sid_set,unknown,unknown,unknown
sid_set_19407c4f454335d233f8__matched_clean__fixed_q96__benchmark__resize_scale_0.25,sid_set_19407c4f454335d233f8,sid_set_19407c4f454335d233f8__matched_clean__fixed_q96,selection_val,ai_generated,4.397477626800537,0.9878413081169128,epoch_014,42,fixed_q96,resize,"{""cell_id"":""resize_scale_0.25"",""name"":""resize"",""output_format"":""PNG"",""parameter"":0.25,""stochastic"":false}",sid_set,unknown,unknown,unknown
sid_set_19407c4f454335d233f8__matched_clean__fixed_q96__benchmark__noise_sigma_0.02,sid_set_19407c4f454335d233f8,sid_set_19407c4f454335d233f8__matched_clean__fixed_q96,selection_val,ai_generated,4.78801155090332,0.9917397499084473,epoch_014,42,fixed_q96,noise,"{""cell_id"":""noise_sigma_0.02"",""name"":""noise"",""output_format"":""PNG"",""parameter"":0.02,""stochastic"":true}",sid_set,unknown,unknown,unknown
sid_set_19407c4f454335d233f8__matched_clean__fixed_q96__benchmark__noise_sigma_0.05,sid_set_19407c4f454335d233f8,sid_set_19407c4f454335d233f8__matched_clean__fixed_q96,selection_val,ai_generated,4.0501298904418945,0.9828782081604004,epoch_014,42,fixed_q96,noise,"{""cell_id"":""noise_sigma_0.05"",""name"":""noise"",""output_format"":""PNG"",""parameter"":0.05,""stochastic"":true}",sid_set,unknown,unknown,unknown
sid_set_19407c4f454335d233f8__matched_clean__fixed_q96__benchmark__noise_sigma_0.1,sid_set_19407c4f454335d233f8,sid_set_19407c4f454335d233f8__matched_clean__fixed_q96,selection_val,ai_generated,2.993420124053955,0.9522759914398193,epoch_014,42,fixed_q96,noise,"{""cell_id"":""noise_sigma_0.1"",""name"":""noise"",""output_format"":""PNG"",""parameter"":0.1,""stochastic"":true}",sid_set,unknown,unknown,unknown
sid_set_19407c4f454335d233f8__matched_clean__fixed_q96__benchmark__color_jitter_0.2,sid_set_19407c4f454335d233f8,sid_set_19407c4f454335d233f8__matched_clean__fixed_q96,selection_val,ai_generated,6.729557037353516,0.998806357383728,epoch_014,42,fixed_q96,color_jitter,"{""cell_id"":""color_jitter_0.2"",""name"":""color_jitter"",""output_format"":""PNG"",""parameter"":0.2,""stochastic"":true}",sid_set,unknown,unknown,unknown
sid_set_19407c4f454335d233f8__matched_clean__fixed_q96__benchmark__center_crop_0.8,sid_set_19407c4f454335d233f8,sid_set_19407c4f454335d233f8__matched_clean__fixed_q96,selection_val,ai_generated,4.809368133544922,0.9919129610061646,epoch_014,42,fixed_q96,center_crop,"{""cell_id"":""center_crop_0.8"",""name"":""center_crop"",""output_format"":""PNG"",""parameter"":0.8,""stochastic"":false}",sid_set,unknown,unknown,unknown
sid_set_195c71651006be97a405__matched_clean__fixed_q96__benchmark__jpeg_q90,sid_set_195c71651006be97a405,sid_set_195c71651006be97a405__matched_clean__fixed_q96,selection_val,authentic,-7.6432695388793945,0.000479029375128448,epoch_014,42,fixed_q96,jpeg,"{""cell_id"":""jpeg_q90"",""name"":""jpeg"",""output_format"":""JPEG"",""parameter"":90,""stochastic"":false}",sid_set,unknown,unknown,unknown
sid_set_195c71651006be97a405__matched_clean__fixed_q96__benchmark__jpeg_q70,sid_set_195c71651006be97a405,sid_set_195c71651006be97a405__matched_clean__fixed_q96,selection_val,authentic,-6.1354498863220215,0.00216007512062788,epoch_014,42,fixed_q96,jpeg,"{""cell_id"":""jpeg_q70"",""name"":""jpeg"",""output_format"":""JPEG"",""parameter"":70,""stochastic"":false}",sid_set,unknown,unknown,unknown
sid_set_195c71651006be97a405__matched_clean__fixed_q96__benchmark__jpeg_q50,sid_set_195c71651006be97a405,sid_set_195c71651006be97a405__matched_clean__fixed_q96,selection_val,authentic,-5.517179012298584,0.004001091234385967,epoch_014,42,fixed_q96,jpeg,"{""cell_id"":""jpeg_q50"",""name"":""jpeg"",""output_format"":""JPEG"",""parameter"":50,""stochastic"":false}",sid_set,unknown,unknown,unknown
sid_set_195c71651006be97a405__matched_clean__fixed_q96__benchmark__jpeg_q30,sid_set_195c71651006be97a405,sid_set_195c71651006be97a405__matched_clean__fixed_q96,selection_val,authentic,-5.6065354347229,0.0036603279877454042,epoch_014,42,fixed_q96,jpeg,"{""cell_id"":""jpeg_q30"",""name"":""jpeg"",""output_format"":""JPEG"",""parameter"":30,""stochastic"":false}",sid_set,unknown,unknown,unknown
sid_set_195c71651006be97a405__matched_clean__fixed_q96__benchmark__blur_sigma_0.5,sid_set_195c71651006be97a405,sid_set_195c71651006be97a405__matched_clean__fixed_q96,selection_val,authentic,-7.457825183868408,0.0005765768582932651,epoch_014,42,fixed_q96,blur,"{""cell_id"":""blur_sigma_0.5"",""name"":""blur"",""output_format"":""PNG"",""parameter"":0.5,""stochastic"":false}",sid_set,unknown,unknown,unknown
sid_set_195c71651006be97a405__matched_clean__fixed_q96__benchmark__blur_sigma_1.0,sid_set_195c71651006be97a405,sid_set_195c71651006be97a405__matched_clean__fixed_q96,selection_val,authentic,-6.605559825897217,0.0013509979471564293,epoch_014,42,fixed_q96,blur,"{""cell_id"":""blur_sigma_1.0"",""name"":""blur"",""output_format"":""PNG"",""parameter"":1.0,""stochastic"":false}",sid_set,unknown,unknown,unknown
sid_set_195c71651006be97a405__matched_clean__fixed_q96__benchmark__blur_sigma_2.0,sid_set_195c71651006be97a405,sid_set_195c71651006be97a405__matched_clean__fixed_q96,selection_val,authentic,-4.174221038818359,0.015153995715081692,epoch_014,42,fixed_q96,blur,"{""cell_id"":""blur_sigma_2.0"",""name"":""blur"",""output_format"":""PNG"",""parameter"":2.0,""stochastic"":false}",sid_set,unknown,unknown,unknown
sid_set_195c71651006be97a405__matched_clean__fixed_q96__benchmark__resize_scale_0.5,sid_set_195c71651006be97a405,sid_set_195c71651006be97a405__matched_clean__fixed_q96,selection_val,authentic,-4.748870849609375,0.008587093092501163,epoch_014,42,fixed_q96,resize,"{""cell_id"":""resize_scale_0.5"",""name"":""resize"",""output_format"":""PNG"",""parameter"":0.5,""stochastic"":false}",sid_set,unknown,unknown,unknown
sid_set_195c71651006be97a405__matched_clean__fixed_q96__benchmark__resize_scale_0.25,sid_set_195c71651006be97a405,sid_set_195c71651006be97a405__matched_clean__fixed_q96,selection_val,authentic,-3.838008403778076,0.021082410588860512,epoch_014,42,fixed_q96,resize,"{""cell_id"":""resize_scale_0.25"",""name"":""resize"",""output_format"":""PNG"",""parameter"":0.25,""stochastic"":false}",sid_set,unknown,unknown,unknown
sid_set_195c71651006be97a405__matched_clean__fixed_q96__benchmark__noise_sigma_0.02,sid_set_195c71651006be97a405,sid_set_195c71651006be97a405__matched_clean__fixed_q96,selection_val,authentic,-5.01431941986084,0.006598324049264193,epoch_014,42,fixed_q96,noise,"{""cell_id"":""noise_sigma_0.02"",""name"":""noise"",""output_format"":""PNG"",""parameter"":0.02,""stochastic"":true}",sid_set,unknown,unknown,unknown
sid_set_195c71651006be97a405__matched_clean__fixed_q96__benchmark__noise_sigma_0.05,sid_set_195c71651006be97a405,sid_set_195c71651006be97a405__matched_clean__fixed_q96,selection_val,authentic,-4.566137790679932,0.010291035287082195,epoch_014,42,fixed_q96,noise,"{""cell_id"":""noise_sigma_0.05"",""name"":""noise"",""output_format"":""PNG"",""parameter"":0.05,""stochastic"":true}",sid_set,unknown,unknown,unknown
sid_set_195c71651006be97a405__matched_clean__fixed_q96__benchmark__noise_sigma_0.1,sid_set_195c71651006be97a405,sid_set_195c71651006be97a405__matched_clean__fixed_q96,selection_val,authentic,-3.227293014526367,0.03815145790576935,epoch_014,42,fixed_q96,noise,"{""cell_id"":""noise_sigma_0.1"",""name"":""noise"",""output_format"":""PNG"",""parameter"":0.1,""stochastic"":true}",sid_set,unknown,unknown,unknown
sid_set_195c71651006be97a405__matched_clean__fixed_q96__benchmark__color_jitter_0.2,sid_set_195c71651006be97a405,sid_set_195c71651006be97a405__matched_clean__fixed_q96,selection_val,authentic,-7.091057777404785,0.0008318237378261983,epoch_014,42,fixed_q96,color_jitter,"{""cell_id"":""color_jitter_0.2"",""name"":""color_jitter"",""output_format"":""PNG"",""parameter"":0.2,""stochastic"":true}",sid_set,unknown,unknown,unknown
sid_set_195c71651006be97a405__matched_clean__fixed_q96__benchmark__center_crop_0.8,sid_set_195c71651006be97a405,sid_set_195c71651006be97a405__matched_clean__fixed_q96,selection_val,authentic,-6.842979907989502,0.0010657822713255882,epoch_014,42,fixed_q96,center_crop,"{""cell_id"":""center_crop_0.8"",""name"":""center_crop"",""output_format"":""PNG"",""parameter"":0.8,""stochastic"":false}",sid_set,unknown,unknown,unknown
sid_set_196d01b6dffc915898d9__matched_clean__fixed_q96__benchmark__jpeg_q90,sid_set_196d01b6dffc915898d9,sid_set_196d01b6dffc915898d9__matched_clean__fixed_q96,selection_val,ai_generated,9.502408027648926,0.9999253749847412,epoch_014,42,fixed_q96,jpeg,"{""cell_id"":""jpeg_q90"",""name"":""jpeg"",""output_format"":""JPEG"",""parameter"":90,""stochastic"":false}",sid_set,unknown,unknown,unknown
sid_set_196d01b6dffc915898d9__matched_clean__fixed_q96__benchmark__jpeg_q70,sid_set_196d01b6dffc915898d9,sid_set_196d01b6dffc915898d9__matched_clean__fixed_q96,selection_val,ai_generated,9.053839683532715,0.9998830556869507,epoch_014,42,fixed_q96,jpeg,"{""cell_id"":""jpeg_q70"",""name"":""jpeg"",""output_format"":""JPEG"",""parameter"":70,""stochastic"":false}",sid_set,unknown,unknown,unknown
sid_set_196d01b6dffc915898d9__matched_clean__fixed_q96__benchmark__jpeg_q50,sid_set_196d01b6dffc915898d9,sid_set_196d01b6dffc915898d9__matched_clean__fixed_q96,selection_val,ai_generated,8.588955879211426,0.9998138546943665,epoch_014,42,fixed_q96,jpeg,"{""cell_id"":""jpeg_q50"",""name"":""jpeg"",""output_format"":""JPEG"",""parameter"":50,""stochastic"":false}",sid_set,unknown,unknown,unknown
sid_set_196d01b6dffc915898d9__matched_clean__fixed_q96__benchmark__jpeg_q30,sid_set_196d01b6dffc915898d9,sid_set_196d01b6dffc915898d9__matched_clean__fixed_q96,selection_val,ai_generated,7.109708309173584,0.9991834759712219,epoch_014,42,fixed_q96,jpeg,"{""cell_id"":""jpeg_q30"",""name"":""jpeg"",""output_format"":""JPEG"",""parameter"":30,""stochastic"":false}",sid_set,unknown,unknown,unknown
sid_set_196d01b6dffc915898d9__matched_clean__fixed_q96__benchmark__blur_sigma_0.5,sid_set_196d01b6dffc915898d9,sid_set_196d01b6dffc915898d9__matched_clean__fixed_q96,selection_val,ai_generated,8.144353866577148,0.9997096657752991,epoch_014,42,fixed_q96,blur,"{""cell_id"":""blur_sigma_0.5"",""name"":""blur"",""output_format"":""PNG"",""parameter"":0.5,""stochastic"":false}",sid_set,unknown,unknown,unknown
sid_set_196d01b6dffc915898d9__matched_clean__fixed_q96__benchmark__blur_sigma_1.0,sid_set_196d01b6dffc915898d9,sid_set_196d01b6dffc915898d9__matched_clean__fixed_q96,selection_val,ai_generated,7.674319267272949,0.9995356798171997,epoch_014,42,fixed_q96,blur,"{""cell_id"":""blur_sigma_1.0"",""name"":""blur"",""output_format"":""PNG"",""parameter"":1.0,""stochastic"":false}",sid_set,unknown,unknown,unknown
sid_set_196d01b6dffc915898d9__matched_clean__fixed_q96__benchmark__blur_sigma_2.0,sid_set_196d01b6dffc915898d9,sid_set_196d01b6dffc915898d9__matched_clean__fixed_q96,selection_val,ai_generated,6.759562015533447,0.9988415837287903,epoch_014,42,fixed_q96,blur,"{""cell_id"":""blur_sigma_2.0"",""name"":""blur"",""output_format"":""PNG"",""parameter"":2.0,""stochastic"":false}",sid_set,unknown,unknown,unknown
sid_set_196d01b6dffc915898d9__matched_clean__fixed_q96__benchmark__resize_scale_0.5,sid_set_196d01b6dffc915898d9,sid_set_196d01b6dffc915898d9__matched_clean__fixed_q96,selection_val,ai_generated,7.459793567657471,0.9994245767593384,epoch_014,42,fixed_q96,resize,"{""cell_id"":""resize_scale_0.5"",""name"":""resize"",""output_format"":""PNG"",""parameter"":0.5,""stochastic"":false}",sid_set,unknown,unknown,unknown
sid_set_196d01b6dffc915898d9__matched_clean__fixed_q96__benchmark__resize_scale_0.25,sid_set_196d01b6dffc915898d9,sid_set_196d01b6dffc915898d9__matched_clean__fixed_q96,selection_val,ai_generated,5.5192551612854,0.9960071444511414,epoch_014,42,fixed_q96,resize,"{""cell_id"":""resize_scale_0.25"",""name"":""resize"",""output_format"":""PNG"",""parameter"":0.25,""stochastic"":false}",sid_set,unknown,unknown,unknown
sid_set_196d01b6dffc915898d9__matched_clean__fixed_q96__benchmark__noise_sigma_0.02,sid_set_196d01b6dffc915898d9,sid_set_196d01b6dffc915898d9__matched_clean__fixed_q96,selection_val,ai_generated,7.821764945983887,0.999599277973175,epoch_014,42,fixed_q96,noise,"{""cell_id"":""noise_sigma_0.02"",""name"":""noise"",""output_format"":""PNG"",""parameter"":0.02,""stochastic"":true}",sid_set,unknown,unknown,unknown
sid_set_196d01b6dffc915898d9__matched_clean__fixed_q96__benchmark__noise_sigma_0.05,sid_set_196d01b6dffc915898d9,sid_set_196d01b6dffc915898d9__matched_clean__fixed_q96,selection_val,ai_generated,6.857089042663574,0.9989491105079651,epoch_014,42,fixed_q96,noise,"{""cell_id"":""noise_sigma_0.05"",""name"":""noise"",""output_format"":""PNG"",""parameter"":0.05,""stochastic"":true}",sid_set,unknown,unknown,unknown
sid_set_196d01b6dffc915898d9__matched_clean__fixed_q96__benchmark__noise_sigma_0.1,sid_set_196d01b6dffc915898d9,sid_set_196d01b6dffc915898d9__matched_clean__fixed_q96,selection_val,ai_generated,6.20932674407959,0.9979934692382812,epoch_014,42,fixed_q96,noise,"{""cell_id"":""noise_sigma_0.1"",""name"":""noise"",""output_format"":""PNG"",""parameter"":0.1,""stochastic"":true}",sid_set,unknown,unknown,unknown
sid_set_196d01b6dffc915898d9__matched_clean__fixed_q96__benchmark__color_jitter_0.2,sid_set_196d01b6dffc915898d9,sid_set_196d01b6dffc915898d9__matched_clean__fixed_q96,selection_val,ai_generated,9.321714401245117,0.9999105930328369,epoch_014,42,fixed_q96,color_jitter,"{""cell_id"":""color_jitter_0.2"",""name"":""color_jitter"",""output_format"":""PNG"",""parameter"":0.2,""stochastic"":true}",sid_set,unknown,unknown,unknown
sid_set_196d01b6dffc915898d9__matched_clean__fixed_q96__benchmark__center_crop_0.8,sid_set_196d01b6dffc915898d9,sid_set_196d01b6dffc915898d9__matched_clean__fixed_q96,selection_val,ai_generated,9.351842880249023,0.999913215637207,epoch_014,42,fixed_q96,center_crop,"{""cell_id"":""center_crop_0.8"",""name"":""center_crop"",""output_format"":""PNG"",""parameter"":0.8,""stochastic"":false}",sid_set,unknown,unknown,unknown
sid_set_1973682d0c109619b4aa__matched_clean__fixed_q96__benchmark__jpeg_q90,sid_set_1973682d0c109619b4aa,sid_set_1973682d0c109619b4aa__matched_clean__fixed_q96,selection_val,ai_generated,10.11709976196289,0.9999595880508423,epoch_014,42,fixed_q96,jpeg,"{""cell_id"":""jpeg_q90"",""name"":""jpeg"",""output_format"":""JPEG"",""parameter"":90,""stochastic"":false}",sid_set,unknown,unknown,unknown
sid_set_1973682d0c109619b4aa__matched_clean__fixed_q96__benchmark__jpeg_q70,sid_set_1973682d0c109619b4aa,sid_set_1973682d0c109619b4aa__matched_clean__fixed_q96,selection_val,ai_generated,10.050736427307129,0.9999568462371826,epoch_014,42,fixed_q96,jpeg,"{""cell_id"":""jpeg_q70"",""name"":""jpeg"",""output_format"":""JPEG"",""parameter"":70,""stochastic"":false}",sid_set,unknown,unknown,unknown
sid_set_1973682d0c109619b4aa__matched_clean__fixed_q96__benchmark__jpeg_q50,sid_set_1973682d0c109619b4aa,sid_set_1973682d0c109619b4aa__matched_clean__fixed_q96,selection_val,ai_generated,10.3132905960083,0.9999668598175049,epoch_014,42,fixed_q96,jpeg,"{""cell_id"":""jpeg_q50"",""name"":""jpeg"",""output_format"":""JPEG"",""parameter"":50,""stochastic"":false}",sid_set,unknown,unknown,unknown
sid_set_1973682d0c109619b4aa__matched_clean__fixed_q96__benchmark__jpeg_q30,sid_set_1973682d0c109619b4aa,sid_set_1973682d0c109619b4aa__matched_clean__fixed_q96,selection_val,ai_generated,9.423151016235352,0.9999191761016846,epoch_014,42,fixed_q96,jpeg,"{""cell_id"":""jpeg_q30"",""name"":""jpeg"",""output_format"":""JPEG"",""parameter"":30,""stochastic"":false}",sid_set,unknown,unknown,unknown
sid_set_1973682d0c109619b4aa__matched_clean__fixed_q96__benchmark__blur_sigma_0.5,sid_set_1973682d0c109619b4aa,sid_set_1973682d0c109619b4aa__matched_clean__fixed_q96,selection_val,ai_generated,9.745647430419922,0.9999414682388306,epoch_014,42,fixed_q96,blur,"{""cell_id"":""blur_sigma_0.5"",""name"":""blur"",""output_format"":""PNG"",""parameter"":0.5,""stochastic"":false}",sid_set,unknown,unknown,unknown
sid_set_1973682d0c109619b4aa__matched_clean__fixed_q96__benchmark__blur_sigma_1.0,sid_set_1973682d0c109619b4aa,sid_set_1973682d0c109619b4aa__matched_clean__fixed_q96,selection_val,ai_generated,8.689208984375,0.9998315572738647,epoch_014,42,fixed_q96,blur,"{""cell_id"":""blur_sigma_1.0"",""name"":""blur"",""output_format"":""PNG"",""parameter"":1.0,""stochastic"":false}",sid_set,unknown,unknown,unknown
sid_set_1973682d0c109619b4aa__matched_clean__fixed_q96__benchmark__blur_sigma_2.0,sid_set_1973682d0c109619b4aa,sid_set_1973682d0c109619b4aa__matched_clean__fixed_q96,selection_val,ai_generated,7.025307655334473,0.9991117119789124,epoch_014,42,fixed_q96,blur,"{""cell_id"":""blur_sigma_2.0"",""name"":""blur"",""output_format"":""PNG"",""parameter"":2.0,""stochastic"":false}",sid_set,unknown,unknown,unknown
sid_set_1973682d0c109619b4aa__matched_clean__fixed_q96__benchmark__resize_scale_0.5,sid_set_1973682d0c109619b4aa,sid_set_1973682d0c109619b4aa__matched_clean__fixed_q96,selection_val,ai_generated,8.681171417236328,0.9998302459716797,epoch_014,42,fixed_q96,resize,"{""cell_id"":""resize_scale_0.5"",""name"":""resize"",""output_format"":""PNG"",""parameter"":0.5,""stochastic"":false}",sid_set,unknown,unknown,unknown
sid_set_1973682d0c109619b4aa__matched_clean__fixed_q96__benchmark__resize_scale_0.25,sid_set_1973682d0c109619b4aa,sid_set_1973682d0c109619b4aa__matched_clean__fixed_q96,selection_val,ai_generated,6.917468070983887,0.9990105628967285,epoch_014,42,fixed_q96,resize,"{""cell_id"":""resize_scale_0.25"",""name"":""resize"",""output_format"":""PNG"",""parameter"":0.25,""stochastic"":false}",sid_set,unknown,unknown,unknown
sid_set_1973682d0c109619b4aa__matched_clean__fixed_q96__benchmark__noise_sigma_0.02,sid_set_1973682d0c109619b4aa,sid_set_1973682d0c109619b4aa__matched_clean__fixed_q96,selection_val,ai_generated,9.117708206176758,0.9998903274536133,epoch_014,42,fixed_q96,noise,"{""cell_id"":""noise_sigma_0.02"",""name"":""noise"",""output_format"":""PNG"",""parameter"":0.02,""stochastic"":true}",sid_set,unknown,unknown,unknown
sid_set_1973682d0c109619b4aa__matched_clean__fixed_q96__benchmark__noise_sigma_0.05,sid_set_1973682d0c109619b4aa,sid_set_1973682d0c109619b4aa__matched_clean__fixed_q96,selection_val,ai_generated,8.342887878417969,0.9997619986534119,epoch_014,42,fixed_q96,noise,"{""cell_id"":""noise_sigma_0.05"",""name"":""noise"",""output_format"":""PNG"",""parameter"":0.05,""stochastic"":true}",sid_set,unknown,unknown,unknown
sid_set_1973682d0c109619b4aa__matched_clean__fixed_q96__benchmark__noise_sigma_0.1,sid_set_1973682d0c109619b4aa,sid_set_1973682d0c109619b4aa__matched_clean__fixed_q96,selection_val,ai_generated,7.033086776733398,0.9991186261177063,epoch_014,42,fixed_q96,noise,"{""cell_id"":""noise_sigma_0.1"",""name"":""noise"",""output_format"":""PNG"",""parameter"":0.1,""stochastic"":true}",sid_set,unknown,unknown,unknown
sid_set_1973682d0c109619b4aa__matched_clean__fixed_q96__benchmark__color_jitter_0.2,sid_set_1973682d0c109619b4aa,sid_set_1973682d0c109619b4aa__matched_clean__fixed_q96,selection_val,ai_generated,10.483946800231934,0.9999719858169556,epoch_014,42,fixed_q96,color_jitter,"{""cell_id"":""color_jitter_0.2"",""name"":""color_jitter"",""output_format"":""PNG"",""parameter"":0.2,""stochastic"":true}",sid_set,unknown,unknown,unknown
sid_set_1973682d0c109619b4aa__matched_clean__fixed_q96__benchmark__center_crop_0.8,sid_set_1973682d0c109619b4aa,sid_set_1973682d0c109619b4aa__matched_clean__fixed_q96,selection_val,ai_generated,9.978485107421875,0.9999536275863647,epoch_014,42,fixed_q96,center_crop,"{""cell_id"":""center_crop_0.8"",""name"":""center_crop"",""output_format"":""PNG"",""parameter"":0.8,""stochastic"":false}",sid_set,unknown,unknown,unknown
sid_set_198d1489659fc5890e6a__matched_clean__fixed_q96__benchmark__jpeg_q90,sid_set_198d1489659fc5890e6a,sid_set_198d1489659fc5890e6a__matched_clean__fixed_q96,selection_val,authentic,-5.384188652038574,0.00456760311499238,epoch_014,42,fixed_q96,jpeg,"{""cell_id"":""jpeg_q90"",""name"":""jpeg"",""output_format"":""JPEG"",""parameter"":90,""stochastic"":false}",sid_set,unknown,unknown,unknown
sid_set_198d1489659fc5890e6a__matched_clean__fixed_q96__benchmark__jpeg_q70,sid_set_198d1489659fc5890e6a,sid_set_198d1489659fc5890e6a__matched_clean__fixed_q96,selection_val,authentic,-4.782698631286621,0.008303840644657612,epoch_014,42,fixed_q96,jpeg,"{""cell_id"":""jpeg_q70"",""name"":""jpeg"",""output_format"":""JPEG"",""parameter"":70,""stochastic"":false}",sid_set,unknown,unknown,unknown
sid_set_198d1489659fc5890e6a__matched_clean__fixed_q96__benchmark__jpeg_q50,sid_set_198d1489659fc5890e6a,sid_set_198d1489659fc5890e6a__matched_clean__fixed_q96,selection_val,authentic,-5.473349571228027,0.0041796076111495495,epoch_014,42,fixed_q96,jpeg,"{""cell_id"":""jpeg_q50"",""name"":""jpeg"",""output_format"":""JPEG"",""parameter"":50,""stochastic"":false}",sid_set,unknown,unknown,unknown
sid_set_198d1489659fc5890e6a__matched_clean__fixed_q96__benchmark__jpeg_q30,sid_set_198d1489659fc5890e6a,sid_set_198d1489659fc5890e6a__matched_clean__fixed_q96,selection_val,authentic,-5.1396098136901855,0.005825836677104235,epoch_014,42,fixed_q96,jpeg,"{""cell_id"":""jpeg_q30"",""name"":""jpeg"",""output_format"":""JPEG"",""parameter"":30,""stochastic"":false}",sid_set,unknown,unknown,unknown
sid_set_198d1489659fc5890e6a__matched_clean__fixed_q96__benchmark__blur_sigma_0.5,sid_set_198d1489659fc5890e6a,sid_set_198d1489659fc5890e6a__matched_clean__fixed_q96,selection_val,authentic,-6.10923957824707,0.002217312576249242,epoch_014,42,fixed_q96,blur,"{""cell_id"":""blur_sigma_0.5"",""name"":""blur"",""output_format"":""PNG"",""parameter"":0.5,""stochastic"":false}",sid_set,unknown,unknown,unknown
sid_set_198d1489659fc5890e6a__matched_clean__fixed_q96__benchmark__blur_sigma_1.0,sid_set_198d1489659fc5890e6a,sid_set_198d1489659fc5890e6a__matched_clean__fixed_q96,selection_val,authentic,-5.47488260269165,0.004173231776803732,epoch_014,42,fixed_q96,blur,"{""cell_id"":""blur_sigma_1.0"",""name"":""blur"",""output_format"":""PNG"",""parameter"":1.0,""stochastic"":false}",sid_set,unknown,unknown,unknown
sid_set_198d1489659fc5890e6a__matched_clean__fixed_q96__benchmark__blur_sigma_2.0,sid_set_198d1489659fc5890e6a,sid_set_198d1489659fc5890e6a__matched_clean__fixed_q96,selection_val,authentic,-4.09619665145874,0.016363603994250298,epoch_014,42,fixed_q96,blur,"{""cell_id"":""blur_sigma_2.0"",""name"":""blur"",""output_format"":""PNG"",""parameter"":2.0,""stochastic"":false}",sid_set,unknown,unknown,unknown
sid_set_198d1489659fc5890e6a__matched_clean__fixed_q96__benchmark__resize_scale_0.5,sid_set_198d1489659fc5890e6a,sid_set_198d1489659fc5890e6a__matched_clean__fixed_q96,selection_val,authentic,-4.919795036315918,0.007247714325785637,epoch_014,42,fixed_q96,resize,"{""cell_id"":""resize_scale_0.5"",""name"":""resize"",""output_format"":""PNG"",""parameter"":0.5,""stochastic"":false}",sid_set,unknown,unknown,unknown
sid_set_198d1489659fc5890e6a__matched_clean__fixed_q96__benchmark__resize_scale_0.25,sid_set_198d1489659fc5890e6a,sid_set_198d1489659fc5890e6a__matched_clean__fixed_q96,selection_val,authentic,-4.09696626663208,0.01635122112929821,epoch_014,42,fixed_q96,resize,"{""cell_id"":""resize_scale_0.25"",""name"":""resize"",""output_format"":""PNG"",""parameter"":0.25,""stochastic"":false}",sid_set,unknown,unknown,unknown
sid_set_198d1489659fc5890e6a__matched_clean__fixed_q96__benchmark__noise_sigma_0.02,sid_set_198d1489659fc5890e6a,sid_set_198d1489659fc5890e6a__matched_clean__fixed_q96,selection_val,authentic,-4.415733337402344,0.011941368691623211,epoch_014,42,fixed_q96,noise,"{""cell_id"":""noise_sigma_0.02"",""name"":""noise"",""output_format"":""PNG"",""parameter"":0.02,""stochastic"":true}",sid_set,unknown,unknown,unknown
sid_set_198d1489659fc5890e6a__matched_clean__fixed_q96__benchmark__noise_sigma_0.05,sid_set_198d1489659fc5890e6a,sid_set_198d1489659fc5890e6a__matched_clean__fixed_q96,selection_val,authentic,-4.453084945678711,0.011508604511618614,epoch_014,42,fixed_q96,noise,"{""cell_id"":""noise_sigma_0.05"",""name"":""noise"",""output_format"":""PNG"",""parameter"":0.05,""stochastic"":true}",sid_set,unknown,unknown,unknown
sid_set_198d1489659fc5890e6a__matched_clean__fixed_q96__benchmark__noise_sigma_0.1,sid_set_198d1489659fc5890e6a,sid_set_198d1489659fc5890e6a__matched_clean__fixed_q96,selection_val,authentic,-2.847431182861328,0.054814256727695465,epoch_014,42,fixed_q96,noise,"{""cell_id"":""noise_sigma_0.1"",""name"":""noise"",""output_format"":""PNG"",""parameter"":0.1,""stochastic"":true}",sid_set,unknown,unknown,unknown
sid_set_198d1489659fc5890e6a__matched_clean__fixed_q96__benchmark__color_jitter_0.2,sid_set_198d1489659fc5890e6a,sid_set_198d1489659fc5890e6a__matched_clean__fixed_q96,selection_val,authentic,-4.831655025482178,0.007910243235528469,epoch_014,42,fixed_q96,color_jitter,"{""cell_id"":""color_jitter_0.2"",""name"":""color_jitter"",""output_format"":""PNG"",""parameter"":0.2,""stochastic"":true}",sid_set,unknown,unknown,unknown
sid_set_198d1489659fc5890e6a__matched_clean__fixed_q96__benchmark__center_crop_0.8,sid_set_198d1489659fc5890e6a,sid_set_198d1489659fc5890e6a__matched_clean__fixed_q96,selection_val,authentic,-5.836829662322998,0.002909588860347867,epoch_014,42,fixed_q96,center_crop,"{""cell_id"":""center_crop_0.8"",""name"":""center_crop"",""output_format"":""PNG"",""parameter"":0.8,""stochastic"":false}",sid_set,unknown,unknown,unknown
sid_set_19f344787af0ae8ba553__matched_clean__fixed_q96__benchmark__jpeg_q90,sid_set_19f344787af0ae8ba553,sid_set_19f344787af0ae8ba553__matched_clean__fixed_q96,selection_val,authentic,-3.9732275009155273,0.018465237691998482,epoch_014,42,fixed_q96,jpeg,"{""cell_id"":""jpeg_q90"",""name"":""jpeg"",""output_format"":""JPEG"",""parameter"":90,""stochastic"":false}",sid_set,unknown,unknown,unknown
sid_set_19f344787af0ae8ba553__matched_clean__fixed_q96__benchmark__jpeg_q70,sid_set_19f344787af0ae8ba553,sid_set_19f344787af0ae8ba553__matched_clean__fixed_q96,selection_val,authentic,-3.0529918670654297,0.04508848115801811,epoch_014,42,fixed_q96,jpeg,"{""cell_id"":""jpeg_q70"",""name"":""jpeg"",""output_format"":""JPEG"",""parameter"":70,""stochastic"":false}",sid_set,unknown,unknown,unknown
sid_set_19f344787af0ae8ba553__matched_clean__fixed_q96__benchmark__jpeg_q50,sid_set_19f344787af0ae8ba553,sid_set_19f344787af0ae8ba553__matched_clean__fixed_q96,selection_val,authentic,-2.4262654781341553,0.08119162172079086,epoch_014,42,fixed_q96,jpeg,"{""cell_id"":""jpeg_q50"",""name"":""jpeg"",""output_format"":""JPEG"",""parameter"":50,""stochastic"":false}",sid_set,unknown,unknown,unknown
sid_set_19f344787af0ae8ba553__matched_clean__fixed_q96__benchmark__jpeg_q30,sid_set_19f344787af0ae8ba553,sid_set_19f344787af0ae8ba553__matched_clean__fixed_q96,selection_val,authentic,-2.70224928855896,0.06284075975418091,epoch_014,42,fixed_q96,jpeg,"{""cell_id"":""jpeg_q30"",""name"":""jpeg"",""output_format"":""JPEG"",""parameter"":30,""stochastic"":false}",sid_set,unknown,unknown,unknown
sid_set_19f344787af0ae8ba553__matched_clean__fixed_q96__benchmark__blur_sigma_0.5,sid_set_19f344787af0ae8ba553,sid_set_19f344787af0ae8ba553__matched_clean__fixed_q96,selection_val,authentic,-4.8291168212890625,0.00793018750846386,epoch_014,42,fixed_q96,blur,"{""cell_id"":""blur_sigma_0.5"",""name"":""blur"",""output_format"":""PNG"",""parameter"":0.5,""stochastic"":false}",sid_set,unknown,unknown,unknown
sid_set_19f344787af0ae8ba553__matched_clean__fixed_q96__benchmark__blur_sigma_1.0,sid_set_19f344787af0ae8ba553,sid_set_19f344787af0ae8ba553__matched_clean__fixed_q96,selection_val,authentic,-5.429012298583984,0.0043682618997991085,epoch_014,42,fixed_q96,blur,"{""cell_id"":""blur_sigma_1.0"",""name"":""blur"",""output_format"":""PNG"",""parameter"":1.0,""stochastic"":false}",sid_set,unknown,unknown,unknown
sid_set_19f344787af0ae8ba553__matched_clean__fixed_q96__benchmark__blur_sigma_2.0,sid_set_19f344787af0ae8ba553,sid_set_19f344787af0ae8ba553__matched_clean__fixed_q96,selection_val,authentic,-3.5772387981414795,0.02719266340136528,epoch_014,42,fixed_q96,blur,"{""cell_id"":""blur_sigma_2.0"",""name"":""blur"",""output_format"":""PNG"",""parameter"":2.0,""stochastic"":false}",sid_set,unknown,unknown,unknown
sid_set_19f344787af0ae8ba553__matched_clean__fixed_q96__benchmark__resize_scale_0.5,sid_set_19f344787af0ae8ba553,sid_set_19f344787af0ae8ba553__matched_clean__fixed_q96,selection_val,authentic,-3.816683769226074,0.021527031436562538,epoch_014,42,fixed_q96,resize,"{""cell_id"":""resize_scale_0.5"",""name"":""resize"",""output_format"":""PNG"",""parameter"":0.5,""stochastic"":false}",sid_set,unknown,unknown,unknown
sid_set_19f344787af0ae8ba553__matched_clean__fixed_q96__benchmark__resize_scale_0.25,sid_set_19f344787af0ae8ba553,sid_set_19f344787af0ae8ba553__matched_clean__fixed_q96,selection_val,authentic,-4.077365875244141,0.01666947826743126,epoch_014,42,fixed_q96,resize,"{""cell_id"":""resize_scale_0.25"",""name"":""resize"",""output_format"":""PNG"",""parameter"":0.25,""stochastic"":false}",sid_set,unknown,unknown,unknown
sid_set_19f344787af0ae8ba553__matched_clean__fixed_q96__benchmark__noise_sigma_0.02,sid_set_19f344787af0ae8ba553,sid_set_19f344787af0ae8ba553__matched_clean__fixed_q96,selection_val,authentic,-3.084821939468384,0.04373769462108612,epoch_014,42,fixed_q96,noise,"{""cell_id"":""noise_sigma_0.02"",""name"":""noise"",""output_format"":""PNG"",""parameter"":0.02,""stochastic"":true}",sid_set,unknown,unknown,unknown
sid_set_19f344787af0ae8ba553__matched_clean__fixed_q96__benchmark__noise_sigma_0.05,sid_set_19f344787af0ae8ba553,sid_set_19f344787af0ae8ba553__matched_clean__fixed_q96,selection_val,authentic,-3.9697821140289307,0.018527787178754807,epoch_014,42,fixed_q96,noise,"{""cell_id"":""noise_sigma_0.05"",""name"":""noise"",""output_format"":""PNG"",""parameter"":0.05,""stochastic"":true}",sid_set,unknown,unknown,unknown
sid_set_19f344787af0ae8ba553__matched_clean__fixed_q96__benchmark__noise_sigma_0.1,sid_set_19f344787af0ae8ba553,sid_set_19f344787af0ae8ba553__matched_clean__fixed_q96,selection_val,authentic,-3.5551156997680664,0.027784055098891258,epoch_014,42,fixed_q96,noise,"{""cell_id"":""noise_sigma_0.1"",""name"":""noise"",""output_format"":""PNG"",""parameter"":0.1,""stochastic"":true}",sid_set,unknown,unknown,unknown
sid_set_19f344787af0ae8ba553__matched_clean__fixed_q96__benchmark__color_jitter_0.2,sid_set_19f344787af0ae8ba553,sid_set_19f344787af0ae8ba553__matched_clean__fixed_q96,selection_val,authentic,-4.025643348693848,0.017538834363222122,epoch_014,42,fixed_q96,color_jitter,"{""cell_id"":""color_jitter_0.2"",""name"":""color_jitter"",""output_format"":""PNG"",""parameter"":0.2,""stochastic"":true}",sid_set,unknown,unknown,unknown
sid_set_19f344787af0ae8ba553__matched_clean__fixed_q96__benchmark__center_crop_0.8,sid_set_19f344787af0ae8ba553,sid_set_19f344787af0ae8ba553__matched_clean__fixed_q96,selection_val,authentic,-4.462364196777344,0.011403519660234451,epoch_014,42,fixed_q96,center_crop,"{""cell_id"":""center_crop_0.8"",""name"":""center_crop"",""output_format"":""PNG"",""parameter"":0.8,""stochastic"":false}",sid_set,unknown,unknown,unknown
